# ************************************************************
# Sequel Pro SQL dump
# Version 4135
#
# http://www.sequelpro.com/
# http://code.google.com/p/sequel-pro/
#
# Host: 127.0.0.1 (MySQL 5.5.34)
# Database: db_jpos2013
# Generation Time: 2557-09-26 13:46:23 +0000
# ************************************************************


/*!40101 SET @OLD_CHARACTER_SET_CLIENT=@@CHARACTER_SET_CLIENT */;
/*!40101 SET @OLD_CHARACTER_SET_RESULTS=@@CHARACTER_SET_RESULTS */;
/*!40101 SET @OLD_COLLATION_CONNECTION=@@COLLATION_CONNECTION */;
/*!40101 SET NAMES utf8 */;
/*!40014 SET @OLD_FOREIGN_KEY_CHECKS=@@FOREIGN_KEY_CHECKS, FOREIGN_KEY_CHECKS=0 */;
/*!40101 SET @OLD_SQL_MODE=@@SQL_MODE, SQL_MODE='NO_AUTO_VALUE_ON_ZERO' */;
/*!40111 SET @OLD_SQL_NOTES=@@SQL_NOTES, SQL_NOTES=0 */;


# Dump of table drawcash_logs
# ------------------------------------------------------------

DROP TABLE IF EXISTS `drawcash_logs`;

CREATE TABLE `drawcash_logs` (
  `id` int(11) NOT NULL AUTO_INCREMENT,
  `draw_date` datetime DEFAULT NULL,
  `draw_price` double NOT NULL DEFAULT '0',
  PRIMARY KEY (`id`)
) ENGINE=InnoDB DEFAULT CHARSET=utf8;

LOCK TABLES `drawcash_logs` WRITE;
/*!40000 ALTER TABLE `drawcash_logs` DISABLE KEYS */;

INSERT INTO `drawcash_logs` (`id`, `draw_date`, `draw_price`)
VALUES
	(4,'2014-09-26 20:44:42',5000);

/*!40000 ALTER TABLE `drawcash_logs` ENABLE KEYS */;
UNLOCK TABLES;


# Dump of table product_prices
# ------------------------------------------------------------

DROP TABLE IF EXISTS `product_prices`;

CREATE TABLE `product_prices` (
  `order_field` int(2) NOT NULL,
  `product_barcode` varchar(20) NOT NULL,
  `qty` int(5) NOT NULL DEFAULT '0',
  `price` double NOT NULL DEFAULT '0',
  `price_send` double NOT NULL DEFAULT '0',
  `qty_end` int(5) NOT NULL DEFAULT '0'
) ENGINE=InnoDB DEFAULT CHARSET=utf8;

LOCK TABLES `product_prices` WRITE;
/*!40000 ALTER TABLE `product_prices` DISABLE KEYS */;

INSERT INTO `product_prices` (`order_field`, `product_barcode`, `qty`, `price`, `price_send`, `qty_end`)
VALUES
	(1,'8850188251105',1,10,8,9),
	(2,'8850188251105',10,9.5,7.5,19),
	(3,'8850188251105',20,9,7,39),
	(4,'8850188251105',40,8.8,6.7,1000);

/*!40000 ALTER TABLE `product_prices` ENABLE KEYS */;
UNLOCK TABLES;


# Dump of table quotation_details
# ------------------------------------------------------------

DROP TABLE IF EXISTS `quotation_details`;

CREATE TABLE `quotation_details` (
  `id` int(11) NOT NULL AUTO_INCREMENT,
  `quotation_id` int(11) NOT NULL,
  `barcode` varchar(255) NOT NULL,
  `old_price` float NOT NULL,
  `qty` int(5) NOT NULL,
  `sub` int(11) NOT NULL,
  `sale_price` float NOT NULL,
  PRIMARY KEY (`id`)
) ENGINE=InnoDB DEFAULT CHARSET=utf8;



# Dump of table quotations
# ------------------------------------------------------------

DROP TABLE IF EXISTS `quotations`;

CREATE TABLE `quotations` (
  `id` int(11) NOT NULL AUTO_INCREMENT,
  `customer_name` varchar(255) NOT NULL,
  `customer_address` varchar(1000) NOT NULL,
  `customer_tel` varchar(50) DEFAULT NULL,
  `customer_fax` varchar(50) DEFAULT NULL,
  `customer_tax` varchar(13) DEFAULT NULL,
  `quotation_day` int(3) NOT NULL,
  `quotation_send_day` int(3) NOT NULL,
  `quotation_pay` enum('cash','credit') NOT NULL,
  `created_at` datetime NOT NULL,
  `user_id` int(11) NOT NULL,
  `vat` int(2) NOT NULL,
  PRIMARY KEY (`id`)
) ENGINE=InnoDB DEFAULT CHARSET=utf8;



# Dump of table tb_alert
# ------------------------------------------------------------

DROP TABLE IF EXISTS `tb_alert`;

CREATE TABLE `tb_alert` (
  `alert_id` int(11) NOT NULL,
  `alert_topic` varchar(255) DEFAULT NULL,
  `alert_day` date DEFAULT NULL,
  `alert_detail` text,
  `alert_created_date` datetime DEFAULT NULL,
  `alert_status` enum('wait','do','complete') DEFAULT NULL,
  `user_id` int(11) DEFAULT NULL,
  `branch_id` int(11) DEFAULT NULL,
  PRIMARY KEY (`alert_id`)
) ENGINE=InnoDB DEFAULT CHARSET=utf8;



# Dump of table tb_ar
# ------------------------------------------------------------

DROP TABLE IF EXISTS `tb_ar`;

CREATE TABLE `tb_ar` (
  `ar_id` int(11) NOT NULL AUTO_INCREMENT,
  `member_id` int(11) NOT NULL,
  `bill_sale_id` int(11) DEFAULT NULL,
  `ar_will_pay_date` date DEFAULT NULL,
  `ar_pay_date` datetime DEFAULT NULL,
  `ar_status` enum('wait','pay','cancel') COLLATE utf8_unicode_ci NOT NULL,
  PRIMARY KEY (`ar_id`)
) ENGINE=MyISAM DEFAULT CHARSET=utf8 COLLATE=utf8_unicode_ci;

LOCK TABLES `tb_ar` WRITE;
/*!40000 ALTER TABLE `tb_ar` DISABLE KEYS */;

INSERT INTO `tb_ar` (`ar_id`, `member_id`, `bill_sale_id`, `ar_will_pay_date`, `ar_pay_date`, `ar_status`)
VALUES
	(2,2,18,'0000-00-00',NULL,'wait'),
	(3,1,19,'2006-01-01','2011-06-12 04:26:10','pay'),
	(4,1,20,'2006-01-01',NULL,'wait'),
	(6,2,21,'2006-01-01',NULL,'wait'),
	(7,2,24,'2006-08-01',NULL,'wait'),
	(8,5,620,NULL,'2012-04-01 08:51:56','pay'),
	(9,8,621,NULL,'2012-04-01 09:00:45','pay'),
	(10,7,622,NULL,NULL,'cancel'),
	(11,7,623,NULL,NULL,'cancel'),
	(12,5,624,NULL,'2012-04-01 08:51:56','pay'),
	(13,15,626,NULL,NULL,'cancel'),
	(14,15,627,NULL,NULL,'cancel'),
	(15,9,628,NULL,NULL,'cancel'),
	(16,9,629,NULL,NULL,'wait'),
	(17,4,637,'2555-01-15',NULL,'wait'),
	(18,5,674,NULL,'2012-04-01 08:51:56','pay'),
	(19,6,686,'2555-03-31','2012-04-09 09:10:09','pay'),
	(20,7,687,'2555-03-31',NULL,'wait'),
	(21,17,691,'2555-03-31',NULL,'wait'),
	(22,8,697,'2555-03-31','2012-04-01 08:56:25','pay'),
	(23,9,710,'2555-03-31',NULL,'wait'),
	(24,25,714,'2555-03-31',NULL,'wait'),
	(25,15,720,'2555-03-31',NULL,'wait'),
	(27,13,724,'2555-03-31',NULL,'wait'),
	(28,22,725,NULL,NULL,'wait'),
	(29,25,726,NULL,NULL,'wait'),
	(30,15,727,'2555-03-31',NULL,'wait'),
	(31,5,728,'2555-03-31','2012-04-01 08:51:56','pay'),
	(32,26,729,NULL,NULL,'wait'),
	(33,14,731,'2555-03-31',NULL,'wait'),
	(34,14,732,'2555-03-31',NULL,'wait'),
	(35,14,735,'2555-03-31',NULL,'wait'),
	(36,13,736,'2555-03-31',NULL,'wait'),
	(37,36,738,'2555-03-31','2012-04-09 09:10:21','pay'),
	(38,19,747,'2555-03-31',NULL,'wait');

/*!40000 ALTER TABLE `tb_ar` ENABLE KEYS */;
UNLOCK TABLES;


# Dump of table tb_bill_config
# ------------------------------------------------------------

DROP TABLE IF EXISTS `tb_bill_config`;

CREATE TABLE `tb_bill_config` (
  `id` int(11) NOT NULL AUTO_INCREMENT,
  `slip_width` int(4) NOT NULL,
  `slip_height` int(4) NOT NULL,
  `bill_send_product_width` int(4) NOT NULL,
  `bill_send_product_height` int(4) NOT NULL,
  `bill_add_tax_width` int(4) NOT NULL,
  `bill_add_tax_height` int(4) NOT NULL,
  `bill_drop_width` int(5) NOT NULL,
  `bill_drop_height` int(5) NOT NULL,
  `slip_paper` varchar(10) NOT NULL,
  `slip_position` varchar(10) NOT NULL,
  `bill_send_product_paper` varchar(10) NOT NULL,
  `bill_send_product_position` varchar(10) NOT NULL,
  `bill_drop_paper` varchar(10) NOT NULL,
  `bill_drop_position` varchar(10) NOT NULL,
  `bill_add_tax_paper` varchar(10) NOT NULL,
  `bill_add_tax_position` varchar(10) NOT NULL,
  PRIMARY KEY (`id`)
) ENGINE=InnoDB DEFAULT CHARSET=latin1;

LOCK TABLES `tb_bill_config` WRITE;
/*!40000 ALTER TABLE `tb_bill_config` DISABLE KEYS */;

INSERT INTO `tb_bill_config` (`id`, `slip_width`, `slip_height`, `bill_send_product_width`, `bill_send_product_height`, `bill_add_tax_width`, `bill_add_tax_height`, `bill_drop_width`, `bill_drop_height`, `slip_paper`, `slip_position`, `bill_send_product_paper`, `bill_send_product_position`, `bill_drop_paper`, `bill_drop_position`, `bill_add_tax_paper`, `bill_add_tax_position`)
VALUES
	(1,70,100,0,0,0,0,0,0,'A4','vertical','A4','horizontal','A4','horizontal','A4','vertical');

/*!40000 ALTER TABLE `tb_bill_config` ENABLE KEYS */;
UNLOCK TABLES;


# Dump of table tb_bill_import
# ------------------------------------------------------------

DROP TABLE IF EXISTS `tb_bill_import`;

CREATE TABLE `tb_bill_import` (
  `bill_import_code` varchar(255) COLLATE utf8_unicode_ci NOT NULL,
  `bill_import_created_date` datetime NOT NULL,
  `farmer_id` int(11) NOT NULL,
  `bill_import_pay` enum('cash','credit') COLLATE utf8_unicode_ci NOT NULL,
  `bill_import_remark` varchar(1000) COLLATE utf8_unicode_ci NOT NULL,
  `bill_import_pay_status` enum('pay','wait') COLLATE utf8_unicode_ci NOT NULL,
  `bill_import_pay_date` datetime DEFAULT NULL,
  `branch_id` int(11) DEFAULT NULL,
  `from_branch_id` int(11) NOT NULL DEFAULT '1',
  PRIMARY KEY (`bill_import_code`)
) ENGINE=MyISAM DEFAULT CHARSET=utf8 COLLATE=utf8_unicode_ci;

LOCK TABLES `tb_bill_import` WRITE;
/*!40000 ALTER TABLE `tb_bill_import` DISABLE KEYS */;

INSERT INTO `tb_bill_import` (`bill_import_code`, `bill_import_created_date`, `farmer_id`, `bill_import_pay`, `bill_import_remark`, `bill_import_pay_status`, `bill_import_pay_date`, `branch_id`, `from_branch_id`)
VALUES
	('075408140019','2011-08-17 14:58:00',5,'cash','','pay','0000-00-00 00:00:00',1,1),
	('DO540813-0004','2011-08-17 16:16:28',5,'cash','','pay','0000-00-00 00:00:00',1,1),
	('1411461599','2011-08-18 15:10:11',5,'cash','','pay','0000-00-00 00:00:00',1,1),
	('14111461599','2011-08-18 15:13:03',5,'cash','','pay','0000-00-00 00:00:00',1,1),
	('09c340101700951','2011-08-18 15:42:48',5,'cash','','pay','0000-00-00 00:00:00',1,1),
	('141114661599','2011-08-18 16:23:29',5,'cash','','pay','0000-00-00 00:00:00',1,1),
	('141116159','2011-08-18 16:28:08',5,'cash','','pay','0000-00-00 00:00:00',1,1),
	('DO540814-0028','2011-08-18 23:17:44',5,'cash','','pay','0000-00-00 00:00:00',1,1),
	('07540814-0019','2011-08-19 01:05:49',5,'cash','','pay','0000-00-00 00:00:00',1,1),
	('235091','2011-08-21 13:19:36',5,'cash','','pay','0000-00-00 00:00:00',1,1),
	('235226','2011-08-21 13:26:58',5,'cash','','pay','0000-00-00 00:00:00',1,1),
	('8850382130008','2011-08-21 13:37:30',5,'cash','','pay','0000-00-00 00:00:00',1,1),
	('1441465346','2011-08-21 13:48:22',5,'cash','','pay','0000-00-00 00:00:00',1,1),
	('14141465346','2011-08-21 13:51:36',5,'cash','','pay','0000-00-00 00:00:00',1,1),
	('b11','2012-03-18 16:00:03',4,'cash','','pay','2012-04-01 08:53:41',1,1),
	('B12','2012-04-25 08:47:46',6,'cash','','pay','0000-00-00 00:00:00',1,1),
	('B13','2012-05-01 12:46:43',6,'cash','','pay','0000-00-00 00:00:00',1,1),
	('B14','2012-05-16 14:53:16',6,'cash','','pay','0000-00-00 00:00:00',1,1),
	('B15','2012-05-24 12:07:43',4,'cash','','pay','0000-00-00 00:00:00',1,1),
	('B16','2012-05-28 07:28:26',6,'cash','','pay','0000-00-00 00:00:00',1,1),
	('B17','2012-06-18 08:04:41',4,'cash','','pay','0000-00-00 00:00:00',1,1),
	('B18','2012-06-22 08:46:25',6,'cash','','pay','0000-00-00 00:00:00',1,1),
	('B19','2012-06-28 08:48:31',4,'cash','','pay','0000-00-00 00:00:00',1,1),
	('B20','2012-07-03 08:06:02',6,'cash','','pay','0000-00-00 00:00:00',1,1),
	('B21','2012-08-02 00:00:00',4,'cash','','pay','0000-00-00 00:00:00',1,1),
	('b22','2012-08-12 00:00:00',4,'credit','','wait','0000-00-00 00:00:00',1,1),
	('b23','2012-08-22 00:00:00',4,'credit','','wait','0000-00-00 00:00:00',1,1),
	('b24','2012-08-25 00:00:00',4,'credit','','wait','0000-00-00 00:00:00',1,1),
	('10011','2013-12-21 00:00:00',5,'cash','','pay','2013-12-21 00:00:00',1,1),
	('101','2014-05-21 00:00:00',5,'cash','','wait','2014-05-21 00:00:00',1,1);

/*!40000 ALTER TABLE `tb_bill_import` ENABLE KEYS */;
UNLOCK TABLES;


# Dump of table tb_bill_import_detail
# ------------------------------------------------------------

DROP TABLE IF EXISTS `tb_bill_import_detail`;

CREATE TABLE `tb_bill_import_detail` (
  `bill_import_detail_id` int(11) NOT NULL AUTO_INCREMENT,
  `bill_import_code` varchar(255) COLLATE utf8_unicode_ci NOT NULL,
  `product_id` int(11) NOT NULL,
  `box_id` int(11) NOT NULL,
  `import_bill_detail_product_qty` int(5) NOT NULL,
  `import_bill_detail_price` float NOT NULL,
  `import_bill_detail_qty` int(5) NOT NULL,
  PRIMARY KEY (`bill_import_detail_id`)
) ENGINE=MyISAM DEFAULT CHARSET=utf8 COLLATE=utf8_unicode_ci;

LOCK TABLES `tb_bill_import_detail` WRITE;
/*!40000 ALTER TABLE `tb_bill_import_detail` DISABLE KEYS */;

INSERT INTO `tb_bill_import_detail` (`bill_import_detail_id`, `bill_import_code`, `product_id`, `box_id`, `import_bill_detail_product_qty`, `import_bill_detail_price`, `import_bill_detail_qty`)
VALUES
	(1,'07540814-0019',59,0,1,0,0),
	(2,'07540814-0019',57,0,1,0,0),
	(3,'07540814-0019',59,0,4,0,0),
	(4,'07540814-0019',61,0,4,0,0),
	(5,'07540814-0019',59,0,2,0,0),
	(6,'07540814-0019',58,0,4,0,0),
	(7,'07540814-0019',68,0,6,91,0),
	(8,'07540814-0019',67,0,1,91,0),
	(9,'07540814-0019',76,0,5,34.5,0),
	(10,'07540814-0019',82,0,4,89,0),
	(11,'07540814-0019',75,0,6,138,0),
	(12,'07540814-0019',73,0,6,138,0),
	(13,'07540814-0019',83,0,1,89,0),
	(14,'07540814-0019',65,0,3,0,0),
	(15,'07540814-0019',74,0,5,138,0),
	(16,'07540814-0019',78,0,1,0,0),
	(17,'07540814-0019',79,0,1,60,0),
	(18,'07540814-0019',72,0,6,0,0),
	(19,'07540814-0019',70,0,5,0,0),
	(20,'07540814-0019',71,0,1,0,0),
	(21,'07540814-0019',81,0,6,0,0),
	(22,'07540814-0019',57,0,3,0,0),
	(23,'07540814-0019',63,0,4,0,0),
	(24,'07540814-0019',55,0,6,36,0),
	(25,'07540814-0019',56,0,8,37.5,0),
	(26,'07540814-0019',55,0,6,36,0),
	(27,'07540814-0019',59,0,1,0,0),
	(28,'07540814-0019',62,0,3,0,0),
	(29,'07540814-0019',62,0,3,0,0),
	(30,'07540814-0019',61,0,4,0,0),
	(31,'07540814-0019',60,0,2,0,0),
	(32,'07540814-0019',80,0,1,60,0),
	(33,'07540814-0019',82,0,1,89,0),
	(34,'07540814-0019',76,0,1,34.5,0),
	(35,'07540814-0019',66,0,1,87,0),
	(36,'07540814-0019',80,0,1,60,0),
	(37,'07540814-0019',77,0,1,76,0),
	(38,'07540814-0019',160,0,11,127,0),
	(39,'07540814-0019',170,0,11,113,0),
	(40,'07540814-0019',171,0,3,0,0),
	(41,'07540814-0019',173,0,11,0,0),
	(42,'07540814-0019',175,0,4,0,0),
	(43,'07540814-0019',60,0,6,0,0),
	(44,'07540814-0019',175,0,1,0,0),
	(45,'07540814-0019',192,0,1,64,0),
	(46,'07540814-0019',169,0,13,185,0),
	(47,'07540814-0019',166,0,12,237,0),
	(48,'07540814-0019',165,0,12,348,0),
	(49,'07540814-0019',167,0,6,109,0),
	(50,'07540814-0019',164,0,6,106,0),
	(51,'07540814-0019',171,0,5,0,0),
	(52,'07540814-0019',24,0,6,0,0),
	(53,'07540814-0019',176,0,2,0,0),
	(54,'07540814-0019',63,0,4,0,0),
	(55,'07540814-0019',166,0,12,237,0),
	(56,'07540814-0019',62,0,6,0,0),
	(57,'07540814-0019',172,0,12,111,0),
	(58,'07540814-0019',174,0,1,0,0),
	(59,'07540814-0019',173,0,1,0,0),
	(60,'07540814-0019',178,0,1,0,0),
	(61,'07540814-0019',170,0,1,113,0),
	(62,'07540814-0019',161,0,12,0,0),
	(63,'07540814-0019',162,0,11,92,0),
	(64,'07540814-0019',159,0,10,92,0),
	(65,'07540814-0019',156,0,13,101,0),
	(66,'07540814-0019',158,0,6,0,0),
	(67,'07540814-0019',79,0,2,60,0),
	(68,'07540814-0019',82,0,1,89,0),
	(69,'07540814-0019',74,0,1,138,0),
	(70,'07540814-0019',80,0,1,60,0),
	(71,'07540814-0019',159,0,1,92,0),
	(72,'07540814-0019',159,0,1,92,0),
	(73,'07540814-0019',162,0,1,92,0),
	(74,'07540814-0019',160,0,1,127,0),
	(75,'07540814-0019',58,0,4,0,0),
	(76,'07540814-0019',38,0,12,120,0),
	(77,'07540814-0019',194,0,1,102,0),
	(78,'07540814-0019',157,0,12,0,0),
	(79,'07540814-0019',176,0,2,0,0),
	(80,'07540814-0019',203,0,1,220,0),
	(81,'07540814-0019',199,0,1,132,0),
	(82,'07540814-0019',189,0,1,102,0),
	(83,'07540814-0019',196,0,1,102,0),
	(84,'07540814-0019',195,0,1,112,0),
	(85,'07540814-0019',201,0,1,86,0),
	(86,'07540814-0019',194,0,1,102,0),
	(87,'07540814-0019',200,0,1,101,0),
	(88,'07540814-0019',198,0,11,113,0),
	(89,'07540814-0019',204,0,1,95,0),
	(90,'07540814-0019',200,0,11,101,0),
	(91,'07540814-0019',195,0,5,112,0),
	(92,'07540814-0019',197,0,11,88,0),
	(93,'07540814-0019',199,0,11,132,0),
	(94,'07540814-0019',201,0,11,86,0),
	(95,'07540814-0019',188,0,1,55,0),
	(96,'07540814-0019',203,0,5,220,0),
	(97,'07540814-0019',188,0,1,55,0),
	(98,'07540814-0019',194,0,1,102,0),
	(99,'07540814-0019',205,0,21,158,0),
	(100,'07540814-0019',200,0,12,101,0),
	(101,'07540814-0019',69,0,1,0,0),
	(102,'07540814-0019',94,0,4,92,0),
	(103,'07540814-0019',95,0,5,92,0),
	(104,'07540814-0019',93,0,5,92,0),
	(105,'07540814-0019',88,0,6,117,0),
	(106,'07540814-0019',176,0,4,0,0),
	(107,'07540814-0019',100,0,7,0,0),
	(108,'07540814-0019',97,0,3,0,0),
	(109,'07540814-0019',85,0,6,305,0),
	(110,'07540814-0019',87,0,6,102,0),
	(111,'07540814-0019',105,0,5,0,0),
	(112,'07540814-0019',105,0,1,0,0),
	(113,'07540814-0019',96,0,6,130,0),
	(114,'07540814-0019',91,0,6,195,0),
	(115,'07540814-0019',187,0,4,33.5,0),
	(116,'07540814-0019',106,0,6,0,0),
	(117,'07540814-0019',91,0,1,195,0),
	(118,'07540814-0019',78,0,2,0,0),
	(119,'07540814-0019',84,0,6,0,0),
	(120,'07540814-0019',102,0,7,0,0),
	(121,'07540814-0019',98,0,1,92,0),
	(122,'07540814-0019',94,0,1,92,0),
	(123,'07540814-0019',93,0,1,92,0),
	(124,'07540814-0019',95,0,1,92,0),
	(125,'07540814-0019',94,0,1,92,0),
	(126,'07540814-0019',79,0,1,60,0),
	(127,'07540814-0019',101,0,1,0,0),
	(128,'07540814-0019',108,0,1,0,0),
	(129,'07540814-0019',89,0,5,0,0),
	(130,'07540814-0019',210,0,2,0,0),
	(131,'07540814-0019',90,0,5,168,0),
	(132,'07540814-0019',89,0,1,0,0),
	(133,'07540814-0019',80,0,3,60,0),
	(134,'07540814-0019',107,0,1,0,0),
	(135,'07540814-0019',90,0,1,168,0),
	(136,'07540814-0019',92,0,1,0,0),
	(137,'07540814-0019',43,0,1,0,0),
	(138,'07540814-0019',86,0,6,0,0),
	(139,'07540814-0019',191,0,11,62,0),
	(140,'07540814-0019',206,0,1,101,0),
	(141,'07540814-0019',208,0,1,84,0),
	(142,'07540814-0019',200,0,2,101,0),
	(143,'07540814-0019',197,0,1,88,0),
	(144,'07540814-0019',209,0,11,152,0),
	(145,'07540814-0019',198,0,1,113,0),
	(146,'07540814-0019',207,0,1,71,0),
	(147,'07540814-0019',45,0,4,41,0),
	(148,'07540814-0019',66,0,5,87,0),
	(149,'07540814-0019',175,0,3,0,0),
	(150,'07540814-0019',64,0,3,0,0),
	(151,'07540814-0019',67,0,4,91,0),
	(152,'07540814-0019',67,0,1,91,0),
	(153,'07540814-0019',177,0,11,0,0),
	(154,'07540814-0019',174,0,11,0,0),
	(155,'07540814-0019',92,0,5,0,0),
	(156,'07540814-0019',78,0,2,0,0),
	(157,'07540814-0019',168,0,13,82,0),
	(158,'07540814-0019',185,0,4,101,0),
	(159,'07540814-0019',151,0,30,115,0),
	(160,'07540814-0019',148,0,12,137,0),
	(163,'07540814-0019',146,0,17,0,0),
	(162,'07540814-0019',152,0,24,112,0),
	(164,'07540814-0019',153,0,18,0,0),
	(165,'07540814-0019',150,0,14,270,0),
	(166,'07540814-0019',149,0,59,650,0),
	(167,'07540814-0019',152,0,1,112,0),
	(168,'07540814-0019',145,0,5,0,0),
	(169,'07540814-0019',141,0,5,130,0),
	(170,'07540814-0019',178,0,1,0,0),
	(172,'07540814-0019',143,0,5,159,0),
	(173,'07540814-0019',147,0,11,384,0),
	(174,'07540814-0019',31,0,13,0,0),
	(175,'07540814-0019',179,0,6,0,0),
	(176,'07540814-0019',178,0,22,0,0),
	(177,'07540814-0019',184,0,12,0,0),
	(178,'07540814-0019',136,0,6,0,0),
	(179,'07540814-0019',185,0,9,101,0),
	(180,'07540814-0019',140,0,6,0,0),
	(181,'07540814-0019',131,0,5,87,0),
	(182,'07540814-0019',138,0,5,87,0),
	(183,'07540814-0019',183,0,12,111,0),
	(184,'07540814-0019',125,0,5,0,0),
	(185,'07540814-0019',139,0,5,89,0),
	(186,'07540814-0019',141,0,1,130,0),
	(187,'07540814-0019',186,0,1,0,0),
	(188,'07540814-0019',148,0,12,137,0),
	(189,'07540814-0019',128,0,11,48,0),
	(190,'07540814-0019',43,0,4,0,0),
	(191,'07540814-0019',43,0,2,0,0),
	(192,'07540814-0019',45,0,3,41,0),
	(193,'07540814-0019',182,0,3,43.5,0),
	(194,'07540814-0019',182,0,1,43.5,0),
	(195,'07540814-0019',153,0,17,0,0),
	(196,'07540814-0019',187,0,3,33.5,0),
	(197,'07540814-0019',134,0,6,0,0),
	(198,'07540814-0019',133,0,2,96,0),
	(199,'07540814-0019',182,0,1,43.5,0),
	(200,'07540814-0019',45,0,1,41,0),
	(201,'07540814-0019',43,0,1,0,0),
	(202,'07540814-0019',180,0,6,0,0),
	(203,'07540814-0019',180,0,5,0,0),
	(204,'07540814-0019',137,0,2,0,0),
	(205,'07540814-0019',180,0,1,0,0),
	(206,'07540814-0019',182,0,3,43.5,0),
	(207,'07540814-0019',152,0,25,112,0),
	(208,'07540814-0019',191,0,1,62,0),
	(209,'07540814-0019',153,0,1,0,0),
	(210,'07540814-0019',146,0,18,0,0),
	(211,'07540814-0019',57,0,4,0,0),
	(212,'07540814-0019',78,0,1,0,0),
	(213,'07540814-0019',139,0,1,89,0),
	(214,'07540814-0019',126,0,5,0,0),
	(215,'07540814-0019',181,0,4,0,0),
	(216,'07540814-0019',205,0,2,158,0),
	(217,'07540814-0019',119,0,1,140,0),
	(218,'07540814-0019',177,0,1,0,0),
	(219,'07540814-0019',12,0,1,210,0),
	(220,'07540814-0019',178,0,1,0,0),
	(221,'07540814-0019',147,0,1,384,0),
	(222,'07540814-0019',134,0,1,0,0),
	(223,'07540814-0019',137,0,1,0,0),
	(224,'07540814-0019',140,0,1,0,0),
	(225,'07540814-0019',144,0,11,150,0),
	(226,'07540814-0019',138,0,1,87,0),
	(227,'07540814-0019',131,0,1,87,0),
	(228,'07540814-0019',132,0,1,130,0),
	(229,'07540814-0019',125,0,1,0,0),
	(230,'07540814-0019',127,0,3,154,0),
	(231,'07540814-0019',144,0,1,150,0),
	(232,'07540814-0019',129,0,1,152,0),
	(233,'07540814-0019',105,0,5,0,0),
	(234,'07540814-0019',105,0,1,0,0),
	(235,'07540814-0019',123,0,1,55,0),
	(236,'07540814-0019',120,0,1,0,0),
	(237,'07540814-0019',117,0,1,146,0),
	(238,'07540814-0019',115,0,1,0,0),
	(239,'07540814-0019',116,0,1,0,0),
	(240,'07540814-0019',136,0,1,0,0),
	(241,'07540814-0019',128,0,1,48,0),
	(242,'07540814-0019',122,0,1,154,0),
	(243,'07540814-0019',132,0,5,130,0),
	(244,'07540814-0019',114,0,1,0,0),
	(245,'07540814-0019',143,0,2,159,0),
	(246,'07540814-0019',150,0,1,270,0),
	(247,'07540814-0019',149,0,1,650,0),
	(248,'07540814-0019',187,0,1,33.5,0),
	(249,'07540814-0019',153,0,1,0,0),
	(250,'07540814-0019',114,0,5,0,0),
	(251,'07540814-0019',113,0,12,0,0),
	(252,'07540814-0019',129,0,5,152,0),
	(253,'07540814-0019',119,0,5,140,0),
	(254,'07540814-0019',111,0,6,95,0),
	(255,'07540814-0019',118,0,6,0,0),
	(256,'07540814-0019',123,0,11,55,0),
	(257,'07540814-0019',101,0,11,0,0),
	(258,'07540814-0019',109,0,3,0,0),
	(259,'07540814-0019',108,0,11,0,0),
	(260,'07540814-0019',114,0,6,0,0),
	(261,'07540814-0019',117,0,2,146,0),
	(262,'07540814-0019',133,0,1,96,0),
	(263,'07540814-0019',110,0,1,0,0),
	(264,'07540814-0019',124,0,1,0,0),
	(265,'07540814-0019',112,0,1,0,0),
	(266,'07540814-0019',126,0,1,0,0),
	(267,'07540814-0019',120,0,2,0,0),
	(268,'07540814-0019',135,0,3,0,0),
	(269,'07540814-0019',122,0,2,154,0),
	(270,'07540814-0019',121,0,3,0,0),
	(271,'07540814-0019',142,0,3,0,0),
	(272,'07540814-0019',130,0,1,0,0),
	(273,'07540814-0019',145,0,1,0,0),
	(274,'07540814-0019',146,0,1,0,0),
	(275,'07540814-0019',115,0,3,0,0),
	(276,'07540814-0019',112,0,2,0,0),
	(277,'07540814-0019',116,0,3,0,0),
	(278,'07540814-0019',209,0,1,152,0),
	(279,'07540814-0019',124,0,2,0,0),
	(280,'07540814-0019',110,0,2,0,0),
	(281,'07540814-0019',12,0,11,210,0),
	(282,'07540814-0019',130,0,5,0,0),
	(283,'07540814-0019',99,0,6,0,0),
	(284,'07540814-0019',186,0,5,0,0),
	(285,'07540814-0019',148,0,12,137,0),
	(286,'07540814-0019',104,0,6,92,0),
	(287,'07540814-0019',103,0,1,92,0),
	(288,'07540814-0019',193,0,1,0,0),
	(289,'07540814-0019',154,0,20,512,0),
	(290,'07540814-0019',103,0,5,92,0),
	(291,'07540814-0019',107,0,5,0,0),
	(292,'07540814-0019',196,0,3,102,0),
	(293,'07540814-0019',79,0,2,60,0),
	(294,'07540814-0019',98,0,5,92,0),
	(295,'07540814-0019',202,0,9,290,0),
	(296,'07540814-0019',192,0,4,64,0),
	(297,'07540814-0019',192,0,3,64,0),
	(298,'07540814-0019',155,0,6,61,0),
	(299,'07540814-0019',193,0,5,0,0),
	(300,'07540814-0019',184,0,1,0,0),
	(301,'07540814-0019',194,0,11,102,0),
	(302,'07540814-0019',194,0,10,102,0),
	(303,'07540814-0019',208,0,11,84,0),
	(304,'07540814-0019',190,0,6,122,0),
	(305,'07540814-0019',204,0,5,95,0),
	(306,'07540814-0019',207,0,5,71,0),
	(307,'07540814-0019',163,0,12,99,0),
	(308,'07540814-0019',155,0,6,61,0),
	(309,'07540814-0019',189,0,3,102,0),
	(310,'07540814-0019',206,0,3,101,0),
	(311,'07540814-0019',77,0,5,76,0),
	(312,'07540814-0019',188,0,2,55,0),
	(313,'07540814-0019',83,0,5,89,0),
	(314,'07540814-0019',203,0,1,220,0),
	(315,'07540814-0019',259,0,3,0,0),
	(316,'DO540813-0004',278,0,18,54,0),
	(317,'DO540813-0004',279,0,18,52,0),
	(318,'DO540813-0004',276,0,36,54,0),
	(319,'DO540813-0004',277,0,36,74,0),
	(320,'DO540813-0004',283,0,24,242,0),
	(321,'07540814-0019',280,0,36,0,0),
	(322,'DO540813-0004',270,0,30,148,0),
	(323,'07540814-0019',269,0,30,0,0),
	(324,'07540814-0019',268,0,30,0,0),
	(325,'DO540813-0004',267,0,30,142,0),
	(326,'07540814-0019',275,0,30,0,0),
	(327,'DO540813-0004',271,0,30,142,0),
	(328,'07540814-0019',266,0,30,0,0),
	(329,'07540814-0019',272,0,30,0,0),
	(330,'07540814-0019',273,0,30,0,0),
	(331,'07540814-0019',274,0,30,0,0),
	(332,'DO540813-0004',281,0,48,265,0),
	(333,'DO540813-0004',288,0,12,145,0),
	(334,'DO540813-0004',288,0,12,145,0),
	(335,'DO540813-0004',285,0,24,104,0),
	(336,'DO540813-0004',284,0,48,104,0),
	(337,'07540814-0019',287,0,24,0,0),
	(338,'07540814-0019',286,0,24,0,0),
	(339,'DO540813-0004',282,0,24,236,0),
	(340,'DO540813-0004',263,0,10,82,0),
	(341,'07540814-0019',291,0,12,0,0),
	(342,'DO540813-0004',292,0,12,92,0),
	(343,'07540814-0019',293,0,12,0,0),
	(344,'07540814-0019',300,0,24,0,0),
	(345,'07540814-0019',297,0,24,0,0),
	(346,'07540814-0019',296,0,24,0,0),
	(347,'07540814-0019',295,0,24,0,0),
	(348,'07540814-0019',294,0,24,0,0),
	(349,'DO540813-0004',299,0,24,260,0),
	(350,'07540814-0019',298,0,24,0,0),
	(351,'DO540813-0004',332,0,6,31,0),
	(352,'DO540813-0004',330,0,4,72,0),
	(353,'DO540813-0004',328,0,12,48,0),
	(354,'DO540813-0004',331,0,12,48,0),
	(355,'DO540813-0004',327,0,12,48,0),
	(356,'DO540813-0004',329,0,10,98,0),
	(357,'07540814-0019',326,0,6,0,0),
	(358,'07540814-0019',325,0,12,0,0),
	(359,'DO540813-0004',309,0,12,48,0),
	(360,'DO540813-0004',324,0,12,50,0),
	(361,'DO540813-0004',322,0,12,48,0),
	(362,'DO540813-0004',333,0,12,47,0),
	(363,'07540814-0019',319,0,12,0,0),
	(364,'07540814-0019',321,0,6,0,0),
	(365,'DO540813-0004',317,0,12,50,0),
	(366,'DO540813-0004',320,0,12,48,0),
	(367,'DO540813-0004',261,0,4,41,0),
	(368,'DO540813-0004',256,0,4,31,0),
	(369,'DO540813-0004',261,0,4,41,0),
	(370,'DO540813-0004',257,0,4,49,0),
	(371,'DO540813-0004',262,0,4,40.5,0),
	(372,'DO540813-0004',257,0,4,49,0),
	(373,'DO540813-0004',262,0,4,40.5,0),
	(374,'07540814-0019',260,0,4,0,0),
	(375,'07540814-0019',260,0,4,0,0),
	(376,'DO540813-0004',256,0,4,31,0),
	(377,'07540814-0019',259,0,3,0,0),
	(378,'DO540813-0004',258,0,3,41,0),
	(379,'DO540813-0004',258,0,3,41,0),
	(380,'DO540813-0004',255,0,6,41,0),
	(381,'DO540813-0004',254,0,4,38.5,0),
	(382,'DO540813-0004',253,0,8,41,0),
	(383,'07540814-0019',303,0,12,0,0),
	(384,'07540814-0019',302,0,12,0,0),
	(385,'DO540813-0004',301,0,12,85,0),
	(386,'07540814-0019',215,0,6,0,0),
	(387,'07540814-0019',213,0,6,0,0),
	(388,'07540814-0019',237,0,6,0,0),
	(389,'07540814-0019',226,0,6,0,0),
	(390,'DO540813-0004',264,0,20,80,0),
	(391,'DO540813-0004',263,0,10,82,0),
	(392,'DO540813-0004',265,0,10,84,0),
	(393,'07540814-0019',237,0,6,0,0),
	(394,'07540814-0019',225,0,12,0,0),
	(395,'07540814-0019',226,0,6,0,0),
	(396,'DO540813-0004',216,0,6,158,0),
	(397,'DO540813-0004',223,0,60,177,0),
	(398,'07540814-0019',221,0,3,0,0),
	(399,'DO540813-0004',217,0,6,76,0),
	(400,'DO540813-0004',219,0,6,36,0),
	(401,'DO540813-0004',220,0,6,129,0),
	(402,'07540814-0019',191,0,24,62,0),
	(403,'DO540813-0004',234,0,6,45,0),
	(404,'DO540813-0004',236,0,6,42,0),
	(405,'07540814-0019',235,0,12,0,0),
	(406,'DO540813-0004',224,0,6,52.5,0),
	(407,'DO540813-0004',222,0,3,41,0),
	(408,'DO540813-0004',214,0,12,56,0),
	(409,'07540814-0019',215,0,6,0,0),
	(410,'07540814-0019',213,0,6,0,0),
	(411,'DO540813-0004',231,0,12,152,0),
	(412,'DO540813-0004',229,0,6,56,0),
	(413,'DO540813-0004',230,0,4,38,0),
	(414,'DO540813-0004',227,0,24,78,0),
	(415,'DO540813-0004',233,0,20,175,0),
	(416,'DO540813-0004',228,0,4,38,0),
	(417,'DO540813-0004',232,0,24,123,0),
	(418,'07540814-0019',241,0,3,0,0),
	(419,'07540814-0019',243,0,2,0,0),
	(420,'07540814-0019',242,0,3,0,0),
	(421,'07540814-0019',252,0,8,0,0),
	(422,'07540814-0019',251,0,8,0,0),
	(423,'DO540813-0004',250,0,8,36.5,0),
	(424,'DO540813-0004',249,0,6,40,0),
	(425,'DO540813-0004',365,0,12,56,0),
	(426,'07540814-0019',364,0,8,0,0),
	(427,'DO540813-0004',363,0,8,47,0),
	(428,'DO540813-0004',362,0,6,249,0),
	(429,'DO540813-0004',355,0,6,110,0),
	(430,'DO540813-0004',354,0,6,103,0),
	(431,'DO540813-0004',358,0,10,214,0),
	(432,'DO540813-0004',357,0,20,66,0),
	(433,'DO540813-0004',350,0,6,84,0),
	(434,'07540814-0019',359,0,12,0,0),
	(435,'07540814-0019',353,0,12,0,0),
	(436,'DO540813-0004',360,0,30,129,0),
	(437,'DO540813-0004',356,0,6,105,0),
	(438,'DO540813-0004',354,0,6,103,0),
	(439,'07540814-0019',351,0,6,0,0),
	(440,'DO540813-0004',352,0,6,42,0),
	(441,'07540814-0019',348,0,6,0,0),
	(442,'DO540813-0004',347,0,6,62,0),
	(443,'DO540813-0004',349,0,10,104,0),
	(444,'DO540813-0004',361,0,12,91,0),
	(445,'DO540813-0004',424,0,6,139,0),
	(446,'DO540813-0004',423,0,12,84,0),
	(447,'07540814-0019',426,0,3,0,0),
	(448,'07540814-0019',413,0,3,0,0),
	(449,'DO540813-0004',414,0,3,29,0),
	(450,'DO540813-0004',427,0,6,167,0),
	(451,'DO540813-0004',379,0,4,14.5,0),
	(452,'DO540813-0004',436,0,1,21,0),
	(454,'DO540813-0004',381,0,2,55,0),
	(455,'07540814-0019',437,0,2,0,0),
	(456,'DO540813-0004',386,0,12,158,0),
	(457,'DO540813-0004',384,0,6,29.5,0),
	(458,'DO540813-0004',435,0,2,64,0),
	(459,'DO540813-0004',385,0,12,142,0),
	(460,'07540814-0019',432,0,24,0,0),
	(461,'07540814-0019',419,0,3,0,0),
	(462,'07540814-0019',420,0,3,0,0),
	(463,'07540814-0019',422,0,3,0,0),
	(464,'DO540813-0004',421,0,3,74,0),
	(465,'07540814-0019',418,0,3,0,0),
	(466,'DO540813-0004',383,0,6,140,0),
	(467,'DO540813-0004',410,0,6,365,0),
	(468,'DO540813-0004',412,0,6,183,0),
	(469,'DO540813-0004',409,0,3,59.5,0),
	(470,'07540814-0019',408,0,3,0,0),
	(471,'07540814-0019',403,0,6,0,0),
	(472,'DO540813-0004',388,0,12,114,0),
	(473,'DO540813-0004',389,0,6,36,0),
	(474,'DO540813-0004',402,0,6,71,0),
	(475,'07540814-0019',401,0,6,0,0),
	(476,'DO540813-0004',399,0,6,52,0),
	(477,'DO540813-0004',392,0,10,165,0),
	(478,'07540814-0019',397,0,24,0,0),
	(479,'07540814-0019',397,0,24,0,0),
	(480,'DO540813-0004',380,0,50,168,0),
	(481,'DO540813-0004',391,0,10,108,0),
	(482,'DO540813-0004',394,0,10,120,0),
	(483,'DO540813-0004',400,0,6,65,0),
	(484,'DO540813-0004',393,0,10,178,0),
	(486,'DO540813-0004',390,0,10,95,0),
	(487,'DO540813-0004',415,0,3,84,0),
	(488,'DO540813-0004',366,0,3,144,0),
	(489,'07540814-0019',387,0,4,0,0),
	(490,'DO540813-0004',378,0,2,74,0),
	(491,'DO540813-0004',395,0,3,28.5,0),
	(492,'DO540813-0004',396,0,3,31,0),
	(493,'DO540813-0004',407,0,6,40,0),
	(494,'DO540813-0004',406,0,3,43.5,0),
	(495,'07540814-0019',404,0,6,0,0),
	(496,'07540814-0019',405,0,6,0,0),
	(497,'07540814-0019',376,0,6,0,0),
	(498,'DO540813-0004',425,0,12,85,0),
	(499,'DO540813-0004',382,0,3,240,0),
	(500,'DO540813-0004',369,0,6,80,0),
	(501,'DO540813-0004',368,0,6,75,0),
	(502,'DO540813-0004',367,0,6,181,0),
	(503,'DO540813-0004',377,0,12,52,0),
	(504,'DO540813-0004',411,0,4,39,0),
	(505,'DO540813-0004',370,0,6,115,0),
	(506,'DO540813-0004',375,0,6,73,0),
	(507,'DO540813-0004',374,0,20,45,0),
	(508,'DO540813-0004',373,0,3,38.5,0),
	(509,'DO540813-0004',372,0,3,51,0),
	(510,'07540814-0019',416,0,6,0,0),
	(511,'DO540813-0004',430,0,3,34,0),
	(512,'DO540813-0004',428,0,6,102,0),
	(513,'07540814-0019',429,0,3,0,0),
	(514,'DO540813-0004',431,0,6,149,0),
	(515,'DO540813-0004',433,0,5,204,0),
	(516,'07540814-0019',438,0,2,0,0),
	(517,'DO540813-0004',439,0,3,22,0),
	(518,'DO540813-0004',378,0,1,74,0),
	(519,'07540814-0019',440,0,1,0,0),
	(520,'DO540813-0004',441,0,1,50,0),
	(521,'07540814-0019',371,0,3,0,0),
	(522,'07540814-0019',371,0,3,0,0),
	(523,'DO540813-0004',398,0,6,29,0),
	(524,'DO540813-0004',442,0,1,15.5,0),
	(525,'DO540813-0004',442,0,1,15.5,0),
	(526,'DO540813-0004',442,0,1,15.5,0),
	(527,'DO540813-0004',446,0,1,13,0),
	(528,'DO540813-0004',446,0,1,13,0),
	(529,'DO540813-0004',446,0,1,13,0),
	(530,'DO540813-0004',446,0,1,13,0),
	(531,'DO540813-0004',446,0,1,13,0),
	(532,'DO540813-0004',443,0,1,14.5,0),
	(533,'DO540813-0004',443,0,1,14.5,0),
	(534,'DO540813-0004',443,0,1,14.5,0),
	(535,'DO540813-0004',443,0,1,14.5,0),
	(536,'DO540813-0004',447,0,1,26,0),
	(537,'DO540813-0004',445,0,1,14.5,0),
	(538,'DO540813-0004',445,0,1,14.5,0),
	(539,'DO540813-0004',445,0,1,14.5,0),
	(540,'DO540813-0004',444,0,1,27.5,0),
	(541,'DO540813-0004',444,0,1,27.5,0),
	(542,'DO540813-0004',444,0,1,27.5,0),
	(543,'DO540813-0004',453,0,1,20,0),
	(544,'DO540813-0004',453,0,1,20,0),
	(545,'DO540813-0004',453,0,1,20,0),
	(546,'DO540813-0004',447,0,1,26,0),
	(547,'DO540813-0004',447,0,1,26,0),
	(548,'DO540813-0004',452,0,1,12.5,0),
	(549,'DO540813-0004',452,0,1,12.5,0),
	(550,'DO540813-0004',452,0,1,12.5,0),
	(551,'DO540813-0004',451,0,1,16,0),
	(552,'DO540813-0004',451,0,1,16,0),
	(553,'DO540813-0004',451,0,1,16,0),
	(554,'DO540813-0004',448,0,1,16.5,0),
	(555,'DO540813-0004',448,0,1,16.5,0),
	(556,'DO540813-0004',448,0,1,16.5,0),
	(557,'DO540813-0004',448,0,1,16.5,0),
	(558,'DO540813-0004',449,0,1,21,0),
	(559,'DO540813-0004',449,0,1,21,0),
	(560,'DO540813-0004',449,0,1,21,0),
	(561,'DO540813-0004',449,0,1,21,0),
	(562,'DO540813-0004',450,0,1,13.5,0),
	(563,'DO540813-0004',450,0,1,13.5,0),
	(564,'DO540813-0004',450,0,1,13.5,0),
	(565,'DO540813-0004',450,0,1,13.5,0),
	(566,'DO540813-0004',456,0,1,19,0),
	(567,'DO540813-0004',456,0,1,19,0),
	(568,'DO540813-0004',456,0,1,19,0),
	(569,'DO540813-0004',455,0,1,12,0),
	(570,'DO540813-0004',455,0,1,12,0),
	(571,'DO540813-0004',455,0,1,12,0),
	(572,'DO540813-0004',455,0,1,12,0),
	(573,'DO540813-0004',454,0,1,22,0),
	(574,'DO540813-0004',454,0,1,22,0),
	(575,'DO540813-0004',454,0,1,22,0),
	(576,'DO540813-0004',454,0,1,22,0),
	(577,'DO540813-0004',454,0,1,22,0),
	(578,'DO540813-0004',454,0,1,22,0),
	(579,'DO540813-0004',434,0,6,32.5,0),
	(580,'DO540813-0004',436,0,1,21,0),
	(581,'DO540813-0004',436,0,1,21,0),
	(582,'DO540813-0004',459,0,1,42,0),
	(583,'DO540813-0004',459,0,1,42,0),
	(584,'DO540813-0004',459,0,1,42,0),
	(585,'DO540813-0004',458,0,1,47,0),
	(586,'DO540813-0004',458,0,1,47,0),
	(587,'DO540813-0004',458,0,1,47,0),
	(588,'DO540813-0004',458,0,1,47,0),
	(589,'DO540813-0004',458,0,1,47,0),
	(590,'DO540813-0004',457,0,1,12,0),
	(591,'DO540813-0004',457,0,1,12,0),
	(592,'DO540813-0004',457,0,1,12,0),
	(593,'DO540813-0004',457,0,1,12,0),
	(594,'DO540813-0004',464,0,1,31.5,0),
	(595,'DO540813-0004',464,0,1,31.5,0),
	(596,'DO540813-0004',463,0,1,21,0),
	(597,'DO540813-0004',463,0,1,21,0),
	(598,'DO540813-0004',463,0,1,21,0),
	(599,'DO540813-0004',461,0,1,69,0),
	(600,'DO540813-0004',461,0,1,69,0),
	(601,'DO540813-0004',460,0,1,34.5,0),
	(602,'DO540813-0004',460,0,1,34.5,0),
	(603,'DO540813-0004',460,0,1,34.5,0),
	(604,'DO540813-0004',460,0,1,34.5,0),
	(605,'1411461599',465,0,20,0,0),
	(606,'1411461599',11,0,0,0,0),
	(607,'14111461599',466,0,20,77,0),
	(608,'14111461599',467,0,50,77,0),
	(609,'14111461599',468,0,50,77,0),
	(610,'14111461599',469,0,20,77,0),
	(611,'14111461599',470,0,20,78,0),
	(612,'14111461599',471,0,20,78,0),
	(614,'14111461599',472,0,36,137,0),
	(615,'14111461599',473,0,20,78,0),
	(616,'14111461599',474,0,20,77,0),
	(655,'14111461599',572,0,24,530,0),
	(618,'14111461599',472,0,36,137,0),
	(619,'14111461599',475,0,20,242,0),
	(621,'09c340101700951',476,0,12,0,0),
	(622,'09c340101700951',477,0,12,0,0),
	(623,'09c340101700951',478,0,12,0,0),
	(624,'09c340101700951',479,0,12,0,0),
	(625,'09c340101700951',480,0,12,0,0),
	(626,'09c340101700951',11,0,0,0,0),
	(627,'09c340101700951',11,0,0,0,0),
	(628,'14111461599',481,0,50,189,0),
	(629,'14111461599',482,0,50,189,0),
	(654,'14111461599',564,0,12,245,0),
	(631,'14111461599',485,0,12,116,0),
	(632,'14111461599',484,0,12,116,0),
	(633,'14111461599',483,0,12,116,0),
	(635,'14111461599',493,0,3,572,0),
	(636,'14111461599',489,0,3,545,0),
	(637,'14111461599',490,0,3,545,0),
	(638,'14111461599',492,0,3,518,0),
	(639,'14111461599',491,0,3,475,0),
	(640,'14111461599',488,0,3,193,0),
	(641,'14111461599',487,0,3,193,0),
	(642,'14111461599',486,0,3,193,0),
	(653,'DO540813-0004',574,0,6,385,0),
	(652,'14111461599',498,0,3,492,0),
	(646,'141114661599',494,0,12,0,0),
	(647,'141114661599',495,0,24,0,0),
	(648,'141114661599',11,0,0,0,0),
	(649,'141114661599',11,0,0,0,0),
	(650,'141116159',496,0,24,0,0),
	(651,'141116159',11,0,0,0,0),
	(656,'14111461599',571,0,12,1149,0),
	(657,'14111461599',566,0,12,253,0),
	(658,'14111461599',565,0,12,253,0),
	(659,'14111461599',563,0,12,253,0),
	(660,'14111461599',568,0,12,253,0),
	(661,'14111461599',562,0,24,475,0),
	(662,'14111461599',567,0,12,253,0),
	(663,'14111461599',564,0,12,245,0),
	(664,'14111461599',567,0,12,253,0),
	(665,'14111461599',565,0,12,253,0),
	(666,'14111461599',570,0,12,394,0),
	(667,'14111461599',561,0,24,350,0),
	(668,'14111461599',536,0,3,59,0),
	(669,'14111461599',536,0,3,59,0),
	(670,'14111461599',554,0,5,117.5,0),
	(671,'14111461599',553,0,12,150,0),
	(672,'14111461599',529,0,12,48.5,0),
	(673,'14111461599',529,0,12,48.5,0),
	(674,'14111461599',529,0,12,48.5,0),
	(675,'14111461599',533,0,12,49.5,0),
	(676,'14111461599',524,0,12,47.5,0),
	(677,'14111461599',528,0,50,77,0),
	(678,'14111461599',527,0,12,47.5,0),
	(679,'14111461599',522,0,12,49.5,0),
	(680,'14111461599',520,0,6,102,0),
	(681,'14111461599',523,0,12,47.5,0),
	(682,'14111461599',558,0,6,228,0),
	(683,'14111461599',558,0,6,228,0),
	(684,'14111461599',557,0,10,83,0),
	(685,'14111461599',557,0,10,83,0),
	(686,'14111461599',521,0,12,47.5,0),
	(687,'14111461599',526,0,12,49.5,0),
	(688,'14111461599',525,0,12,49.5,0),
	(689,'14111461599',527,0,12,47.5,0),
	(690,'14111461599',521,0,12,47.5,0),
	(691,'14111461599',560,0,30,304,0),
	(692,'14111461599',539,0,20,237,0),
	(693,'14111461599',531,0,6,189,0),
	(694,'14111461599',530,0,6,68,0),
	(695,'14111461599',530,0,6,68,0),
	(696,'14111461599',534,0,6,82,0),
	(697,'14111461599',538,0,3,119.5,0),
	(698,'14111461599',246,0,6,113,0),
	(699,'14111461599',247,0,6,125,0),
	(700,'14111461599',239,0,6,122,0),
	(701,'14111461599',537,0,3,125.75,0),
	(702,'14111461599',532,0,12,49.5,0),
	(703,'14111461599',535,0,6,60,0),
	(704,'14111461599',540,0,6,64,0),
	(705,'14111461599',239,0,6,122,0),
	(706,'14111461599',541,0,6,84,0),
	(707,'14111461599',573,0,12,2209,0),
	(708,'14111461599',569,0,12,921,0),
	(709,'14111461599',576,0,12,2361,0),
	(710,'14111461599',575,0,12,452,0),
	(711,'DO540814-0028',577,0,12,480,0),
	(712,'DO540814-0028',577,0,108,480,0),
	(713,'DO540814-0028',578,0,48,545,0),
	(714,'DO540814-0028',579,0,12,610,0),
	(715,'DO540814-0028',580,0,24,690,0),
	(716,'DO540814-0028',581,0,12,400,0),
	(717,'DO540814-0028',582,0,24,249,0),
	(718,'DO540814-0028',583,0,24,248,0),
	(719,'DO540814-0028',584,0,24,248,0),
	(720,'DO540814-0028',585,0,24,248,0),
	(721,'DO540814-0028',586,0,24,248,0),
	(722,'DO540814-0028',587,0,24,248,0),
	(723,'DO540814-0028',284,0,12,104,0),
	(724,'DO540814-0028',284,0,108,104,0),
	(725,'14111461599',508,0,12,48.5,0),
	(726,'14111461599',511,0,6,49.5,0),
	(727,'14111461599',506,0,12,48.75,0),
	(728,'14111461599',500,0,12,48,0),
	(729,'14111461599',517,0,4,76,0),
	(730,'14111461599',505,0,12,48,0),
	(731,'14111461599',502,0,12,44.5,0),
	(732,'14111461599',510,0,12,46,0),
	(734,'14111461599',501,0,4,76,0),
	(735,'14111461599',515,0,4,69,0),
	(736,'14111461599',507,0,12,49.5,0),
	(737,'14111461599',504,0,12,49.5,0),
	(738,'14111461599',509,0,12,48.75,0),
	(739,'14111461599',512,0,12,48.75,0),
	(740,'14111461599',508,0,12,48.5,0),
	(741,'14111461599',503,0,12,49.5,0),
	(742,'14111461599',559,0,12,153,0),
	(743,'14111461599',551,0,1,0,0),
	(744,'14111461599',552,0,1,79,0),
	(745,'14111461599',551,0,1,0,0),
	(746,'14111461599',550,0,6,132,0),
	(747,'14111461599',546,0,3,85,0),
	(748,'14111461599',552,0,1,79,0),
	(749,'14111461599',544,0,6,239,0),
	(750,'14111461599',543,0,4,106,0),
	(751,'14111461599',542,0,4,106,0),
	(752,'14111461599',516,0,12,48.75,0),
	(753,'14111461599',548,0,6,179,0),
	(754,'14111461599',588,0,6,25,0),
	(755,'14111461599',499,0,10,134,0),
	(757,'14111461599',513,0,4,69,0),
	(758,'14111461599',518,0,6,25,0),
	(759,'14111461599',514,0,4,69,0),
	(760,'14111461599',519,0,6,24.5,0),
	(761,'14111461599',547,0,3,84,0),
	(762,'14111461599',555,0,6,99,0),
	(763,'14111461599',556,0,6,99,0),
	(764,'14111461599',549,0,6,149,0),
	(765,'14111461599',545,0,3,85,0),
	(766,'DO540813-0004',417,0,3,84,0),
	(767,'07540814-0019',337,0,6,0,0),
	(770,'235091',619,0,1,0,0),
	(771,'235226',620,0,24,0,0),
	(772,'8850382130008',620,0,24,0,0),
	(773,'1441465346',621,0,25,0,0),
	(774,'14141465346',621,0,25,0,0),
	(801,'14141465346',626,0,36,0,0),
	(778,'14141465346',623,0,1,0,0),
	(779,'14141465346',622,0,1,0,0),
	(780,'14141465346',625,0,3,0,0),
	(781,'14141465346',624,0,3,0,0),
	(783,'14141465346',632,0,24,0,0),
	(784,'14141465346',639,0,3,0,0),
	(785,'14141465346',637,0,12,0,0),
	(786,'14141465346',620,0,24,0,0),
	(796,'14141465346',629,0,48,0,0),
	(789,'14141465346',637,0,12,0,0),
	(790,'14141465346',632,0,24,0,0),
	(797,'14141465346',290,0,10,0,0),
	(792,'14141465346',633,0,12,0,0),
	(793,'14141465346',633,0,12,0,0),
	(794,'14141465346',633,0,12,0,0),
	(795,'14141465346',631,0,36,0,0),
	(798,'14141465346',635,0,12,0,0),
	(799,'14141465346',634,0,24,0,0),
	(800,'14141465346',626,0,36,0,0),
	(802,'14141465346',253,0,4,0,0),
	(803,'B1001',786,0,40,1250,40),
	(804,'B1001',757,0,15,1000,15),
	(805,'B1001',778,0,80,1000,80),
	(807,'B1001',761,0,4,5500,4),
	(816,'b11',818,0,303,720,303),
	(810,'b11',819,0,99,650,99),
	(813,'b11',816,0,93,720,93),
	(814,'b11',817,0,205,720,205),
	(815,'b11',820,0,1,650,1),
	(820,'b11',814,0,5,330,5),
	(821,'b11',822,0,5,330,5),
	(822,'B12',824,0,280,830,280),
	(824,'B12',718,0,112,660,112),
	(825,'B13',718,0,176,670,176),
	(826,'B13',725,0,98,660,98),
	(832,'B14',828,0,280,650,280),
	(830,'B14',827,0,280,650,280),
	(833,'B15',790,0,270,420,270),
	(835,'B16',828,0,336,640,336),
	(838,'B17',790,0,271,420,271),
	(841,'B18',829,0,336,740,336),
	(843,'B19',774,0,200,510,200),
	(844,'B19',830,0,70,390,70),
	(850,'B20',774,0,1085,490,1085),
	(849,'B20',831,0,49,880,49),
	(851,'B20',830,0,270,380,270),
	(896,'B21',867,0,10,3500,30),
	(854,'B21',832,0,100,330,100),
	(858,'B21',836,0,635,330,635),
	(859,'b22',837,0,690,330,690),
	(860,'b22',838,0,628,340,628),
	(861,'b22',839,0,149,380,149),
	(862,'b22',840,0,50,300,50),
	(863,'b22',841,0,50,300,50),
	(864,'b22',842,0,200,310,200),
	(865,'b22',843,0,5,350,5),
	(866,'b22',848,0,628,340,628),
	(867,'b22',845,0,690,330,690),
	(869,'b23',849,0,100,370,100),
	(870,'b23',850,0,50,390,50),
	(871,'b23',851,0,461,350,461),
	(872,'b23',852,0,939,350,939),
	(873,'b23',853,0,200,320,200),
	(874,'b24',849,0,400,310,400),
	(875,'b24',853,0,300,320,300),
	(876,'b24',854,0,56,300,56),
	(894,'10011',865,0,1,150,50),
	(878,'b24',858,0,199,300,199),
	(879,'b24',860,0,14,300,14),
	(890,'b24',862,0,2,450,2),
	(889,'b24',862,0,99,450,99),
	(895,'101',645,0,1,590,1);

/*!40000 ALTER TABLE `tb_bill_import_detail` ENABLE KEYS */;
UNLOCK TABLES;


# Dump of table tb_bill_sale
# ------------------------------------------------------------

DROP TABLE IF EXISTS `tb_bill_sale`;

CREATE TABLE `tb_bill_sale` (
  `bill_sale_id` int(11) NOT NULL AUTO_INCREMENT,
  `bill_sale_created_date` datetime NOT NULL,
  `bill_sale_status` enum('wait','pay','cancel','credit') COLLATE utf8_unicode_ci NOT NULL,
  `member_id` int(11) NOT NULL,
  `bill_sale_vat` enum('no','vat') COLLATE utf8_unicode_ci NOT NULL,
  `user_id` int(11) NOT NULL,
  `branch_id` int(11) DEFAULT NULL,
  `bill_sale_pay_date` datetime DEFAULT NULL,
  `bill_sale_drop_bill_date` date DEFAULT NULL,
  `bill_sale_want_drop` enum('no','yes') COLLATE utf8_unicode_ci NOT NULL,
  PRIMARY KEY (`bill_sale_id`)
) ENGINE=MyISAM DEFAULT CHARSET=utf8 COLLATE=utf8_unicode_ci;

LOCK TABLES `tb_bill_sale` WRITE;
/*!40000 ALTER TABLE `tb_bill_sale` DISABLE KEYS */;

INSERT INTO `tb_bill_sale` (`bill_sale_id`, `bill_sale_created_date`, `bill_sale_status`, `member_id`, `bill_sale_vat`, `user_id`, `branch_id`, `bill_sale_pay_date`, `bill_sale_drop_bill_date`, `bill_sale_want_drop`)
VALUES
	(19,'2011-06-12 00:00:00','pay',1,'vat',5,1,NULL,NULL,'no'),
	(20,'2011-06-12 00:00:00','wait',1,'vat',5,1,NULL,NULL,'no'),
	(21,'2011-06-15 00:00:00','wait',2,'vat',5,1,NULL,NULL,'no'),
	(22,'2011-07-05 00:00:00','wait',2,'no',5,1,NULL,NULL,'no'),
	(23,'2011-07-05 00:00:00','wait',1,'no',5,1,NULL,NULL,'no'),
	(24,'2011-07-05 00:00:00','wait',2,'no',5,1,NULL,NULL,'no'),
	(25,'2011-08-20 00:00:00','wait',0,'no',5,1,NULL,NULL,'no'),
	(26,'2011-08-20 00:00:00','wait',0,'no',5,1,NULL,NULL,'no'),
	(27,'2011-08-20 00:00:00','wait',0,'no',5,1,NULL,NULL,'no'),
	(28,'2011-08-20 00:00:00','wait',0,'no',5,1,NULL,NULL,'no'),
	(29,'2011-08-21 00:00:00','wait',0,'no',5,1,NULL,NULL,'no'),
	(30,'2011-08-21 00:00:00','wait',0,'no',5,1,NULL,NULL,'no'),
	(31,'2011-08-21 00:00:00','wait',0,'no',5,1,NULL,NULL,'no'),
	(32,'2011-08-21 00:00:00','wait',0,'no',5,1,NULL,NULL,'no'),
	(33,'2011-08-21 00:00:00','wait',0,'no',5,1,NULL,NULL,'no'),
	(34,'2011-08-21 00:00:00','wait',0,'no',5,1,NULL,NULL,'no'),
	(35,'2011-08-21 00:00:00','wait',0,'no',5,1,NULL,NULL,'no'),
	(36,'2011-08-21 00:00:00','wait',0,'no',5,1,NULL,NULL,'no'),
	(37,'2011-08-21 00:00:00','wait',0,'no',5,1,NULL,NULL,'no'),
	(38,'2011-08-21 00:00:00','wait',0,'no',5,1,NULL,NULL,'no'),
	(39,'2011-08-23 00:00:00','wait',0,'no',5,1,NULL,NULL,'no'),
	(40,'2011-08-23 00:00:00','wait',0,'no',5,1,NULL,NULL,'no'),
	(41,'2011-08-23 00:00:00','wait',0,'no',5,1,NULL,NULL,'no'),
	(42,'2011-08-23 00:00:00','wait',0,'no',5,1,NULL,NULL,'no'),
	(43,'2011-08-23 00:00:00','wait',0,'no',5,1,NULL,NULL,'no'),
	(44,'2011-08-23 00:00:00','wait',0,'no',5,1,NULL,NULL,'no'),
	(45,'2011-08-24 00:00:00','wait',0,'no',5,1,NULL,NULL,'no'),
	(46,'2011-08-26 00:00:00','wait',0,'no',5,1,NULL,NULL,'no'),
	(47,'2011-08-26 00:00:00','wait',0,'no',5,1,NULL,NULL,'no'),
	(48,'2011-08-26 00:00:00','pay',0,'no',5,1,NULL,NULL,'no'),
	(49,'2011-08-26 00:00:00','pay',0,'no',5,1,NULL,NULL,'no'),
	(115,'2011-08-23 00:00:00','pay',0,'no',5,1,NULL,NULL,'no'),
	(116,'2011-08-23 00:00:00','pay',0,'no',5,1,NULL,NULL,'no'),
	(117,'2011-08-24 00:00:00','pay',0,'no',5,1,NULL,NULL,'no'),
	(118,'2011-08-24 00:00:00','pay',0,'no',5,1,NULL,NULL,'no'),
	(119,'2011-08-24 00:00:00','pay',0,'no',5,1,NULL,NULL,'no'),
	(120,'2011-08-24 00:00:00','pay',0,'no',5,1,NULL,NULL,'no'),
	(121,'2011-08-24 00:00:00','pay',0,'no',5,1,NULL,NULL,'no'),
	(122,'2011-08-24 00:00:00','pay',0,'no',5,1,NULL,NULL,'no'),
	(123,'2011-08-24 00:00:00','pay',0,'no',5,1,NULL,NULL,'no'),
	(124,'2011-08-24 00:00:00','pay',0,'no',5,1,NULL,NULL,'no'),
	(125,'2011-08-24 00:00:00','pay',0,'no',5,1,NULL,NULL,'no'),
	(126,'2011-08-24 00:00:00','pay',0,'no',5,1,NULL,NULL,'no'),
	(127,'2011-08-24 00:00:00','pay',0,'no',5,1,NULL,NULL,'no'),
	(128,'2011-08-24 00:00:00','pay',0,'no',5,1,NULL,NULL,'no'),
	(129,'2011-08-24 00:00:00','pay',0,'no',5,1,NULL,NULL,'no'),
	(130,'2011-08-24 00:00:00','pay',0,'no',5,1,NULL,NULL,'no'),
	(131,'2011-08-25 00:00:00','pay',0,'no',5,1,NULL,NULL,'no'),
	(132,'2011-08-25 00:00:00','pay',0,'no',5,1,NULL,NULL,'no'),
	(133,'2011-08-25 00:00:00','pay',0,'no',5,1,NULL,NULL,'no'),
	(134,'2011-08-25 00:00:00','pay',0,'no',5,1,NULL,NULL,'no'),
	(135,'2011-08-25 00:00:00','pay',0,'no',5,1,NULL,NULL,'no'),
	(136,'2011-08-25 00:00:00','pay',0,'no',5,1,NULL,NULL,'no'),
	(137,'2011-08-25 00:00:00','pay',0,'no',5,1,NULL,NULL,'no'),
	(138,'2011-08-25 00:00:00','pay',0,'no',5,1,NULL,NULL,'no'),
	(139,'2011-08-25 00:00:00','pay',0,'no',5,1,NULL,NULL,'no'),
	(140,'2011-08-25 00:00:00','pay',0,'no',5,1,NULL,NULL,'no'),
	(141,'2011-08-25 00:00:00','pay',0,'no',5,1,NULL,NULL,'no'),
	(142,'2011-08-25 00:00:00','pay',0,'no',5,1,NULL,NULL,'no'),
	(143,'2011-08-25 00:00:00','pay',0,'no',5,1,NULL,NULL,'no'),
	(144,'2011-08-25 00:00:00','pay',0,'no',5,1,NULL,NULL,'no'),
	(145,'2011-08-25 00:00:00','pay',0,'no',5,1,NULL,NULL,'no'),
	(146,'2011-08-25 00:00:00','pay',0,'no',5,1,NULL,NULL,'no'),
	(147,'2011-08-25 00:00:00','pay',0,'no',5,1,NULL,NULL,'no'),
	(148,'2011-08-25 00:00:00','pay',0,'no',5,1,NULL,NULL,'no'),
	(149,'2011-08-25 00:00:00','pay',0,'no',5,1,NULL,NULL,'no'),
	(150,'2011-08-25 00:00:00','pay',0,'no',5,1,NULL,NULL,'no'),
	(151,'2011-08-25 00:00:00','pay',0,'no',5,1,NULL,NULL,'no'),
	(152,'2011-08-25 00:00:00','pay',0,'no',5,1,NULL,NULL,'no'),
	(153,'2011-08-25 00:00:00','pay',0,'no',5,1,NULL,NULL,'no'),
	(154,'2011-08-25 00:00:00','pay',0,'no',5,1,NULL,NULL,'no'),
	(155,'2011-08-26 00:00:00','pay',0,'no',5,1,NULL,NULL,'no'),
	(156,'2011-08-26 00:00:00','pay',0,'no',5,1,NULL,NULL,'no'),
	(157,'2011-08-26 00:00:00','pay',0,'no',5,1,NULL,NULL,'no'),
	(158,'2011-08-26 00:00:00','pay',0,'no',5,1,NULL,NULL,'no'),
	(159,'2011-08-26 00:00:00','pay',0,'no',5,1,NULL,NULL,'no'),
	(160,'2011-08-26 00:00:00','pay',0,'no',5,1,NULL,NULL,'no'),
	(161,'2011-08-26 00:00:00','pay',0,'no',5,1,NULL,NULL,'no'),
	(162,'2011-08-26 00:00:00','pay',0,'no',5,1,NULL,NULL,'no'),
	(163,'2011-08-26 00:00:00','pay',0,'no',5,1,NULL,NULL,'no'),
	(164,'2011-08-26 00:00:00','pay',0,'no',5,1,NULL,NULL,'no'),
	(165,'2011-08-26 00:00:00','pay',0,'no',5,1,NULL,NULL,'no'),
	(166,'2011-08-26 00:00:00','pay',0,'no',5,1,NULL,NULL,'no'),
	(167,'2011-08-26 00:00:00','pay',0,'no',5,1,NULL,NULL,'no'),
	(168,'2011-08-26 00:00:00','pay',0,'no',5,1,NULL,NULL,'no'),
	(169,'2011-08-26 00:00:00','pay',0,'no',5,1,NULL,NULL,'no'),
	(170,'2011-08-26 00:00:00','pay',0,'no',5,1,NULL,NULL,'no'),
	(171,'2011-08-26 00:00:00','pay',0,'no',5,1,NULL,NULL,'no'),
	(172,'2011-08-26 00:00:00','pay',0,'no',5,1,NULL,NULL,'no'),
	(173,'2011-08-26 00:00:00','pay',0,'no',5,1,NULL,NULL,'no'),
	(174,'2011-08-26 00:00:00','pay',0,'no',5,1,NULL,NULL,'no'),
	(175,'2011-08-26 00:00:00','pay',0,'no',5,1,NULL,NULL,'no'),
	(176,'2011-08-26 00:00:00','pay',0,'no',5,1,NULL,NULL,'no'),
	(177,'2011-08-26 00:00:00','pay',0,'no',5,1,NULL,NULL,'no'),
	(178,'2011-08-26 00:00:00','pay',0,'no',5,1,NULL,NULL,'no'),
	(179,'2011-08-26 00:00:00','pay',0,'no',5,1,NULL,NULL,'no'),
	(180,'2011-08-26 00:00:00','pay',0,'no',5,1,NULL,NULL,'no'),
	(181,'2011-08-26 00:00:00','pay',0,'no',5,1,NULL,NULL,'no'),
	(182,'2011-08-26 00:00:00','pay',0,'no',5,1,NULL,NULL,'no'),
	(183,'2011-08-26 00:00:00','pay',0,'no',5,1,NULL,NULL,'no'),
	(184,'2011-08-26 00:00:00','pay',0,'no',5,1,NULL,NULL,'no'),
	(185,'2011-08-26 00:00:00','pay',0,'no',5,1,NULL,NULL,'no'),
	(186,'2011-08-26 00:00:00','pay',0,'no',5,1,NULL,NULL,'no'),
	(187,'2011-08-26 00:00:00','pay',0,'no',5,1,NULL,NULL,'no'),
	(188,'2011-08-26 00:00:00','pay',0,'no',5,1,NULL,NULL,'no'),
	(189,'2011-08-26 00:00:00','pay',0,'no',5,1,NULL,NULL,'no'),
	(190,'2011-08-26 00:00:00','pay',0,'no',5,1,NULL,NULL,'no'),
	(191,'2011-08-26 00:00:00','pay',0,'no',5,1,NULL,NULL,'no'),
	(192,'2011-08-26 00:00:00','pay',0,'no',5,1,NULL,NULL,'no'),
	(193,'2011-08-26 00:00:00','pay',0,'no',5,1,NULL,NULL,'no'),
	(194,'2011-08-26 00:00:00','pay',0,'no',5,1,NULL,NULL,'no'),
	(195,'2011-08-26 00:00:00','pay',0,'no',5,1,NULL,NULL,'no'),
	(196,'2011-08-26 00:00:00','pay',0,'no',5,1,NULL,NULL,'no'),
	(197,'2011-08-26 00:00:00','pay',0,'no',5,1,NULL,NULL,'no'),
	(198,'2011-08-26 00:00:00','pay',0,'no',5,1,NULL,NULL,'no'),
	(199,'2011-08-26 00:00:00','pay',0,'no',5,1,NULL,NULL,'no'),
	(200,'2011-08-26 00:00:00','pay',0,'no',5,1,NULL,NULL,'no'),
	(201,'2011-08-26 00:00:00','pay',0,'no',5,1,NULL,NULL,'no'),
	(202,'2011-08-26 00:00:00','pay',0,'no',5,1,NULL,NULL,'no'),
	(203,'2011-08-26 00:00:00','pay',0,'no',5,1,NULL,NULL,'no'),
	(204,'2011-08-27 00:00:00','pay',0,'no',5,1,NULL,NULL,'no'),
	(205,'2011-08-27 00:00:00','pay',0,'no',5,1,NULL,NULL,'no'),
	(206,'2011-08-27 00:00:00','pay',0,'no',5,1,NULL,NULL,'no'),
	(207,'2011-08-27 00:00:00','pay',0,'no',5,1,NULL,NULL,'no'),
	(208,'2011-08-27 00:00:00','pay',0,'no',5,1,NULL,NULL,'no'),
	(209,'2011-08-27 00:00:00','pay',0,'no',5,1,NULL,NULL,'no'),
	(210,'2011-08-27 00:00:00','pay',0,'no',5,1,NULL,NULL,'no'),
	(211,'2011-08-27 00:00:00','pay',0,'no',5,1,NULL,NULL,'no'),
	(212,'2011-08-27 00:00:00','pay',0,'no',5,1,NULL,NULL,'no'),
	(213,'2011-08-27 00:00:00','pay',4,'no',5,1,NULL,NULL,'no'),
	(214,'2011-08-27 00:00:00','pay',4,'no',5,1,NULL,NULL,'no'),
	(215,'2011-08-27 00:00:00','pay',0,'no',5,1,NULL,NULL,'no'),
	(216,'2011-08-27 00:00:00','pay',0,'no',5,1,NULL,NULL,'no'),
	(217,'2011-08-27 00:00:00','pay',0,'no',5,1,NULL,NULL,'no'),
	(218,'2011-08-27 00:00:00','pay',0,'no',5,1,NULL,NULL,'no'),
	(219,'2011-08-27 00:00:00','pay',0,'no',5,1,NULL,NULL,'no'),
	(220,'2011-08-27 00:00:00','pay',0,'no',5,1,NULL,NULL,'no'),
	(221,'2011-08-27 00:00:00','pay',0,'no',5,1,NULL,NULL,'no'),
	(222,'2011-08-27 00:00:00','pay',0,'no',5,1,NULL,NULL,'no'),
	(223,'2011-08-27 00:00:00','pay',0,'no',5,1,NULL,NULL,'no'),
	(224,'2011-08-27 00:00:00','pay',4,'no',5,1,NULL,NULL,'no'),
	(225,'2011-08-27 00:00:00','pay',0,'vat',5,1,NULL,NULL,'no'),
	(226,'2011-08-27 00:00:00','pay',0,'no',5,1,NULL,NULL,'no'),
	(227,'2011-08-27 00:00:00','pay',0,'no',5,1,NULL,NULL,'no'),
	(228,'2011-08-27 00:00:00','pay',0,'no',5,1,NULL,NULL,'no'),
	(229,'2011-08-27 00:00:00','pay',0,'no',5,1,NULL,NULL,'no'),
	(230,'2011-08-27 00:00:00','pay',0,'no',5,1,NULL,NULL,'no'),
	(231,'2011-08-27 00:00:00','pay',0,'no',5,1,NULL,NULL,'no'),
	(232,'2011-08-27 00:00:00','pay',0,'no',5,1,NULL,NULL,'no'),
	(233,'2011-08-28 00:00:00','pay',0,'no',5,1,NULL,NULL,'no'),
	(234,'2011-08-28 00:00:00','pay',0,'no',5,1,NULL,NULL,'no'),
	(235,'2011-08-28 00:00:00','pay',0,'no',5,1,NULL,NULL,'no'),
	(236,'2011-08-28 00:00:00','pay',0,'no',5,1,NULL,NULL,'no'),
	(237,'2011-08-28 00:00:00','pay',0,'no',5,1,NULL,NULL,'no'),
	(238,'2011-08-28 00:00:00','pay',0,'no',5,1,NULL,NULL,'no'),
	(239,'2011-08-28 00:00:00','pay',0,'no',5,1,NULL,NULL,'no'),
	(240,'2011-08-28 00:00:00','pay',0,'no',5,1,NULL,NULL,'no'),
	(241,'2011-08-28 00:00:00','pay',0,'no',5,1,NULL,NULL,'no'),
	(242,'2011-08-28 00:00:00','pay',0,'no',5,1,NULL,NULL,'no'),
	(243,'2011-08-28 00:00:00','pay',0,'no',5,1,NULL,NULL,'no'),
	(244,'2011-08-28 00:00:00','pay',0,'no',5,1,NULL,NULL,'no'),
	(245,'2011-08-28 00:00:00','pay',0,'no',5,1,NULL,NULL,'no'),
	(246,'2011-08-28 00:00:00','pay',0,'no',5,1,NULL,NULL,'no'),
	(247,'2011-08-28 00:00:00','pay',0,'no',5,1,NULL,NULL,'no'),
	(248,'2011-08-28 00:00:00','pay',0,'no',5,1,NULL,NULL,'no'),
	(249,'2011-08-28 00:00:00','pay',0,'no',5,1,NULL,NULL,'no'),
	(250,'2011-08-28 00:00:00','pay',0,'no',5,1,NULL,NULL,'no'),
	(251,'2011-08-28 00:00:00','pay',4,'no',5,1,NULL,NULL,'no'),
	(252,'2011-08-28 00:00:00','pay',1,'no',5,1,NULL,NULL,'no'),
	(253,'2011-08-28 00:00:00','pay',4,'no',5,1,NULL,NULL,'no'),
	(254,'2011-08-28 00:00:00','pay',0,'no',5,1,NULL,NULL,'no'),
	(255,'2011-08-28 00:00:00','pay',0,'no',5,1,NULL,NULL,'no'),
	(256,'2011-08-28 00:00:00','pay',0,'no',5,1,NULL,NULL,'no'),
	(257,'2011-08-28 00:00:00','pay',0,'no',5,1,NULL,NULL,'no'),
	(258,'2011-08-28 00:00:00','pay',0,'no',5,1,NULL,NULL,'no'),
	(259,'2011-08-28 00:00:00','pay',0,'no',5,1,NULL,NULL,'no'),
	(260,'2011-08-28 00:00:00','pay',0,'no',5,1,NULL,NULL,'no'),
	(261,'2011-08-29 00:00:00','pay',0,'no',5,1,NULL,NULL,'no'),
	(262,'2011-08-29 00:00:00','pay',0,'no',5,1,NULL,NULL,'no'),
	(263,'2011-08-29 00:00:00','pay',0,'no',5,1,NULL,NULL,'no'),
	(264,'2011-08-29 00:00:00','pay',0,'no',5,1,NULL,NULL,'no'),
	(265,'2011-08-29 00:00:00','pay',0,'no',5,1,NULL,NULL,'no'),
	(266,'2011-08-29 00:00:00','pay',0,'no',5,1,NULL,NULL,'no'),
	(267,'2011-08-29 00:00:00','pay',0,'no',5,1,NULL,NULL,'no'),
	(268,'2011-08-29 00:00:00','pay',0,'no',5,1,NULL,NULL,'no'),
	(269,'2011-08-29 00:00:00','pay',0,'no',5,1,NULL,NULL,'no'),
	(270,'2011-08-29 00:00:00','pay',0,'no',5,1,NULL,NULL,'no'),
	(271,'2011-08-29 00:00:00','pay',0,'no',5,1,NULL,NULL,'no'),
	(272,'2011-08-29 00:00:00','pay',0,'no',5,1,NULL,NULL,'no'),
	(273,'2011-08-29 00:00:00','pay',0,'no',5,1,NULL,NULL,'no'),
	(274,'2011-08-29 00:00:00','pay',0,'no',5,1,NULL,NULL,'no'),
	(275,'2011-08-29 00:00:00','pay',0,'no',5,1,NULL,NULL,'no'),
	(276,'2011-08-29 00:00:00','pay',0,'no',5,1,NULL,NULL,'no'),
	(277,'2011-08-29 00:00:00','pay',0,'no',5,1,NULL,NULL,'no'),
	(278,'2011-08-29 00:00:00','pay',0,'no',5,1,NULL,NULL,'no'),
	(279,'2011-08-29 00:00:00','pay',0,'no',5,1,NULL,NULL,'no'),
	(280,'2011-08-29 00:00:00','pay',0,'no',5,1,NULL,NULL,'no'),
	(281,'2011-08-29 00:00:00','pay',0,'no',5,1,NULL,NULL,'no'),
	(282,'2011-08-29 00:00:00','pay',0,'no',5,1,NULL,NULL,'no'),
	(283,'2011-08-29 00:00:00','pay',0,'no',5,1,NULL,NULL,'no'),
	(284,'2011-08-29 00:00:00','pay',0,'no',5,1,NULL,NULL,'no'),
	(285,'2011-08-29 00:00:00','pay',0,'no',5,1,NULL,NULL,'no'),
	(286,'2011-08-29 00:00:00','pay',0,'no',5,1,NULL,NULL,'no'),
	(287,'2011-08-29 00:00:00','pay',0,'no',5,1,NULL,NULL,'no'),
	(288,'2011-08-30 00:00:00','pay',0,'no',5,1,NULL,NULL,'no'),
	(289,'2011-08-30 00:00:00','pay',0,'no',5,1,NULL,NULL,'no'),
	(290,'2011-08-30 00:00:00','pay',0,'no',5,1,NULL,NULL,'no'),
	(291,'2011-08-30 00:00:00','pay',0,'no',5,1,NULL,NULL,'no'),
	(292,'2011-08-30 00:00:00','pay',0,'no',5,1,NULL,NULL,'no'),
	(293,'2011-08-30 00:00:00','pay',0,'no',5,1,NULL,NULL,'no'),
	(294,'2011-08-30 00:00:00','pay',0,'no',5,1,NULL,NULL,'no'),
	(295,'2011-08-30 00:00:00','pay',0,'no',5,1,NULL,NULL,'no'),
	(296,'2011-08-30 00:00:00','pay',0,'no',5,1,NULL,NULL,'no'),
	(297,'2011-08-30 00:00:00','pay',0,'no',5,1,NULL,NULL,'no'),
	(298,'2011-08-30 00:00:00','pay',0,'no',5,1,NULL,NULL,'no'),
	(299,'2011-08-30 00:00:00','pay',0,'no',5,1,NULL,NULL,'no'),
	(300,'2011-08-30 00:00:00','pay',0,'no',5,1,NULL,NULL,'no'),
	(301,'2011-08-30 00:00:00','pay',0,'no',5,1,NULL,NULL,'no'),
	(302,'2011-08-30 00:00:00','pay',0,'no',5,1,NULL,NULL,'no'),
	(303,'2011-08-30 00:00:00','pay',0,'no',5,1,NULL,NULL,'no'),
	(304,'2011-08-30 00:00:00','pay',0,'no',5,1,NULL,NULL,'no'),
	(305,'2011-08-30 00:00:00','pay',0,'no',5,1,NULL,NULL,'no'),
	(306,'2011-08-30 00:00:00','pay',0,'no',5,1,NULL,NULL,'no'),
	(307,'2011-08-30 00:00:00','pay',0,'no',5,1,NULL,NULL,'no'),
	(308,'2011-08-30 00:00:00','pay',0,'no',5,1,NULL,NULL,'no'),
	(309,'2011-08-30 00:00:00','pay',0,'no',5,1,NULL,NULL,'no'),
	(310,'2011-08-30 00:00:00','pay',0,'no',5,1,NULL,NULL,'no'),
	(311,'2011-08-30 00:00:00','pay',0,'no',5,1,NULL,NULL,'no'),
	(312,'2011-08-30 00:00:00','pay',0,'no',5,1,NULL,NULL,'no'),
	(313,'2011-08-30 00:00:00','pay',0,'no',5,1,NULL,NULL,'no'),
	(314,'2011-08-30 00:00:00','pay',0,'no',5,1,NULL,NULL,'no'),
	(315,'2011-08-31 00:00:00','pay',0,'no',5,1,NULL,NULL,'no'),
	(316,'2011-08-31 00:00:00','pay',0,'no',5,1,NULL,NULL,'no'),
	(317,'2011-08-31 00:00:00','pay',0,'no',5,1,NULL,NULL,'no'),
	(318,'2011-08-31 00:00:00','pay',0,'no',5,1,NULL,NULL,'no'),
	(319,'2011-08-31 00:00:00','pay',0,'no',5,1,NULL,NULL,'no'),
	(320,'2011-08-31 00:00:00','pay',0,'no',5,1,NULL,NULL,'no'),
	(321,'2011-08-31 00:00:00','pay',0,'no',5,1,NULL,NULL,'no'),
	(322,'2011-08-31 00:00:00','pay',0,'no',5,1,NULL,NULL,'no'),
	(323,'2011-08-31 00:00:00','pay',0,'no',5,1,NULL,NULL,'no'),
	(324,'2011-08-31 00:00:00','pay',0,'no',5,1,NULL,NULL,'no'),
	(325,'2011-08-31 00:00:00','pay',0,'no',5,1,NULL,NULL,'no'),
	(326,'2011-08-31 00:00:00','pay',0,'no',5,1,NULL,NULL,'no'),
	(327,'2011-08-31 00:00:00','pay',0,'no',5,1,NULL,NULL,'no'),
	(328,'2011-08-31 00:00:00','pay',0,'no',5,1,NULL,NULL,'no'),
	(329,'2011-08-31 00:00:00','pay',0,'no',5,1,NULL,NULL,'no'),
	(330,'2011-08-31 00:00:00','pay',0,'no',5,1,NULL,NULL,'no'),
	(331,'2011-08-31 00:00:00','pay',0,'no',5,1,NULL,NULL,'no'),
	(332,'2011-08-31 00:00:00','pay',0,'no',5,1,NULL,NULL,'no'),
	(333,'2011-08-31 00:00:00','pay',0,'no',5,1,NULL,NULL,'no'),
	(334,'2011-08-31 00:00:00','pay',0,'no',5,1,NULL,NULL,'no'),
	(335,'2011-08-31 00:00:00','pay',0,'no',5,1,NULL,NULL,'no'),
	(336,'2011-08-31 00:00:00','pay',0,'no',5,1,NULL,NULL,'no'),
	(337,'2011-08-31 00:00:00','pay',0,'no',5,1,NULL,NULL,'no'),
	(338,'2011-09-01 00:00:00','pay',0,'no',5,1,NULL,NULL,'no'),
	(339,'2011-09-01 00:00:00','pay',0,'no',5,1,NULL,NULL,'no'),
	(340,'2011-09-01 00:00:00','pay',0,'no',5,1,NULL,NULL,'no'),
	(341,'2011-09-01 00:00:00','pay',0,'no',5,1,NULL,NULL,'no'),
	(342,'2011-09-01 00:00:00','pay',0,'no',5,1,NULL,NULL,'no'),
	(343,'2011-09-01 00:00:00','pay',0,'no',5,1,NULL,NULL,'no'),
	(344,'2011-09-01 00:00:00','pay',0,'no',5,1,NULL,NULL,'no'),
	(345,'2011-09-01 00:00:00','pay',0,'no',5,1,NULL,NULL,'no'),
	(346,'2011-09-01 00:00:00','pay',0,'no',5,1,NULL,NULL,'no'),
	(347,'2011-09-01 00:00:00','pay',0,'no',5,1,NULL,NULL,'no'),
	(348,'2011-09-01 00:00:00','pay',0,'no',5,1,NULL,NULL,'no'),
	(349,'2011-09-01 00:00:00','pay',0,'no',5,1,NULL,NULL,'no'),
	(350,'2011-09-01 00:00:00','pay',0,'no',5,1,NULL,NULL,'no'),
	(351,'2011-09-01 00:00:00','pay',0,'no',5,1,NULL,NULL,'no'),
	(352,'2011-09-01 00:00:00','pay',0,'no',5,1,NULL,NULL,'no'),
	(353,'2011-09-01 00:00:00','pay',0,'no',5,1,NULL,NULL,'no'),
	(354,'2011-09-01 00:00:00','pay',0,'no',5,1,NULL,NULL,'no'),
	(355,'2011-09-01 00:00:00','pay',0,'no',5,1,NULL,NULL,'no'),
	(356,'2011-09-01 00:00:00','pay',0,'no',5,1,NULL,NULL,'no'),
	(357,'2011-09-01 00:00:00','pay',0,'no',5,1,NULL,NULL,'no'),
	(358,'2011-09-01 00:00:00','pay',0,'no',5,1,NULL,NULL,'no'),
	(359,'2011-09-01 00:00:00','pay',0,'no',5,1,NULL,NULL,'no'),
	(360,'2011-09-01 00:00:00','pay',0,'no',5,1,NULL,NULL,'no'),
	(361,'2011-09-01 00:00:00','pay',0,'no',5,1,NULL,NULL,'no'),
	(362,'2011-09-01 00:00:00','pay',0,'no',5,1,NULL,NULL,'no'),
	(363,'2011-09-01 00:00:00','pay',0,'no',5,1,NULL,NULL,'no'),
	(364,'2011-09-01 00:00:00','pay',0,'no',5,1,NULL,NULL,'no'),
	(365,'2011-09-01 00:00:00','pay',0,'no',5,1,NULL,NULL,'no'),
	(366,'2011-09-01 00:00:00','pay',0,'no',5,1,NULL,NULL,'no'),
	(367,'2011-09-01 00:00:00','pay',0,'no',5,1,NULL,NULL,'no'),
	(368,'2011-09-01 00:00:00','pay',0,'no',5,1,NULL,NULL,'no'),
	(369,'2011-09-01 00:00:00','pay',0,'no',5,1,NULL,NULL,'no'),
	(370,'2011-09-01 00:00:00','pay',0,'no',5,1,NULL,NULL,'no'),
	(371,'2011-09-01 00:00:00','pay',0,'no',5,1,NULL,NULL,'no'),
	(372,'2011-09-01 00:00:00','pay',0,'no',5,1,NULL,NULL,'no'),
	(373,'2011-09-01 00:00:00','pay',0,'no',5,1,NULL,NULL,'no'),
	(374,'2011-09-01 00:00:00','pay',0,'no',5,1,NULL,NULL,'no'),
	(375,'2011-09-01 00:00:00','pay',0,'no',5,1,NULL,NULL,'no'),
	(376,'2011-09-01 00:00:00','pay',0,'no',5,1,NULL,NULL,'no'),
	(377,'2011-09-01 00:00:00','pay',0,'no',5,1,NULL,NULL,'no'),
	(378,'2011-09-01 00:00:00','pay',0,'no',5,1,NULL,NULL,'no'),
	(379,'2011-09-01 00:00:00','pay',0,'no',5,1,NULL,NULL,'no'),
	(380,'2011-09-01 00:00:00','pay',0,'no',5,1,NULL,NULL,'no'),
	(381,'2011-09-01 00:00:00','pay',0,'no',5,1,NULL,NULL,'no'),
	(382,'2011-09-01 00:00:00','pay',0,'no',5,1,NULL,NULL,'no'),
	(383,'2011-09-01 00:00:00','pay',0,'no',5,1,NULL,NULL,'no'),
	(384,'2011-09-01 00:00:00','pay',0,'no',5,1,NULL,NULL,'no'),
	(385,'2011-09-01 00:00:00','pay',0,'no',5,1,NULL,NULL,'no'),
	(386,'2011-09-01 00:00:00','pay',0,'no',5,1,NULL,NULL,'no'),
	(387,'2011-09-02 00:00:00','pay',0,'no',5,1,NULL,NULL,'no'),
	(388,'2011-09-02 00:00:00','pay',0,'no',5,1,NULL,NULL,'no'),
	(389,'2011-09-02 00:00:00','pay',0,'no',5,1,NULL,NULL,'no'),
	(390,'2011-09-02 00:00:00','pay',0,'no',5,1,NULL,NULL,'no'),
	(391,'2011-09-02 00:00:00','pay',0,'no',5,1,NULL,NULL,'no'),
	(392,'2011-09-02 00:00:00','pay',0,'no',5,1,NULL,NULL,'no'),
	(393,'2011-09-02 00:00:00','pay',0,'no',5,1,NULL,NULL,'no'),
	(394,'2011-09-02 00:00:00','pay',0,'no',5,1,NULL,NULL,'no'),
	(395,'2011-09-02 00:00:00','pay',0,'no',5,1,NULL,NULL,'no'),
	(396,'2011-09-02 00:00:00','pay',0,'no',5,1,NULL,NULL,'no'),
	(397,'2011-09-02 00:00:00','pay',0,'no',5,1,NULL,NULL,'no'),
	(398,'2011-09-02 00:00:00','pay',0,'no',5,1,NULL,NULL,'no'),
	(399,'2011-09-02 00:00:00','pay',0,'no',5,1,NULL,NULL,'no'),
	(400,'2011-09-02 00:00:00','pay',0,'no',5,1,NULL,NULL,'no'),
	(401,'2011-09-02 00:00:00','pay',0,'no',5,1,NULL,NULL,'no'),
	(402,'2011-09-02 00:00:00','pay',0,'no',5,1,NULL,NULL,'no'),
	(403,'2011-09-02 00:00:00','pay',0,'no',5,1,NULL,NULL,'no'),
	(404,'2011-09-02 00:00:00','pay',0,'no',5,1,NULL,NULL,'no'),
	(405,'2011-09-02 00:00:00','pay',0,'no',5,1,NULL,NULL,'no'),
	(406,'2011-09-02 00:00:00','pay',0,'no',5,1,NULL,NULL,'no'),
	(407,'2011-09-02 00:00:00','pay',0,'no',5,1,NULL,NULL,'no'),
	(408,'2011-09-02 00:00:00','pay',0,'no',5,1,NULL,NULL,'no'),
	(409,'2011-09-02 00:00:00','pay',0,'no',5,1,NULL,NULL,'no'),
	(410,'2011-09-02 00:00:00','pay',0,'no',5,1,NULL,NULL,'no'),
	(411,'2011-09-02 00:00:00','pay',0,'no',5,1,NULL,NULL,'no'),
	(412,'2011-09-02 00:00:00','pay',0,'no',5,1,NULL,NULL,'no'),
	(413,'2011-09-02 00:00:00','pay',0,'no',5,1,NULL,NULL,'no'),
	(414,'2011-09-02 00:00:00','pay',0,'no',5,1,NULL,NULL,'no'),
	(415,'2011-09-02 00:00:00','pay',0,'no',5,1,NULL,NULL,'no'),
	(416,'2011-09-02 00:00:00','pay',0,'no',5,1,NULL,NULL,'no'),
	(417,'2011-09-02 00:00:00','pay',0,'no',5,1,NULL,NULL,'no'),
	(418,'2011-09-02 00:00:00','pay',0,'no',5,1,NULL,NULL,'no'),
	(419,'2011-09-02 00:00:00','pay',0,'no',5,1,NULL,NULL,'no'),
	(420,'2011-09-02 00:00:00','pay',0,'no',5,1,NULL,NULL,'no'),
	(421,'2011-09-02 00:00:00','pay',0,'no',5,1,NULL,NULL,'no'),
	(422,'2011-09-02 00:00:00','pay',0,'no',5,1,NULL,NULL,'no'),
	(423,'2011-09-02 00:00:00','pay',0,'no',5,1,NULL,NULL,'no'),
	(424,'2011-09-02 00:00:00','pay',0,'no',5,1,NULL,NULL,'no'),
	(425,'2011-09-02 00:00:00','pay',0,'no',5,1,NULL,NULL,'no'),
	(426,'2011-09-02 00:00:00','pay',0,'no',5,1,NULL,NULL,'no'),
	(427,'2011-09-02 00:00:00','pay',0,'no',5,1,NULL,NULL,'no'),
	(428,'2011-09-02 00:00:00','pay',0,'no',5,1,NULL,NULL,'no'),
	(429,'2011-09-02 00:00:00','pay',0,'no',5,1,NULL,NULL,'no'),
	(430,'2011-09-02 00:00:00','pay',0,'no',5,1,NULL,NULL,'no'),
	(431,'2011-09-03 00:00:00','pay',0,'no',5,1,NULL,NULL,'no'),
	(432,'2011-09-03 00:00:00','pay',0,'no',5,1,NULL,NULL,'no'),
	(433,'2011-09-03 00:00:00','pay',0,'no',5,1,NULL,NULL,'no'),
	(434,'2011-09-03 00:00:00','pay',0,'no',5,1,NULL,NULL,'no'),
	(435,'2011-09-03 00:00:00','pay',0,'no',5,1,NULL,NULL,'no'),
	(436,'2011-09-03 00:00:00','pay',0,'no',5,1,NULL,NULL,'no'),
	(437,'2011-09-03 00:00:00','pay',0,'no',5,1,NULL,NULL,'no'),
	(438,'2011-09-03 00:00:00','pay',0,'no',5,1,NULL,NULL,'no'),
	(439,'2011-09-03 00:00:00','pay',0,'no',5,1,NULL,NULL,'no'),
	(440,'2011-09-03 00:00:00','pay',0,'no',5,1,NULL,NULL,'no'),
	(441,'2011-09-03 00:00:00','pay',0,'no',5,1,NULL,NULL,'no'),
	(442,'2011-09-03 00:00:00','pay',0,'no',5,1,NULL,NULL,'no'),
	(443,'2011-09-03 00:00:00','pay',0,'no',5,1,NULL,NULL,'no'),
	(444,'2011-09-03 00:00:00','pay',0,'no',5,1,NULL,NULL,'no'),
	(445,'2011-09-03 00:00:00','pay',0,'no',5,1,NULL,NULL,'no'),
	(446,'2011-09-03 00:00:00','pay',0,'no',5,1,NULL,NULL,'no'),
	(447,'2011-09-03 00:00:00','pay',0,'no',5,1,NULL,NULL,'no'),
	(448,'2011-09-03 00:00:00','pay',0,'no',5,1,NULL,NULL,'no'),
	(449,'2011-09-03 00:00:00','pay',0,'no',5,1,NULL,NULL,'no'),
	(450,'2011-09-03 00:00:00','pay',0,'no',5,1,NULL,NULL,'no'),
	(451,'2011-09-03 00:00:00','pay',0,'no',5,1,NULL,NULL,'no'),
	(452,'2011-09-03 00:00:00','pay',0,'no',5,1,NULL,NULL,'no'),
	(453,'2011-09-03 00:00:00','pay',0,'no',5,1,NULL,NULL,'no'),
	(454,'2011-09-03 00:00:00','pay',0,'no',5,1,NULL,NULL,'no'),
	(455,'2011-09-03 00:00:00','pay',0,'no',5,1,NULL,NULL,'no'),
	(456,'2011-09-03 00:00:00','pay',0,'no',5,1,NULL,NULL,'no'),
	(457,'2011-09-03 00:00:00','pay',0,'no',5,1,NULL,NULL,'no'),
	(458,'2011-09-03 00:00:00','pay',0,'no',5,1,NULL,NULL,'no'),
	(459,'2011-09-03 00:00:00','pay',0,'no',5,1,NULL,NULL,'no'),
	(460,'2011-09-03 00:00:00','pay',0,'no',5,1,NULL,NULL,'no'),
	(461,'2011-09-03 00:00:00','pay',0,'no',5,1,NULL,NULL,'no'),
	(462,'2011-09-03 00:00:00','pay',0,'no',5,1,NULL,NULL,'no'),
	(463,'2011-09-04 00:00:00','pay',0,'no',5,1,NULL,NULL,'no'),
	(464,'2011-09-04 00:00:00','pay',0,'no',5,1,NULL,NULL,'no'),
	(465,'2011-09-04 00:00:00','pay',0,'no',5,1,NULL,NULL,'no'),
	(466,'2011-09-04 00:00:00','pay',0,'no',5,1,NULL,NULL,'no'),
	(467,'2011-09-04 00:00:00','pay',0,'no',5,1,NULL,NULL,'no'),
	(468,'2011-09-04 00:00:00','pay',0,'no',5,1,NULL,NULL,'no'),
	(469,'2011-09-04 00:00:00','pay',0,'no',5,1,NULL,NULL,'no'),
	(470,'2011-09-04 00:00:00','pay',0,'no',5,1,NULL,NULL,'no'),
	(471,'2011-09-04 00:00:00','pay',0,'no',5,1,NULL,NULL,'no'),
	(472,'2011-09-04 00:00:00','pay',0,'no',5,1,NULL,NULL,'no'),
	(473,'2011-09-04 00:00:00','pay',0,'no',5,1,NULL,NULL,'no'),
	(474,'2011-09-04 00:00:00','pay',0,'no',5,1,NULL,NULL,'no'),
	(475,'2011-09-04 00:00:00','pay',4,'no',5,1,NULL,NULL,'no'),
	(476,'2011-09-04 00:00:00','pay',0,'no',5,1,NULL,NULL,'no'),
	(477,'2011-09-04 00:00:00','pay',0,'no',5,1,NULL,NULL,'no'),
	(478,'2011-09-04 00:00:00','pay',0,'no',5,1,NULL,NULL,'no'),
	(479,'2011-09-04 00:00:00','pay',0,'no',5,1,NULL,NULL,'no'),
	(480,'2011-09-04 00:00:00','pay',0,'no',5,1,NULL,NULL,'no'),
	(481,'2011-09-04 00:00:00','pay',0,'no',5,1,NULL,NULL,'no'),
	(482,'2011-09-04 00:00:00','pay',0,'no',5,1,NULL,NULL,'no'),
	(483,'2011-09-04 00:00:00','pay',0,'no',5,1,NULL,NULL,'no'),
	(484,'2011-09-04 00:00:00','pay',0,'no',5,1,NULL,NULL,'no'),
	(485,'2011-09-04 00:00:00','pay',0,'no',5,1,NULL,NULL,'no'),
	(486,'2011-09-04 00:00:00','pay',0,'no',5,1,NULL,NULL,'no'),
	(487,'2011-09-04 00:00:00','pay',0,'no',5,1,NULL,NULL,'no'),
	(488,'2011-09-04 00:00:00','pay',0,'no',5,1,NULL,NULL,'no'),
	(489,'2011-09-04 00:00:00','pay',0,'no',5,1,NULL,NULL,'no'),
	(490,'2011-09-04 00:00:00','pay',0,'no',5,1,NULL,NULL,'no'),
	(491,'2011-09-04 00:00:00','pay',0,'no',5,1,NULL,NULL,'no'),
	(492,'2011-09-04 00:00:00','pay',0,'no',5,1,NULL,NULL,'no'),
	(493,'2011-09-05 00:00:00','pay',0,'no',5,1,NULL,NULL,'no'),
	(494,'2011-09-05 00:00:00','pay',0,'no',5,1,NULL,NULL,'no'),
	(495,'2011-09-05 00:00:00','pay',0,'no',5,1,NULL,NULL,'no'),
	(496,'2011-09-05 00:00:00','pay',0,'no',5,1,NULL,NULL,'no'),
	(497,'2011-09-05 00:00:00','pay',0,'no',5,1,NULL,NULL,'no'),
	(498,'2011-09-05 00:00:00','pay',0,'no',5,1,NULL,NULL,'no'),
	(499,'2011-09-05 00:00:00','pay',0,'no',5,1,NULL,NULL,'no'),
	(500,'2011-09-05 00:00:00','pay',0,'no',5,1,NULL,NULL,'no'),
	(501,'2011-09-05 00:00:00','pay',0,'no',5,1,NULL,NULL,'no'),
	(502,'2011-09-05 00:00:00','pay',0,'no',5,1,NULL,NULL,'no'),
	(503,'2011-09-05 00:00:00','pay',0,'no',5,1,NULL,NULL,'no'),
	(504,'2011-09-05 00:00:00','pay',0,'no',5,1,NULL,NULL,'no'),
	(505,'2011-09-05 00:00:00','pay',0,'no',5,1,NULL,NULL,'no'),
	(506,'2011-09-05 00:00:00','pay',0,'no',5,1,NULL,NULL,'no'),
	(507,'2011-09-05 00:00:00','pay',0,'no',5,1,NULL,NULL,'no'),
	(508,'2011-09-05 00:00:00','pay',0,'no',5,1,NULL,NULL,'no'),
	(509,'2011-09-05 00:00:00','pay',0,'no',5,1,NULL,NULL,'no'),
	(510,'2011-09-05 00:00:00','pay',0,'no',5,1,NULL,NULL,'no'),
	(511,'2011-09-05 00:00:00','pay',0,'no',5,1,NULL,NULL,'no'),
	(512,'2011-09-05 00:00:00','pay',0,'no',5,1,NULL,NULL,'no'),
	(513,'2011-09-05 00:00:00','pay',0,'no',5,1,NULL,NULL,'no'),
	(514,'2011-09-05 00:00:00','pay',0,'no',5,1,NULL,NULL,'no'),
	(515,'2011-09-05 00:00:00','pay',0,'no',5,1,NULL,NULL,'no'),
	(516,'2011-09-05 00:00:00','pay',0,'no',5,1,NULL,NULL,'no'),
	(517,'2011-09-05 00:00:00','pay',0,'no',5,1,NULL,NULL,'no'),
	(518,'2011-09-05 00:00:00','pay',0,'no',5,1,NULL,NULL,'no'),
	(519,'2011-09-05 00:00:00','pay',0,'no',5,1,NULL,NULL,'no'),
	(520,'2011-09-05 00:00:00','pay',0,'no',5,1,NULL,NULL,'no'),
	(521,'2011-09-05 00:00:00','pay',0,'no',5,1,NULL,NULL,'no'),
	(522,'2011-09-05 00:00:00','pay',0,'no',5,1,NULL,NULL,'no'),
	(523,'2011-09-05 00:00:00','pay',0,'no',5,1,NULL,NULL,'no'),
	(524,'2011-09-05 00:00:00','pay',0,'no',5,1,NULL,NULL,'no'),
	(525,'2011-09-06 00:00:00','pay',0,'no',5,1,NULL,NULL,'no'),
	(526,'2011-09-06 00:00:00','pay',0,'no',5,1,NULL,NULL,'no'),
	(527,'2011-09-06 00:00:00','pay',0,'no',5,1,NULL,NULL,'no'),
	(528,'2011-09-06 00:00:00','pay',0,'no',5,1,NULL,NULL,'no'),
	(529,'2011-09-06 00:00:00','pay',0,'no',5,1,NULL,NULL,'no'),
	(530,'2011-09-06 00:00:00','pay',0,'no',5,1,NULL,NULL,'no'),
	(531,'2011-09-06 00:00:00','pay',0,'no',5,1,NULL,NULL,'no'),
	(532,'2011-09-06 00:00:00','pay',0,'no',5,1,NULL,NULL,'no'),
	(533,'2011-09-06 00:00:00','pay',0,'no',5,1,NULL,NULL,'no'),
	(534,'2011-09-06 00:00:00','pay',0,'no',5,1,NULL,NULL,'no'),
	(535,'2011-09-06 00:00:00','pay',0,'no',5,1,NULL,NULL,'no'),
	(536,'2011-09-06 00:00:00','pay',0,'no',5,1,NULL,NULL,'no'),
	(537,'2011-09-06 00:00:00','pay',0,'no',5,1,NULL,NULL,'no'),
	(538,'2011-09-06 00:00:00','pay',0,'no',5,1,NULL,NULL,'no'),
	(539,'2011-09-06 00:00:00','pay',0,'no',5,1,NULL,NULL,'no'),
	(540,'2011-09-06 00:00:00','pay',0,'no',5,1,NULL,NULL,'no'),
	(541,'2011-09-06 00:00:00','pay',0,'no',5,1,NULL,NULL,'no'),
	(542,'2011-09-06 00:00:00','pay',0,'no',5,1,NULL,NULL,'no'),
	(543,'2011-09-06 00:00:00','pay',0,'no',5,1,NULL,NULL,'no'),
	(544,'2011-09-06 00:00:00','pay',0,'no',5,1,NULL,NULL,'no'),
	(545,'2011-09-06 00:00:00','pay',0,'no',5,1,NULL,NULL,'no'),
	(546,'2011-09-06 00:00:00','pay',0,'no',5,1,NULL,NULL,'no'),
	(547,'2011-09-06 00:00:00','pay',0,'no',5,1,NULL,NULL,'no'),
	(548,'2011-09-06 00:00:00','pay',0,'no',5,1,NULL,NULL,'no'),
	(549,'2011-09-06 00:00:00','pay',0,'no',5,1,NULL,NULL,'no'),
	(550,'2011-09-06 00:00:00','pay',0,'no',5,1,NULL,NULL,'no'),
	(551,'2011-09-06 00:00:00','pay',0,'no',5,1,NULL,NULL,'no'),
	(552,'2011-09-06 00:00:00','pay',0,'no',5,1,NULL,NULL,'no'),
	(553,'2011-09-06 00:00:00','pay',0,'no',5,1,NULL,NULL,'no'),
	(554,'2011-09-06 00:00:00','pay',0,'no',5,1,NULL,NULL,'no'),
	(555,'2011-09-06 00:00:00','pay',0,'no',5,1,NULL,NULL,'no'),
	(556,'2011-09-06 00:00:00','pay',0,'no',5,1,NULL,NULL,'no'),
	(557,'2011-09-06 00:00:00','pay',0,'no',5,1,NULL,NULL,'no'),
	(558,'2011-09-06 00:00:00','pay',0,'no',5,1,NULL,NULL,'no'),
	(559,'2011-09-06 00:00:00','pay',0,'no',5,1,NULL,NULL,'no'),
	(560,'2011-09-06 00:00:00','pay',0,'no',5,1,NULL,NULL,'no'),
	(561,'2011-09-06 00:00:00','pay',0,'no',5,1,NULL,NULL,'no'),
	(562,'2011-09-06 00:00:00','pay',0,'no',5,1,NULL,NULL,'no'),
	(563,'2011-09-06 00:00:00','pay',0,'no',5,1,NULL,NULL,'no'),
	(564,'2011-09-06 00:00:00','pay',0,'no',5,1,NULL,NULL,'no'),
	(565,'2011-09-06 00:00:00','pay',0,'no',5,1,NULL,NULL,'no'),
	(566,'2011-09-06 00:00:00','pay',0,'no',5,1,NULL,NULL,'no'),
	(567,'2011-09-06 00:00:00','pay',0,'no',5,1,NULL,NULL,'no'),
	(568,'2011-09-06 00:00:00','pay',0,'no',5,1,NULL,NULL,'no'),
	(569,'2011-09-06 00:00:00','pay',0,'no',5,1,NULL,NULL,'no'),
	(570,'2011-09-06 00:00:00','pay',0,'no',5,1,NULL,NULL,'no'),
	(571,'2011-09-06 00:00:00','pay',0,'no',5,1,NULL,NULL,'no'),
	(572,'2011-09-06 00:00:00','pay',0,'no',5,1,NULL,NULL,'no'),
	(573,'2011-09-06 00:00:00','pay',0,'no',5,1,NULL,NULL,'no'),
	(574,'2011-09-06 00:00:00','pay',0,'no',5,1,NULL,NULL,'no'),
	(575,'2011-09-06 00:00:00','pay',0,'no',5,1,NULL,NULL,'no'),
	(576,'2011-09-06 00:00:00','pay',0,'no',5,1,NULL,NULL,'no'),
	(577,'2011-09-07 00:00:00','pay',0,'no',5,1,NULL,NULL,'no'),
	(578,'2011-09-07 00:00:00','pay',0,'no',5,1,NULL,NULL,'no'),
	(579,'2011-09-07 00:00:00','pay',0,'no',5,1,NULL,NULL,'no'),
	(580,'2011-09-07 00:00:00','pay',0,'no',5,1,NULL,NULL,'no'),
	(581,'2011-09-07 00:00:00','pay',0,'no',5,1,NULL,NULL,'no'),
	(582,'2011-09-07 00:00:00','pay',0,'no',5,1,NULL,NULL,'no'),
	(583,'2011-09-07 00:00:00','pay',0,'no',5,1,NULL,NULL,'no'),
	(584,'2011-09-07 00:00:00','pay',0,'no',5,1,NULL,NULL,'no'),
	(585,'2011-09-07 00:00:00','pay',0,'no',5,1,NULL,NULL,'no'),
	(586,'2011-09-07 00:00:00','pay',0,'no',5,1,NULL,NULL,'no'),
	(587,'2011-09-07 00:00:00','pay',0,'no',5,1,NULL,NULL,'no'),
	(588,'2011-09-07 00:00:00','pay',0,'no',5,1,NULL,NULL,'no'),
	(589,'2011-09-07 00:00:00','pay',0,'no',5,1,NULL,NULL,'no'),
	(590,'2011-09-07 00:00:00','pay',0,'no',5,1,NULL,NULL,'no'),
	(591,'2011-09-07 00:00:00','pay',0,'no',5,1,NULL,NULL,'no'),
	(592,'2011-09-07 00:00:00','pay',0,'no',5,1,NULL,NULL,'no'),
	(593,'2011-09-07 00:00:00','pay',0,'no',5,1,NULL,NULL,'no'),
	(594,'2011-09-08 00:00:00','pay',0,'no',5,1,NULL,NULL,'no'),
	(595,'2011-09-08 00:00:00','pay',0,'no',5,1,NULL,NULL,'no'),
	(596,'2011-09-08 00:00:00','pay',0,'no',5,1,NULL,NULL,'no'),
	(597,'2011-09-08 00:00:00','pay',0,'no',5,1,NULL,NULL,'no'),
	(598,'2011-09-08 00:00:00','pay',0,'no',5,1,NULL,NULL,'no'),
	(599,'2011-09-08 00:00:00','pay',0,'no',5,1,NULL,NULL,'no'),
	(600,'2011-09-08 00:00:00','pay',0,'no',5,1,NULL,NULL,'no'),
	(601,'2011-09-08 00:00:00','pay',0,'no',5,1,NULL,NULL,'no'),
	(602,'2011-09-08 00:00:00','pay',0,'no',5,1,NULL,NULL,'no'),
	(603,'2011-09-08 00:00:00','pay',0,'no',5,1,NULL,NULL,'no'),
	(604,'2011-09-08 00:00:00','pay',0,'no',5,1,NULL,NULL,'no'),
	(605,'2011-09-08 00:00:00','pay',0,'no',5,1,NULL,NULL,'no'),
	(606,'2011-09-08 00:00:00','pay',0,'no',5,1,NULL,NULL,'no'),
	(607,'2011-09-08 00:00:00','pay',0,'no',5,1,NULL,NULL,'no'),
	(608,'2011-09-08 00:00:00','pay',0,'no',5,1,NULL,NULL,'no'),
	(609,'2011-09-08 00:00:00','pay',0,'no',5,1,NULL,NULL,'no'),
	(610,'2011-09-08 00:00:00','pay',0,'no',5,1,NULL,NULL,'no'),
	(611,'2011-09-08 00:00:00','pay',0,'no',5,1,NULL,NULL,'no'),
	(612,'2011-09-08 00:00:00','pay',0,'no',5,1,NULL,NULL,'no'),
	(613,'2011-09-08 00:00:00','pay',0,'no',5,1,NULL,NULL,'no'),
	(614,'2011-09-08 00:00:00','pay',0,'no',5,1,NULL,NULL,'no'),
	(615,'2011-09-08 00:00:00','pay',0,'no',5,1,NULL,NULL,'no'),
	(616,'2011-09-09 00:00:00','pay',0,'no',5,1,NULL,NULL,'no'),
	(617,'2011-09-09 00:00:00','pay',0,'no',5,1,NULL,NULL,'no'),
	(618,'2011-09-09 00:00:00','pay',0,'no',5,1,NULL,NULL,'no'),
	(619,'2011-09-11 00:00:00','pay',0,'no',5,1,NULL,NULL,'no'),
	(620,'2011-09-20 00:00:00','pay',5,'no',5,1,NULL,NULL,'no'),
	(621,'2011-09-20 00:00:00','pay',8,'no',5,1,NULL,NULL,'no'),
	(622,'2011-09-20 00:00:00','cancel',7,'no',5,1,NULL,NULL,'no'),
	(623,'2011-09-20 00:00:00','cancel',7,'no',5,1,NULL,NULL,'no'),
	(624,'2011-09-20 00:00:00','pay',5,'vat',5,1,NULL,NULL,'no'),
	(625,'2011-09-20 00:00:00','pay',12,'no',5,1,NULL,NULL,'no'),
	(626,'2011-09-20 00:00:00','cancel',15,'no',5,1,NULL,NULL,'no'),
	(627,'2011-09-20 00:00:00','cancel',15,'no',5,1,NULL,NULL,'no'),
	(628,'2011-09-22 00:00:00','cancel',9,'no',5,1,NULL,NULL,'no'),
	(629,'2011-09-22 00:00:00','credit',9,'no',5,1,NULL,NULL,'no'),
	(630,'2011-09-22 00:00:00','credit',20,'vat',5,1,NULL,NULL,'no'),
	(631,'2011-09-22 00:00:00','pay',20,'no',5,1,NULL,NULL,'no'),
	(632,'2011-09-22 00:00:00','credit',20,'vat',5,1,NULL,NULL,'no'),
	(633,'2011-09-22 00:00:00','credit',20,'vat',5,1,NULL,NULL,'no'),
	(634,'2011-09-22 00:00:00','credit',20,'no',5,1,NULL,NULL,'no'),
	(635,'2011-09-22 00:00:00','credit',20,'no',5,1,NULL,NULL,'no'),
	(636,'2011-09-22 00:00:00','credit',20,'no',5,1,NULL,NULL,'no'),
	(637,'2011-12-17 00:00:00','credit',4,'vat',5,1,NULL,NULL,'no'),
	(638,'2011-12-17 00:00:00','pay',4,'no',5,1,NULL,NULL,'no'),
	(639,'2011-12-17 00:00:00','pay',0,'no',5,1,NULL,NULL,'no'),
	(640,'2011-12-22 00:00:00','pay',0,'no',5,1,NULL,NULL,'no'),
	(641,'2011-12-22 00:00:00','pay',0,'no',5,1,NULL,NULL,'no'),
	(642,'2011-12-22 00:00:00','pay',0,'no',5,1,NULL,NULL,'no'),
	(643,'2011-12-22 00:00:00','pay',0,'no',5,1,NULL,NULL,'no'),
	(644,'2011-12-22 00:00:00','pay',0,'no',5,1,NULL,NULL,'no'),
	(645,'2011-12-22 00:00:00','pay',10,'no',5,1,NULL,NULL,'no'),
	(646,'2011-12-22 00:00:00','pay',10,'no',5,1,NULL,NULL,'no'),
	(647,'2011-12-22 00:00:00','pay',13,'no',5,1,NULL,NULL,'no'),
	(648,'2011-12-22 00:00:00','pay',13,'no',5,1,NULL,NULL,'no'),
	(649,'2011-12-22 00:00:00','pay',13,'no',5,1,NULL,NULL,'no'),
	(650,'2011-12-22 00:00:00','pay',10,'no',5,1,NULL,NULL,'no'),
	(651,'2011-12-22 00:00:00','pay',4,'no',5,1,NULL,NULL,'no'),
	(652,'2011-12-22 00:00:00','pay',4,'no',5,1,NULL,NULL,'no'),
	(653,'2011-12-22 00:00:00','pay',4,'no',5,1,NULL,NULL,'no'),
	(654,'2011-12-22 00:00:00','pay',0,'no',5,1,NULL,NULL,'no'),
	(655,'2011-12-22 00:00:00','pay',4,'no',5,1,NULL,NULL,'no'),
	(656,'2011-12-22 00:00:00','pay',4,'no',5,1,NULL,NULL,'no'),
	(657,'2011-12-22 00:00:00','pay',4,'no',5,1,NULL,NULL,'no'),
	(658,'2011-12-22 00:00:00','pay',4,'no',5,1,NULL,NULL,'no'),
	(659,'2011-12-22 00:00:00','pay',4,'no',5,1,NULL,NULL,'no'),
	(660,'2011-12-22 00:00:00','pay',4,'no',5,1,NULL,NULL,'no'),
	(661,'2011-12-22 00:00:00','pay',4,'no',5,1,NULL,NULL,'no'),
	(662,'2011-12-22 00:00:00','pay',4,'no',5,1,NULL,NULL,'no'),
	(663,'2011-12-22 00:00:00','pay',4,'no',5,1,NULL,NULL,'no'),
	(664,'2011-12-22 00:00:00','pay',0,'no',5,2,NULL,NULL,'no'),
	(665,'2011-12-22 00:00:00','pay',0,'no',5,2,NULL,NULL,'no'),
	(666,'2011-12-22 00:00:00','pay',4,'no',5,2,NULL,NULL,'no'),
	(667,'2011-12-22 00:00:00','pay',4,'no',5,2,NULL,NULL,'no'),
	(668,'2011-12-22 00:00:00','pay',4,'no',5,2,NULL,NULL,'no'),
	(669,'2011-12-22 00:00:00','pay',0,'no',5,2,NULL,NULL,'no'),
	(670,'2011-12-22 00:00:00','pay',0,'no',5,2,NULL,NULL,'no'),
	(671,'2011-12-22 16:21:33','credit',4,'no',5,2,NULL,NULL,'no'),
	(672,'2011-12-22 16:28:09','pay',0,'no',5,2,NULL,NULL,'no'),
	(673,'2011-12-22 16:46:45','pay',0,'no',5,2,NULL,NULL,'no'),
	(674,'2011-12-24 07:37:21','pay',5,'no',5,2,NULL,NULL,'no'),
	(675,'2011-12-24 07:37:44','pay',5,'no',5,2,NULL,NULL,'no'),
	(676,'2011-12-24 07:38:01','pay',5,'no',5,2,NULL,NULL,'no'),
	(677,'2011-12-24 07:39:02','pay',5,'no',5,2,NULL,NULL,'no'),
	(678,'2011-12-24 07:39:47','pay',5,'no',5,2,NULL,NULL,'no'),
	(679,'2011-12-24 07:39:56','pay',5,'no',5,2,NULL,NULL,'no'),
	(680,'2011-12-24 07:40:46','pay',5,'no',5,2,NULL,NULL,'no'),
	(681,'2011-12-24 07:43:47','credit',9,'no',5,2,NULL,NULL,'no'),
	(682,'2011-12-24 07:45:36','pay',5,'no',5,2,NULL,NULL,'no'),
	(683,'2011-12-24 07:48:24','credit',4,'no',5,2,NULL,NULL,'no'),
	(684,'2012-03-19 09:56:58','credit',0,'no',5,1,NULL,NULL,'no'),
	(685,'2012-03-19 10:01:56','pay',6,'no',5,1,NULL,NULL,'no'),
	(686,'2012-03-19 10:03:28','pay',6,'no',5,1,NULL,NULL,'no'),
	(687,'2012-03-19 10:07:13','credit',7,'no',5,1,NULL,NULL,'no'),
	(688,'2012-03-19 10:13:13','credit',12,'no',5,1,NULL,NULL,'no'),
	(689,'2012-03-19 10:15:04','credit',13,'no',5,1,NULL,NULL,'no'),
	(690,'2012-03-19 10:17:09','credit',15,'no',5,1,NULL,NULL,'no'),
	(691,'2012-03-19 10:19:18','credit',17,'no',5,1,NULL,NULL,'no'),
	(692,'2012-03-19 10:22:09','credit',21,'no',5,1,NULL,NULL,'no'),
	(693,'2012-03-19 11:00:13','pay',0,'no',5,1,NULL,NULL,'no'),
	(694,'2012-03-19 11:06:25','credit',11,'no',5,1,NULL,NULL,'no'),
	(695,'2012-03-19 11:06:54','credit',11,'no',5,1,NULL,NULL,'no'),
	(696,'2012-03-19 11:07:51','credit',11,'no',5,1,NULL,NULL,'no'),
	(697,'2012-03-19 11:19:45','pay',8,'no',5,1,NULL,NULL,'no'),
	(698,'2012-03-19 11:27:38','credit',13,'no',5,1,NULL,NULL,'no'),
	(699,'2012-03-19 11:28:23','credit',13,'no',5,1,NULL,NULL,'no'),
	(700,'2012-03-19 13:53:05','credit',23,'no',5,1,NULL,NULL,'no'),
	(701,'2012-03-19 14:20:28','pay',0,'no',5,1,NULL,NULL,'no'),
	(702,'2012-03-19 14:20:40','pay',0,'no',5,1,NULL,NULL,'no'),
	(703,'2012-03-19 14:20:50','pay',0,'no',5,1,NULL,NULL,'no'),
	(704,'2012-03-19 14:20:57','pay',0,'no',5,1,NULL,NULL,'no'),
	(705,'2012-03-19 14:21:17','pay',0,'no',5,1,NULL,NULL,'no'),
	(706,'2012-03-19 14:21:33','credit',0,'no',5,1,NULL,NULL,'no'),
	(707,'2012-03-19 14:21:45','pay',4,'no',5,1,NULL,NULL,'no'),
	(708,'2012-03-19 14:22:16','credit',4,'no',5,1,NULL,NULL,'no'),
	(709,'2012-03-19 14:51:37','credit',4,'no',5,1,NULL,NULL,'no'),
	(710,'2012-03-20 07:37:41','credit',9,'no',5,1,NULL,NULL,'no'),
	(711,'2012-03-20 07:37:54','pay',9,'no',5,1,NULL,NULL,'no'),
	(712,'2012-03-20 07:37:59','pay',9,'no',5,1,NULL,NULL,'no'),
	(713,'2012-03-20 07:38:47','credit',9,'no',5,1,NULL,NULL,'no'),
	(714,'2012-03-20 08:54:00','credit',25,'no',5,1,NULL,NULL,'no'),
	(715,'2012-03-20 10:12:45','credit',26,'no',5,1,NULL,NULL,'no'),
	(716,'2012-03-20 10:15:20','credit',27,'no',5,1,NULL,NULL,'no'),
	(717,'2012-03-20 10:17:23','pay',27,'no',5,1,NULL,NULL,'no'),
	(718,'2012-03-20 10:17:56','credit',30,'no',5,1,NULL,NULL,'no'),
	(719,'2012-03-20 10:20:52','credit',34,'no',5,1,NULL,NULL,'no'),
	(720,'2012-03-20 15:40:15','credit',15,'no',5,1,NULL,NULL,'no'),
	(721,'2012-03-21 07:55:47','credit',25,'no',5,1,NULL,NULL,'no'),
	(722,'2012-03-21 07:57:54','credit',22,'no',5,1,NULL,NULL,'no'),
	(723,'2012-03-21 08:00:36','credit',19,'no',5,1,NULL,NULL,'no'),
	(724,'2012-03-22 08:25:21','credit',13,'no',5,1,NULL,NULL,'no'),
	(725,'2012-03-22 08:28:54','credit',22,'no',5,1,NULL,NULL,'no'),
	(726,'2012-03-22 08:30:53','credit',25,'no',5,1,NULL,NULL,'no'),
	(727,'2012-03-22 10:16:37','credit',15,'no',5,1,NULL,NULL,'no'),
	(728,'2012-03-22 10:20:41','pay',5,'no',5,1,NULL,NULL,'no'),
	(729,'2012-03-22 10:22:43','credit',26,'no',5,1,NULL,NULL,'no'),
	(730,'2012-03-22 10:25:09','credit',25,'no',5,1,NULL,NULL,'no'),
	(731,'2012-03-22 13:07:37','credit',14,'no',5,1,NULL,NULL,'no'),
	(732,'2012-03-22 14:21:04','credit',14,'no',5,1,NULL,NULL,'no'),
	(733,'2012-03-22 14:21:14','pay',14,'no',5,1,NULL,NULL,'no'),
	(734,'2012-03-22 14:21:26','credit',14,'no',5,1,NULL,NULL,'no'),
	(735,'2012-03-22 14:22:07','credit',14,'no',5,1,NULL,NULL,'no'),
	(736,'2012-03-22 14:22:51','credit',13,'no',5,1,NULL,NULL,'no'),
	(737,'2012-03-23 09:24:29','credit',25,'no',5,1,NULL,NULL,'no'),
	(738,'2012-03-24 08:02:12','pay',36,'no',5,1,NULL,NULL,'no'),
	(739,'2012-03-24 08:02:20','pay',36,'no',5,1,NULL,NULL,'no'),
	(740,'2012-03-24 08:02:54','pay',36,'no',5,1,NULL,NULL,'no'),
	(741,'2012-03-24 08:05:56','pay',36,'no',5,1,NULL,NULL,'no'),
	(742,'2012-03-24 08:07:14','credit',37,'no',5,1,NULL,NULL,'no'),
	(743,'2012-03-24 09:51:19','credit',13,'no',5,1,NULL,NULL,'no'),
	(744,'2012-03-25 13:55:12','pay',38,'no',5,1,NULL,NULL,'no'),
	(745,'2012-03-25 13:55:22','pay',38,'no',5,1,NULL,NULL,'no'),
	(746,'2012-03-25 13:58:30','credit',23,'no',5,1,NULL,NULL,'no'),
	(747,'2012-03-26 08:53:49','credit',19,'no',5,1,NULL,NULL,'no'),
	(748,'2012-03-26 08:57:58','credit',22,'no',5,1,NULL,NULL,'no'),
	(749,'2012-03-26 09:04:04','credit',13,'no',5,1,NULL,NULL,'no'),
	(750,'2012-03-27 08:00:20','credit',19,'no',5,1,NULL,NULL,'no'),
	(751,'2012-03-27 08:02:38','credit',25,'no',5,1,NULL,NULL,'no'),
	(752,'2012-03-27 08:05:16','credit',22,'no',5,1,NULL,NULL,'no'),
	(753,'2012-03-27 09:02:57','credit',19,'no',5,1,NULL,NULL,'no'),
	(754,'2012-03-27 09:03:23','credit',19,'no',5,1,NULL,NULL,'no'),
	(755,'2012-03-27 11:56:47','credit',39,'no',5,1,NULL,NULL,'no'),
	(756,'2012-03-27 13:02:17','credit',15,'no',5,1,NULL,NULL,'no'),
	(757,'2012-03-28 09:03:13','credit',13,'no',5,1,NULL,NULL,'no'),
	(758,'2012-03-28 09:06:05','credit',22,'no',5,1,NULL,NULL,'no'),
	(759,'2012-03-28 09:08:04','credit',25,'no',5,1,NULL,NULL,'no'),
	(760,'2012-03-28 09:13:35','credit',26,'no',5,1,NULL,NULL,'no'),
	(761,'2012-03-29 10:00:38','credit',15,'no',5,1,NULL,NULL,'no'),
	(762,'2012-03-30 08:42:25','credit',4,'no',5,1,NULL,NULL,'no'),
	(763,'2012-03-30 08:44:59','credit',19,'no',5,1,NULL,NULL,'no'),
	(764,'2012-03-30 08:46:24','credit',25,'no',5,1,NULL,NULL,'no'),
	(765,'2012-03-31 08:24:47','credit',15,'no',5,1,NULL,NULL,'no'),
	(766,'2012-03-31 08:26:21','credit',13,'no',5,1,NULL,NULL,'no'),
	(767,'2012-03-31 08:28:20','credit',15,'no',5,1,NULL,NULL,'no'),
	(768,'2012-03-31 11:59:05','credit',19,'no',5,1,NULL,NULL,'no'),
	(769,'2012-04-01 08:22:41','credit',0,'no',5,1,NULL,NULL,'no'),
	(770,'2012-04-01 08:23:16','pay',9,'no',5,1,NULL,NULL,'no'),
	(771,'2012-04-01 08:23:44','credit',9,'no',5,1,NULL,NULL,'no'),
	(772,'2012-04-01 08:26:12','credit',25,'no',5,1,NULL,NULL,'no'),
	(773,'2012-04-02 12:49:22','credit',13,'no',5,1,NULL,NULL,'no'),
	(774,'2012-04-02 12:53:38','pay',40,'no',5,1,NULL,NULL,'no'),
	(775,'2012-04-03 08:45:44','credit',15,'no',5,1,NULL,NULL,'no'),
	(776,'2012-04-04 10:34:28','credit',25,'no',5,1,NULL,NULL,'no'),
	(777,'2012-04-06 09:44:39','credit',19,'no',5,1,NULL,NULL,'no'),
	(778,'2012-04-06 09:45:46','credit',13,'no',5,1,NULL,NULL,'no'),
	(779,'2012-04-06 09:47:33','pay',40,'no',5,1,NULL,NULL,'no'),
	(780,'2012-04-07 10:18:00','credit',15,'no',5,1,NULL,NULL,'no'),
	(781,'2012-04-07 10:19:50','credit',13,'no',5,1,NULL,NULL,'no'),
	(782,'2012-04-09 09:05:10','credit',28,'no',5,1,NULL,NULL,'no'),
	(783,'2012-04-09 09:06:57','credit',19,'no',5,1,NULL,NULL,'no'),
	(784,'2012-04-09 11:00:42','credit',19,'no',5,1,NULL,NULL,'no'),
	(785,'2012-04-12 08:55:47','credit',13,'no',5,1,NULL,NULL,'no'),
	(786,'2012-04-12 09:01:09','credit',27,'no',5,1,NULL,NULL,'no'),
	(787,'2012-04-15 16:08:14','credit',15,'no',5,1,NULL,NULL,'no'),
	(788,'2012-04-19 09:59:23','credit',25,'no',5,1,NULL,NULL,'no'),
	(789,'2012-04-19 10:13:01','credit',22,'no',5,1,NULL,NULL,'no'),
	(790,'2012-04-21 09:06:20','credit',0,'no',5,1,NULL,NULL,'no'),
	(791,'2012-04-25 12:00:19','pay',0,'no',5,1,NULL,NULL,'no'),
	(792,'2012-04-25 13:23:55','credit',13,'no',5,1,NULL,NULL,'no'),
	(793,'2012-04-25 13:26:19','credit',39,'no',5,1,NULL,NULL,'no'),
	(794,'2012-04-25 15:16:19','credit',39,'no',5,1,NULL,NULL,'no'),
	(795,'2012-04-25 15:16:23','pay',39,'no',5,1,NULL,NULL,'no'),
	(796,'2012-04-25 15:16:31','credit',39,'no',5,1,NULL,NULL,'no'),
	(797,'2012-04-26 07:01:26','credit',10,'no',5,1,NULL,NULL,'no'),
	(798,'2012-04-26 07:04:17','credit',19,'no',5,1,NULL,NULL,'no'),
	(799,'2012-04-26 07:06:36','credit',20,'no',5,1,NULL,NULL,'no'),
	(800,'2012-04-26 07:10:21','credit',22,'no',5,1,NULL,NULL,'no'),
	(801,'2012-04-26 07:12:33','credit',25,'no',5,1,NULL,NULL,'no'),
	(802,'2012-04-26 08:06:31','credit',9,'no',5,1,NULL,NULL,'no'),
	(803,'2012-04-26 08:14:40','credit',29,'no',5,1,NULL,NULL,'no'),
	(804,'2012-04-26 09:07:32','credit',22,'no',5,1,NULL,NULL,'no'),
	(805,'2012-04-26 10:13:02','credit',20,'no',5,1,NULL,NULL,'no'),
	(806,'2012-04-26 10:25:46','credit',39,'no',5,1,NULL,NULL,'no'),
	(807,'2012-04-27 06:49:52','credit',22,'no',5,1,NULL,NULL,'no'),
	(808,'2012-04-27 06:52:25','credit',11,'no',5,1,NULL,NULL,'no'),
	(809,'2012-04-27 07:55:08','credit',6,'no',5,1,NULL,NULL,'no'),
	(810,'2012-04-27 07:58:00','credit',8,'no',5,1,NULL,NULL,'no'),
	(811,'2012-04-27 08:02:01','credit',10,'no',5,1,NULL,NULL,'no'),
	(812,'2012-04-27 08:38:35','credit',31,'no',5,1,NULL,NULL,'no'),
	(813,'2012-04-27 08:40:02','credit',27,'no',5,1,NULL,NULL,'no'),
	(814,'2012-04-27 12:51:34','credit',22,'no',5,1,NULL,NULL,'no'),
	(815,'2012-04-27 12:53:36','credit',28,'no',5,1,NULL,NULL,'no'),
	(816,'2012-04-28 06:52:49','credit',22,'no',5,1,NULL,NULL,'no'),
	(817,'2012-04-28 06:55:12','credit',27,'no',5,1,NULL,NULL,'no'),
	(818,'2012-04-28 06:57:25','credit',19,'no',5,1,NULL,NULL,'no'),
	(819,'2012-04-28 06:58:48','credit',15,'no',5,1,NULL,NULL,'no'),
	(820,'2012-04-28 07:00:51','credit',20,'no',5,1,NULL,NULL,'no'),
	(821,'2012-04-28 08:54:36','credit',22,'no',5,1,NULL,NULL,'no'),
	(822,'2012-04-28 11:36:41','credit',26,'no',5,1,NULL,NULL,'no'),
	(823,'2012-04-29 07:23:01','credit',28,'no',5,1,NULL,NULL,'no'),
	(824,'2012-04-29 07:25:15','credit',22,'no',5,1,NULL,NULL,'no'),
	(825,'2012-04-29 07:27:50','credit',26,'no',5,1,NULL,NULL,'no'),
	(826,'2012-04-29 08:20:09','credit',22,'no',5,1,NULL,NULL,'no'),
	(827,'2012-04-29 08:21:28','credit',22,'no',5,1,NULL,NULL,'no'),
	(828,'2012-04-29 08:22:18','credit',13,'no',5,1,NULL,NULL,'no'),
	(829,'2012-04-29 14:24:02','credit',0,'no',5,1,NULL,NULL,'no'),
	(830,'2012-04-30 14:47:25','credit',5,'no',5,1,NULL,'2012-07-19','no'),
	(831,'2012-04-30 15:14:48','credit',25,'no',5,1,NULL,NULL,'no'),
	(832,'2012-04-30 15:18:32','credit',22,'no',5,1,NULL,NULL,'no'),
	(833,'2012-04-30 15:23:41','credit',26,'no',5,1,NULL,NULL,'no'),
	(834,'2012-04-30 15:28:37','credit',27,'no',5,1,NULL,NULL,'no'),
	(835,'2012-04-30 15:36:21','credit',39,'no',5,1,NULL,NULL,'no'),
	(836,'2012-05-01 07:32:07','credit',22,'no',5,1,NULL,NULL,'no'),
	(837,'2012-05-01 11:14:01','credit',31,'no',5,1,NULL,NULL,'no'),
	(838,'2012-05-01 11:15:29','pay',39,'no',5,1,NULL,NULL,'no'),
	(839,'2012-05-01 13:26:35','credit',19,'no',5,1,NULL,NULL,'no'),
	(840,'2012-05-01 13:27:59','pay',13,'no',5,1,NULL,NULL,'no'),
	(841,'2012-05-02 07:24:06','credit',20,'no',5,1,NULL,NULL,'no'),
	(842,'2012-05-02 07:27:18','credit',10,'no',5,1,NULL,NULL,'no'),
	(843,'2012-05-02 07:44:21','credit',19,'no',5,1,NULL,NULL,'no'),
	(844,'2012-05-03 07:42:02','credit',27,'no',5,1,NULL,NULL,'no'),
	(845,'2012-05-03 07:43:50','credit',26,'no',5,1,NULL,NULL,'no'),
	(846,'2012-05-03 07:45:43','credit',26,'no',5,1,NULL,NULL,'no'),
	(847,'2012-05-03 07:46:49','credit',17,'no',5,1,NULL,NULL,'no'),
	(848,'2012-05-03 08:04:10','credit',25,'no',5,1,NULL,NULL,'no'),
	(849,'2012-05-03 08:11:30','credit',0,'no',5,1,NULL,NULL,'no'),
	(850,'2012-05-03 08:12:02','pay',22,'no',5,1,NULL,NULL,'no'),
	(851,'2012-05-03 08:12:30','credit',22,'no',5,1,NULL,NULL,'no'),
	(852,'2012-05-03 08:16:38','credit',25,'no',5,1,NULL,NULL,'no'),
	(853,'2012-05-03 11:17:01','credit',17,'no',5,1,NULL,NULL,'no'),
	(854,'2012-05-03 15:29:20','credit',13,'no',5,1,NULL,NULL,'no'),
	(855,'2012-05-03 15:35:58','credit',12,'no',5,1,NULL,NULL,'no'),
	(856,'2012-05-03 15:39:52','credit',16,'no',5,1,NULL,NULL,'no'),
	(857,'2012-05-04 06:36:35','credit',0,'no',5,1,NULL,NULL,'no'),
	(858,'2012-05-04 06:38:08','credit',0,'no',5,1,NULL,NULL,'no'),
	(859,'2012-05-04 06:50:31','credit',17,'no',5,1,NULL,NULL,'no'),
	(860,'2012-05-04 07:03:16','credit',13,'no',5,1,NULL,NULL,'no'),
	(861,'2012-05-04 07:14:53','credit',28,'no',5,1,NULL,NULL,'no'),
	(862,'2012-05-04 07:29:25','credit',0,'no',5,1,NULL,NULL,'no'),
	(863,'2012-05-04 07:30:33','credit',27,'no',5,1,NULL,NULL,'no'),
	(864,'2012-05-04 07:35:42','credit',25,'no',5,1,NULL,NULL,'no'),
	(865,'2012-05-04 07:35:49','pay',25,'no',5,1,NULL,NULL,'no'),
	(866,'2012-05-04 07:37:19','credit',25,'no',5,1,NULL,NULL,'no'),
	(867,'2012-05-04 07:42:36','pay',25,'no',5,1,NULL,NULL,'no'),
	(868,'2012-05-04 08:14:40','credit',28,'no',5,1,NULL,NULL,'no'),
	(869,'2012-05-04 11:11:23','pay',39,'no',5,1,NULL,NULL,'no'),
	(870,'2012-05-04 11:11:50','pay',39,'no',5,1,NULL,NULL,'no'),
	(871,'2012-05-05 08:52:54','credit',11,'no',5,1,NULL,NULL,'no'),
	(872,'2012-05-05 08:56:36','credit',11,'no',5,1,NULL,NULL,'no'),
	(873,'2012-05-05 08:58:35','credit',5,'no',5,1,NULL,'2012-07-19','no'),
	(874,'2012-05-05 09:04:48','credit',25,'no',5,1,NULL,NULL,'no'),
	(875,'2012-05-05 09:57:12','credit',0,'no',5,1,NULL,NULL,'no'),
	(876,'2012-05-05 09:59:29','credit',11,'no',5,1,NULL,NULL,'no'),
	(877,'2012-05-05 12:15:19','credit',25,'no',5,1,NULL,NULL,'no'),
	(878,'2012-05-06 07:18:52','credit',25,'no',5,1,NULL,NULL,'no'),
	(879,'2012-05-06 07:20:24','credit',25,'no',5,1,NULL,NULL,'no'),
	(880,'2012-05-06 07:21:36','credit',19,'no',5,1,NULL,NULL,'no'),
	(881,'2012-05-07 07:25:45','credit',0,'no',5,1,NULL,NULL,'no'),
	(882,'2012-05-07 07:28:07','credit',28,'no',5,1,NULL,NULL,'no'),
	(883,'2012-05-07 07:35:51','credit',5,'no',5,1,NULL,'2012-07-19','no'),
	(884,'2012-05-07 07:37:40','credit',8,'no',5,1,NULL,NULL,'no'),
	(885,'2012-05-07 07:39:04','pay',13,'no',5,1,NULL,NULL,'no'),
	(886,'2012-05-07 07:40:52','credit',17,'no',5,1,NULL,NULL,'no'),
	(887,'2012-05-07 09:44:50','credit',25,'no',5,1,NULL,NULL,'no'),
	(888,'2012-05-07 17:09:13','credit',25,'no',5,1,NULL,NULL,'no'),
	(889,'2012-05-08 10:14:15','credit',31,'no',5,1,NULL,NULL,'no'),
	(890,'2012-05-08 13:32:48','credit',29,'no',5,1,NULL,NULL,'no'),
	(891,'2012-05-08 15:27:59','credit',5,'no',5,1,NULL,'2012-07-19','no'),
	(892,'2012-05-09 07:51:21','credit',20,'no',5,1,NULL,NULL,'no'),
	(893,'2012-05-09 08:10:17','credit',19,'no',5,1,NULL,NULL,'no'),
	(894,'2012-05-09 09:24:57','credit',10,'no',5,1,NULL,NULL,'no'),
	(895,'2012-05-09 09:37:39','credit',13,'no',5,1,NULL,NULL,'no'),
	(896,'2012-05-09 11:34:56','credit',5,'no',5,1,NULL,'2012-07-19','no'),
	(897,'2012-05-09 16:21:18','credit',39,'no',5,1,NULL,NULL,'no'),
	(898,'2012-05-10 07:09:12','credit',22,'no',5,1,NULL,NULL,'no'),
	(899,'2012-05-10 07:11:55','credit',25,'no',5,1,NULL,NULL,'no'),
	(900,'2012-05-10 07:14:31','credit',17,'no',5,1,NULL,NULL,'no'),
	(901,'2012-05-10 17:06:31','credit',13,'no',5,1,NULL,NULL,'no'),
	(902,'2012-05-11 07:38:28','credit',22,'no',5,1,NULL,NULL,'no'),
	(903,'2012-05-11 07:40:27','credit',27,'no',5,1,NULL,NULL,'no'),
	(904,'2012-05-11 07:45:18','credit',17,'no',5,1,NULL,NULL,'no'),
	(905,'2012-05-11 12:21:57','credit',0,'no',5,1,NULL,NULL,'no'),
	(906,'2012-05-11 17:03:49','credit',27,'no',5,1,NULL,NULL,'no'),
	(907,'2012-05-11 18:44:08','credit',5,'no',5,1,NULL,'2012-07-19','no'),
	(908,'2012-05-12 07:00:48','credit',5,'no',5,1,NULL,'2012-07-19','no'),
	(909,'2012-05-12 07:03:35','credit',13,'no',5,1,NULL,NULL,'no'),
	(910,'2012-05-12 07:06:38','credit',22,'no',5,1,NULL,NULL,'no'),
	(911,'2012-05-12 07:08:54','credit',25,'no',5,1,NULL,NULL,'no'),
	(912,'2012-05-12 08:57:53','credit',0,'no',5,1,NULL,NULL,'no'),
	(913,'2012-05-12 09:01:41','credit',14,'no',5,1,NULL,NULL,'no'),
	(914,'2012-05-12 10:55:52','credit',22,'no',5,1,NULL,NULL,'no'),
	(915,'2012-05-12 10:58:07','credit',13,'no',5,1,NULL,NULL,'no'),
	(916,'2012-05-14 07:14:34','credit',5,'no',5,1,NULL,'2012-07-19','no'),
	(917,'2012-05-14 07:17:20','credit',13,'no',5,1,NULL,NULL,'no'),
	(918,'2012-05-14 07:19:37','credit',15,'no',5,1,NULL,NULL,'no'),
	(919,'2012-05-14 07:26:39','credit',15,'no',5,1,NULL,NULL,'no'),
	(920,'2012-05-14 07:29:36','credit',27,'no',5,1,NULL,NULL,'no'),
	(921,'2012-05-14 11:51:21','credit',26,'no',5,1,NULL,NULL,'no'),
	(922,'2012-05-15 10:13:22','credit',39,'no',5,1,NULL,NULL,'no'),
	(923,'2012-05-16 10:23:42','credit',15,'no',5,1,NULL,NULL,'no'),
	(924,'2012-05-16 14:37:14','credit',5,'no',5,1,NULL,'2012-07-19','no'),
	(925,'2012-05-16 14:38:22','credit',13,'no',5,1,NULL,NULL,'no'),
	(926,'2012-05-17 08:18:33','credit',20,'no',5,1,NULL,NULL,'no'),
	(927,'2012-05-17 08:22:36','credit',20,'no',5,1,NULL,NULL,'no'),
	(928,'2012-05-17 08:27:18','credit',14,'no',5,1,NULL,NULL,'no'),
	(929,'2012-05-17 08:31:47','credit',10,'no',5,1,NULL,NULL,'no'),
	(930,'2012-05-17 08:36:25','credit',25,'no',5,1,NULL,NULL,'no'),
	(931,'2012-05-17 10:08:36','credit',0,'no',5,1,NULL,NULL,'no'),
	(932,'2012-05-17 10:10:31','credit',42,'no',5,1,NULL,NULL,'no'),
	(933,'2012-05-17 11:58:17','credit',19,'no',5,1,NULL,NULL,'no'),
	(934,'2012-05-18 07:32:45','credit',15,'no',5,1,NULL,NULL,'no'),
	(935,'2012-05-18 07:39:43','credit',5,'no',5,1,NULL,'2012-07-19','no'),
	(936,'2012-05-18 07:42:25','credit',4,'no',5,1,NULL,NULL,'no'),
	(937,'2012-05-18 07:44:49','credit',22,'no',5,1,NULL,NULL,'no'),
	(938,'2012-05-18 08:29:43','credit',25,'no',5,1,NULL,NULL,'no'),
	(939,'2012-05-18 09:12:13','credit',39,'no',5,1,NULL,NULL,'no'),
	(940,'2012-05-18 14:27:27','credit',5,'no',5,1,NULL,'2012-07-19','no'),
	(941,'2012-05-18 14:54:40','credit',39,'no',5,1,NULL,NULL,'no'),
	(942,'2012-05-19 07:30:17','credit',17,'no',5,1,NULL,NULL,'no'),
	(943,'2012-05-19 07:32:41','credit',22,'no',5,1,NULL,NULL,'no'),
	(944,'2012-05-19 07:36:56','credit',25,'no',5,1,NULL,NULL,'no'),
	(945,'2012-05-19 07:39:35','credit',5,'no',5,1,NULL,'2012-07-19','no'),
	(946,'2012-05-19 07:41:55','credit',11,'no',5,1,NULL,NULL,'no'),
	(947,'2012-05-19 07:46:40','credit',20,'no',5,1,NULL,NULL,'no'),
	(948,'2012-05-19 09:31:08','credit',39,'no',5,1,NULL,NULL,'no'),
	(949,'2012-05-19 10:01:27','credit',25,'no',5,1,NULL,NULL,'no'),
	(950,'2012-05-19 10:26:38','credit',17,'no',5,1,NULL,NULL,'no'),
	(951,'2012-05-19 16:06:43','credit',15,'no',5,1,NULL,NULL,'no'),
	(952,'2012-05-19 16:18:32','credit',39,'no',5,1,NULL,NULL,'no'),
	(953,'2012-05-19 16:20:42','credit',39,'no',5,1,NULL,NULL,'no'),
	(954,'2012-05-19 16:23:43','credit',13,'no',5,1,NULL,NULL,'no'),
	(955,'2012-05-20 07:14:01','credit',5,'no',5,1,NULL,'2012-07-19','no'),
	(956,'2012-05-20 07:17:07','credit',13,'no',5,1,NULL,NULL,'no'),
	(957,'2012-05-20 07:19:34','credit',19,'no',5,1,NULL,NULL,'no'),
	(958,'2012-05-20 07:22:00','credit',22,'no',5,1,NULL,NULL,'no'),
	(959,'2012-05-20 09:29:14','credit',17,'no',5,1,NULL,NULL,'no'),
	(960,'2012-05-20 15:58:11','credit',27,'no',5,1,NULL,NULL,'no'),
	(961,'2012-05-21 08:33:17','credit',13,'no',5,1,NULL,NULL,'no'),
	(962,'2012-05-24 08:33:35','credit',27,'no',5,1,NULL,NULL,'no'),
	(963,'2012-05-24 08:35:22','credit',13,'no',5,1,NULL,NULL,'no'),
	(964,'2012-05-24 08:36:40','credit',13,'no',5,1,NULL,NULL,'no'),
	(965,'2012-05-24 08:36:59','credit',4,'no',5,1,NULL,NULL,'no'),
	(966,'2012-05-24 08:40:02','credit',39,'no',5,1,NULL,NULL,'no'),
	(967,'2012-05-25 07:42:16','credit',25,'no',5,1,NULL,NULL,'no'),
	(968,'2012-05-25 07:43:23','pay',22,'no',5,1,NULL,NULL,'no'),
	(969,'2012-05-25 07:43:47','credit',22,'no',5,1,NULL,NULL,'no'),
	(970,'2012-05-25 07:54:10','credit',31,'no',5,1,NULL,NULL,'no'),
	(971,'2012-05-25 10:14:34','credit',17,'no',5,1,NULL,NULL,'no'),
	(972,'2012-05-25 10:15:46','credit',15,'no',5,1,NULL,NULL,'no'),
	(973,'2012-05-25 10:17:09','credit',12,'no',5,1,NULL,'2012-07-24','no'),
	(974,'2012-05-25 10:18:37','credit',6,'no',5,1,NULL,NULL,'no'),
	(975,'2012-05-25 10:21:11','credit',8,'no',5,1,NULL,NULL,'no'),
	(976,'2012-05-25 10:22:42','credit',10,'no',5,1,NULL,NULL,'no'),
	(977,'2012-05-25 10:24:17','credit',5,'no',5,1,NULL,'2012-07-19','no'),
	(978,'2012-05-25 10:25:56','credit',13,'no',5,1,NULL,NULL,'no'),
	(979,'2012-05-25 10:27:47','credit',39,'no',5,1,NULL,NULL,'no'),
	(980,'2012-05-25 12:42:38','credit',26,'no',5,1,NULL,NULL,'no'),
	(981,'2012-05-25 12:46:02','pay',30,'no',5,1,NULL,NULL,'no'),
	(982,'2012-05-25 12:46:43','pay',30,'no',5,1,NULL,NULL,'no'),
	(983,'2012-05-25 12:47:31','pay',30,'no',5,1,NULL,NULL,'no'),
	(984,'2012-05-25 12:48:20','credit',30,'no',5,1,NULL,NULL,'no'),
	(985,'2012-05-25 12:54:41','credit',21,'no',5,1,NULL,NULL,'no'),
	(986,'2012-05-25 12:57:17','credit',20,'no',5,1,NULL,NULL,'no'),
	(987,'2012-05-25 13:45:12','credit',8,'no',5,1,NULL,NULL,'no'),
	(988,'2012-05-25 13:48:23','credit',39,'no',5,1,NULL,NULL,'no'),
	(989,'2012-05-25 13:53:21','credit',17,'no',5,1,NULL,NULL,'no'),
	(990,'2012-05-26 07:54:50','credit',20,'no',5,1,NULL,NULL,'no'),
	(991,'2012-05-26 07:56:42','credit',39,'no',5,1,NULL,NULL,'no'),
	(992,'2012-05-26 12:09:13','credit',39,'no',5,1,NULL,NULL,'no'),
	(993,'2012-05-26 12:10:56','credit',27,'no',5,1,NULL,NULL,'no'),
	(994,'2012-05-26 12:50:55','credit',39,'no',5,1,NULL,NULL,'no'),
	(995,'2012-05-26 16:33:17','credit',39,'no',5,1,NULL,NULL,'no'),
	(996,'2012-05-27 07:11:06','credit',11,'no',5,1,NULL,NULL,'no'),
	(997,'2012-05-27 07:13:22','credit',10,'no',5,1,NULL,NULL,'no'),
	(998,'2012-05-27 07:14:28','credit',9,'no',5,1,NULL,NULL,'no'),
	(999,'2012-05-27 07:16:13','credit',27,'no',5,1,NULL,NULL,'no'),
	(1000,'2012-05-27 07:17:19','credit',15,'no',5,1,NULL,NULL,'no'),
	(1001,'2012-05-27 17:08:36','credit',15,'no',5,1,NULL,NULL,'no'),
	(1002,'2012-05-27 17:13:11','credit',39,'no',5,1,NULL,NULL,'no'),
	(1003,'2012-05-28 07:29:45','credit',15,'no',5,1,NULL,NULL,'no'),
	(1004,'2012-05-28 07:31:53','credit',13,'no',5,1,NULL,NULL,'no'),
	(1005,'2012-05-28 09:40:27','credit',21,'no',5,1,NULL,NULL,'no'),
	(1006,'2012-05-28 10:07:43','credit',39,'no',5,1,NULL,NULL,'no'),
	(1007,'2012-05-28 10:10:37','credit',26,'no',5,1,NULL,NULL,'no'),
	(1008,'2012-05-28 10:13:42','credit',39,'no',5,1,NULL,NULL,'no'),
	(1009,'2012-05-28 14:50:16','credit',14,'no',5,1,NULL,NULL,'no'),
	(1010,'2012-05-28 14:52:26','credit',8,'no',5,1,NULL,NULL,'no'),
	(1011,'2012-05-29 07:17:50','credit',9,'no',5,1,NULL,NULL,'no'),
	(1012,'2012-05-29 09:03:32','credit',5,'no',5,1,NULL,'2012-07-19','no'),
	(1013,'2012-05-29 09:05:56','credit',8,'no',5,1,NULL,NULL,'no'),
	(1014,'2012-05-29 09:07:58','credit',19,'no',5,1,NULL,NULL,'no'),
	(1015,'2012-05-29 09:13:05','credit',26,'no',5,1,NULL,NULL,'no'),
	(1016,'2012-05-29 10:52:06','credit',22,'no',5,1,NULL,NULL,'no'),
	(1017,'2012-05-29 12:27:08','credit',17,'no',5,1,NULL,NULL,'no'),
	(1018,'2012-05-29 13:41:09','credit',13,'no',5,1,NULL,NULL,'no'),
	(1019,'2012-05-29 14:13:15','credit',5,'no',5,1,NULL,'2012-07-19','no'),
	(1020,'2012-05-30 06:57:18','credit',10,'no',5,1,NULL,NULL,'no'),
	(1021,'2012-05-30 06:58:27','credit',10,'no',5,1,NULL,NULL,'no'),
	(1022,'2012-05-30 07:02:50','credit',22,'no',5,1,NULL,NULL,'no'),
	(1023,'2012-05-30 07:03:23','credit',22,'no',5,1,NULL,NULL,'no'),
	(1024,'2012-05-30 08:30:12','credit',13,'no',5,1,NULL,NULL,'no'),
	(1025,'2012-05-30 08:35:00','credit',19,'no',5,1,NULL,NULL,'no'),
	(1026,'2012-05-30 08:36:19','credit',17,'no',5,1,NULL,NULL,'no'),
	(1027,'2012-05-30 10:46:32','credit',11,'no',5,1,NULL,NULL,'no'),
	(1028,'2012-05-30 12:09:41','credit',39,'no',5,1,NULL,NULL,'no'),
	(1029,'2012-05-31 07:09:29','credit',13,'no',5,1,NULL,NULL,'no'),
	(1030,'2012-05-31 07:10:42','credit',15,'no',5,1,NULL,NULL,'no'),
	(1031,'2012-05-31 08:57:31','credit',14,'no',5,1,NULL,NULL,'no'),
	(1032,'2012-05-31 11:51:36','credit',8,'no',5,1,NULL,NULL,'no'),
	(1033,'2012-05-31 11:53:15','credit',11,'no',5,1,NULL,NULL,'no'),
	(1034,'2012-05-31 11:56:34','credit',9,'no',5,1,NULL,NULL,'no'),
	(1035,'2012-05-31 11:58:34','credit',25,'no',5,1,NULL,NULL,'no'),
	(1036,'2012-05-31 12:00:20','credit',21,'no',5,1,NULL,NULL,'no'),
	(1037,'2012-06-01 07:09:08','credit',15,'no',5,1,NULL,NULL,'no'),
	(1038,'2012-06-01 09:12:56','credit',13,'no',5,1,NULL,NULL,'no'),
	(1039,'2012-06-01 09:27:56','credit',5,'no',5,1,NULL,'2012-07-19','no'),
	(1040,'2012-06-01 11:14:46','credit',17,'no',5,1,NULL,'2012-07-24','no'),
	(1041,'2012-06-02 10:14:25','credit',11,'no',5,1,NULL,NULL,'no'),
	(1042,'2012-06-03 08:29:56','credit',13,'no',5,1,NULL,NULL,'no'),
	(1043,'2012-06-03 10:05:46','credit',39,'no',5,1,NULL,NULL,'no'),
	(1044,'2012-06-03 10:09:01','credit',39,'no',5,1,NULL,NULL,'no'),
	(1045,'2012-06-08 08:45:16','credit',13,'no',5,1,NULL,NULL,'no'),
	(1046,'2012-06-08 08:56:57','credit',17,'no',5,1,NULL,'2012-07-24','no'),
	(1047,'2012-06-08 08:58:50','credit',9,'no',5,1,NULL,'2012-07-24','no'),
	(1048,'2012-06-08 09:46:40','credit',27,'no',5,1,NULL,NULL,'no'),
	(1049,'2012-06-09 07:15:21','credit',22,'no',5,1,NULL,NULL,'no'),
	(1050,'2012-06-09 07:17:24','credit',25,'no',5,1,NULL,NULL,'no'),
	(1051,'2012-06-09 09:08:14','credit',15,'no',5,1,NULL,NULL,'no'),
	(1052,'2012-06-09 09:11:42','credit',17,'no',5,1,NULL,'2012-07-24','no'),
	(1053,'2012-06-09 11:33:10','credit',26,'no',5,1,NULL,NULL,'no'),
	(1054,'2012-06-09 11:38:05','credit',39,'no',5,1,NULL,NULL,'no'),
	(1055,'2012-06-09 16:15:55','credit',39,'no',5,1,NULL,NULL,'no'),
	(1056,'2012-06-10 13:05:59','credit',13,'no',5,1,NULL,NULL,'no'),
	(1057,'2012-06-10 13:07:55','credit',15,'no',5,1,NULL,NULL,'no'),
	(1058,'2012-06-17 10:42:19','credit',31,'no',5,1,NULL,NULL,'no'),
	(1059,'2012-06-17 10:45:01','credit',39,'no',5,1,NULL,NULL,'no'),
	(1060,'2012-06-18 08:07:13','pay',39,'no',5,1,NULL,NULL,'no'),
	(1061,'2012-06-18 08:08:42','pay',39,'no',5,1,NULL,NULL,'no'),
	(1062,'2012-06-22 08:50:14','credit',10,'no',5,1,NULL,NULL,'no'),
	(1063,'2012-06-22 08:51:39','credit',13,'no',5,1,NULL,NULL,'no'),
	(1064,'2012-06-22 08:52:47','credit',39,'no',5,1,NULL,NULL,'no'),
	(1065,'2012-06-25 14:22:52','credit',13,'no',5,1,NULL,NULL,'no'),
	(1066,'2012-06-25 14:25:29','credit',21,'no',5,1,NULL,NULL,'no'),
	(1067,'2012-06-25 14:27:40','credit',11,'no',5,1,NULL,NULL,'no'),
	(1068,'2012-06-25 14:31:00','credit',13,'no',5,1,NULL,NULL,'no'),
	(1069,'2012-06-25 14:33:03','credit',15,'no',5,1,NULL,NULL,'no'),
	(1070,'2012-06-25 14:34:58','credit',5,'no',5,1,NULL,'2012-07-19','no'),
	(1071,'2012-06-25 14:36:56','credit',13,'no',5,1,NULL,NULL,'no'),
	(1072,'2012-06-25 14:38:07','credit',17,'no',5,1,NULL,'2012-07-24','no'),
	(1073,'2012-06-25 14:39:32','credit',21,'no',5,1,NULL,NULL,'no'),
	(1074,'2012-06-27 08:24:26','credit',15,'no',5,1,NULL,NULL,'no'),
	(1075,'2012-06-27 08:26:48','credit',5,'no',5,1,NULL,'2012-07-19','no'),
	(1076,'2012-06-27 12:22:11','credit',14,'no',5,1,NULL,'2012-07-24','no'),
	(1077,'2012-06-28 08:36:57','credit',13,'no',5,1,NULL,NULL,'no'),
	(1078,'2012-06-28 11:23:21','credit',10,'no',5,1,NULL,NULL,'no'),
	(1079,'2012-06-28 11:24:45','pay',4,'no',5,1,NULL,NULL,'no'),
	(1080,'2012-06-28 11:25:04','credit',4,'no',5,1,NULL,NULL,'no'),
	(1081,'2012-06-28 11:26:26','credit',43,'no',5,1,NULL,'2012-07-16','no'),
	(1082,'2012-06-28 11:27:52','credit',11,'no',5,1,NULL,NULL,'no'),
	(1083,'2012-06-28 11:29:27','credit',5,'no',5,1,NULL,'2012-07-19','no'),
	(1084,'2012-06-28 14:11:01','credit',21,'no',5,1,NULL,NULL,'no'),
	(1085,'2012-06-28 14:26:14','credit',4,'no',5,1,NULL,NULL,'no'),
	(1086,'2012-06-28 16:39:22','credit',13,'no',5,1,NULL,NULL,'no'),
	(1087,'2012-06-29 09:45:04','credit',9,'no',5,1,NULL,'2012-07-24','no'),
	(1088,'2012-06-29 09:47:48','credit',5,'no',5,1,NULL,'2012-07-19','no'),
	(1089,'2012-06-29 16:11:50','credit',17,'no',5,1,NULL,'2012-07-24','no'),
	(1090,'2012-06-29 16:12:43','credit',17,'no',5,1,NULL,'2012-07-24','no'),
	(1091,'2012-06-29 16:16:49','credit',43,'no',5,1,NULL,'2012-07-16','no'),
	(1092,'2012-06-29 16:20:17','credit',11,'no',5,1,NULL,NULL,'no'),
	(1093,'2012-06-30 08:19:12','credit',4,'no',5,1,NULL,NULL,'no'),
	(1094,'2012-06-30 08:20:44','credit',45,'no',5,1,NULL,NULL,'no'),
	(1095,'2012-06-30 08:22:05','credit',10,'no',5,1,NULL,NULL,'no'),
	(1096,'2012-06-30 09:08:41','credit',17,'no',5,1,NULL,'2012-07-24','no'),
	(1097,'2012-06-30 10:25:32','credit',15,'no',5,1,NULL,NULL,'no'),
	(1098,'2012-06-30 11:35:45','credit',13,'no',5,1,NULL,NULL,'no'),
	(1099,'2012-06-30 12:23:21','credit',39,'no',5,1,NULL,NULL,'no'),
	(1100,'2012-06-30 12:32:34','credit',5,'no',5,1,NULL,'2012-07-19','no'),
	(1101,'2012-06-30 12:52:51','credit',46,'no',5,1,NULL,NULL,'no'),
	(1102,'2012-06-30 13:02:12','credit',46,'no',5,1,NULL,NULL,'no'),
	(1103,'2012-06-30 15:02:30','credit',43,'no',5,1,NULL,'2012-07-16','no'),
	(1109,'2012-06-30 16:38:46','credit',39,'no',5,1,NULL,NULL,'no'),
	(1105,'2012-06-30 15:45:20','credit',4,'no',5,1,NULL,NULL,'no'),
	(1106,'2012-06-30 15:46:27','credit',17,'no',5,1,NULL,'2012-07-24','no'),
	(1108,'2012-06-30 16:38:23','credit',39,'no',5,1,NULL,NULL,'no'),
	(1110,'2012-07-01 09:43:04','credit',13,'no',5,1,NULL,'2012-07-24','no'),
	(1111,'2012-07-01 10:46:54','credit',47,'no',5,1,NULL,'2012-07-24','no'),
	(1112,'2012-07-02 09:21:02','credit',39,'no',5,1,NULL,NULL,'no'),
	(1113,'2012-07-02 10:10:08','credit',21,'no',5,1,NULL,'2012-08-16','no'),
	(1114,'2012-07-02 10:13:13','credit',47,'no',5,1,NULL,'2012-07-24','no'),
	(1115,'2012-07-03 07:49:41','credit',5,'no',5,1,NULL,'2012-07-26','no'),
	(1116,'2012-07-03 07:52:12','credit',9,'no',5,1,NULL,'2012-07-24','no'),
	(1117,'2012-07-03 07:55:29','credit',20,'no',5,1,NULL,'2012-07-24','no'),
	(1118,'2012-07-03 07:57:30','credit',15,'no',5,1,NULL,'2012-07-24','no'),
	(1119,'2012-07-03 08:16:31','credit',13,'no',5,1,NULL,'2012-07-24','no'),
	(1120,'2012-07-03 08:18:39','credit',14,'no',5,1,NULL,'2012-07-24','no'),
	(1121,'2012-07-03 09:10:15','credit',43,'no',5,1,NULL,'2012-07-16','no'),
	(1122,'2012-07-03 09:11:57','credit',47,'no',5,1,NULL,'2012-07-24','no'),
	(1124,'2012-07-03 10:41:40','credit',10,'no',5,1,NULL,'2012-08-16','no'),
	(1125,'2012-07-03 10:47:48','credit',25,'no',5,1,NULL,NULL,'no'),
	(1126,'2012-07-03 12:05:34','credit',12,'no',5,1,NULL,'2012-07-24','no'),
	(1127,'2012-07-03 15:19:21','credit',4,'no',5,1,NULL,'2012-07-24','no'),
	(1128,'2012-07-03 15:22:35','credit',39,'no',5,1,NULL,NULL,'no'),
	(1129,'2012-07-04 07:18:21','credit',25,'no',5,1,NULL,NULL,'no'),
	(1130,'2012-07-04 08:39:57','credit',13,'no',5,1,NULL,'2012-07-24','no'),
	(1131,'2012-07-04 09:55:42','credit',4,'no',5,1,NULL,'2012-07-24','no'),
	(1132,'2012-07-04 10:27:14','credit',14,'no',5,1,NULL,'2012-07-24','no'),
	(1133,'2012-07-04 11:10:27','credit',17,'no',5,1,NULL,'2012-07-24','no'),
	(1134,'2012-07-04 16:02:14','credit',17,'no',5,1,NULL,'2012-07-24','no'),
	(1135,'2012-07-05 08:47:21','credit',13,'no',5,1,NULL,'2012-07-24','no'),
	(1136,'2012-07-05 15:40:13','credit',4,'no',5,1,NULL,'2012-07-24','no'),
	(1137,'2012-07-05 15:52:41','credit',39,'no',5,1,NULL,NULL,'no'),
	(1138,'2012-07-06 08:57:21','credit',13,'no',5,1,NULL,'2012-07-24','no'),
	(1139,'2012-07-06 10:25:44','credit',13,'no',5,1,NULL,'2012-07-24','no'),
	(1140,'2012-07-06 10:29:59','credit',15,'no',5,1,NULL,'2012-07-24','no'),
	(1141,'2012-07-06 10:38:54','credit',39,'no',5,1,NULL,NULL,'no'),
	(1142,'2012-07-07 10:01:28','credit',13,'no',5,1,NULL,'2012-07-24','no'),
	(1143,'2012-07-07 10:05:01','credit',4,'no',5,1,NULL,'2012-07-24','no'),
	(1144,'2012-07-07 11:43:50','credit',39,'no',5,1,NULL,NULL,'no'),
	(1145,'2012-07-07 11:45:53','credit',39,'no',5,1,NULL,NULL,'no'),
	(1146,'2012-07-07 13:43:40','credit',17,'no',5,1,NULL,'2012-07-24','no'),
	(1147,'2012-07-07 13:54:22','credit',14,'no',5,1,NULL,'2012-07-24','no'),
	(1148,'2012-07-07 14:21:38','credit',17,'no',5,1,NULL,'2012-07-24','no'),
	(1149,'2012-07-08 07:32:05','credit',20,'no',5,1,NULL,'2012-07-24','no'),
	(1150,'2012-07-08 09:27:57','credit',39,'no',5,1,NULL,NULL,'no'),
	(1151,'2012-07-08 09:29:59','credit',39,'no',5,1,NULL,NULL,'no'),
	(1152,'2012-07-09 07:37:51','credit',20,'no',5,1,NULL,'2012-07-24','no'),
	(1153,'2012-07-09 07:37:54','pay',20,'no',5,1,NULL,NULL,'no'),
	(1154,'2012-07-09 07:38:43','credit',20,'no',5,1,NULL,'2012-07-24','no'),
	(1155,'2012-07-09 08:49:08','credit',14,'no',5,1,NULL,'2012-07-24','no'),
	(1156,'2012-07-09 08:51:09','credit',13,'no',5,1,NULL,'2012-07-24','no'),
	(1157,'2012-07-09 11:54:30','credit',14,'no',5,1,NULL,'2012-07-24','no'),
	(1158,'2012-07-09 12:53:55','credit',39,'no',5,1,NULL,NULL,'no'),
	(1159,'2012-07-09 13:19:24','credit',14,'no',5,1,NULL,'2012-07-24','no'),
	(1160,'2012-07-09 14:18:32','credit',47,'no',5,1,NULL,'2012-07-24','no'),
	(1161,'2012-07-10 08:37:41','credit',39,'no',5,1,NULL,NULL,'no'),
	(1162,'2012-07-10 09:12:33','credit',15,'no',5,1,NULL,NULL,'no'),
	(1163,'2012-07-10 09:12:50','credit',15,'no',5,1,NULL,'2012-07-24','no'),
	(1164,'2012-07-10 09:15:03','credit',14,'no',5,1,NULL,'2012-07-24','no'),
	(1165,'2012-07-10 09:17:57','credit',19,'no',5,1,NULL,'2012-07-24','no'),
	(1166,'2012-07-10 09:47:40','credit',13,'no',5,1,NULL,'2012-07-24','no'),
	(1167,'2012-07-10 15:02:52','credit',47,'no',5,1,NULL,'2012-07-24','no'),
	(1168,'2012-07-11 07:35:17','credit',19,'no',5,1,NULL,'2012-07-24','no'),
	(1169,'2012-07-11 07:39:19','credit',20,'no',5,1,NULL,'2012-07-24','no'),
	(1170,'2012-07-11 09:33:20','credit',47,'no',5,1,NULL,'2012-07-24','no'),
	(1171,'2012-07-11 09:34:42','credit',14,'no',5,1,NULL,'2012-07-24','no'),
	(1172,'2012-07-11 09:49:09','credit',9,'no',5,1,NULL,'2012-07-24','no'),
	(1173,'2012-07-11 10:08:36','credit',17,'no',5,1,NULL,'2012-07-24','no'),
	(1174,'2012-07-11 11:03:45','credit',9,'no',5,1,NULL,NULL,'no'),
	(1175,'2012-07-11 11:04:24','credit',9,'no',5,1,NULL,'2012-07-24','no'),
	(1176,'2012-07-11 14:05:08','credit',4,'no',5,1,NULL,'2012-07-24','no'),
	(1177,'2012-07-11 14:51:02','credit',13,'no',5,1,NULL,'2012-07-24','no'),
	(1178,'2012-07-11 14:51:58','credit',13,'no',5,1,NULL,'2012-07-24','no'),
	(1179,'2012-07-11 15:01:19','credit',17,'no',5,1,NULL,NULL,'no'),
	(1180,'2012-07-11 15:01:49','credit',17,'no',5,1,NULL,'2012-07-24','no'),
	(1181,'2012-07-11 15:05:23','credit',13,'no',5,1,NULL,'2012-07-24','no'),
	(1182,'2012-07-12 14:59:35','credit',39,'no',5,1,NULL,NULL,'no'),
	(1183,'2012-07-12 17:02:11','credit',13,'no',5,1,NULL,'2012-07-24','no'),
	(1184,'2012-07-12 17:04:17','credit',47,'no',5,1,NULL,'2012-07-24','no'),
	(1185,'2012-07-12 23:29:22','credit',15,'no',5,1,NULL,NULL,'no'),
	(1186,'2012-07-12 23:30:01','credit',15,'no',5,1,NULL,'2012-07-24','no'),
	(1187,'2012-07-12 23:36:22','credit',4,'no',5,1,NULL,'2012-07-24','no'),
	(1188,'2012-07-12 23:38:07','credit',4,'no',5,1,NULL,'2012-07-24','no'),
	(1189,'2012-07-13 00:58:02','credit',13,'no',5,1,NULL,'2012-07-24','no'),
	(1190,'2012-07-14 10:30:30','credit',39,'no',5,1,NULL,NULL,'no'),
	(1191,'2012-07-15 15:13:36','credit',0,'no',5,1,NULL,NULL,'no'),
	(1192,'2012-07-15 15:22:01','credit',4,'no',5,1,NULL,'2012-07-24','no'),
	(1193,'2012-07-15 15:24:27','credit',13,'no',5,1,NULL,'2012-07-24','no'),
	(1194,'2012-07-15 15:29:07','credit',17,'no',5,1,NULL,'2012-07-24','no'),
	(1195,'2012-07-15 15:52:58','credit',13,'no',5,1,NULL,NULL,'no'),
	(1196,'2012-07-15 15:53:23','credit',13,'no',5,1,NULL,'2012-07-24','no'),
	(1197,'2012-07-16 10:10:55','credit',4,'no',5,1,NULL,'2012-07-24','no'),
	(1198,'2012-07-16 11:31:10','credit',13,'no',5,1,NULL,'2012-07-24','no'),
	(1199,'2012-07-16 14:11:27','credit',39,'no',5,1,NULL,NULL,'no'),
	(1200,'2012-07-17 07:21:04','credit',9,'no',5,1,NULL,'2012-07-24','no'),
	(1201,'2012-07-17 07:22:21','credit',20,'no',5,1,NULL,'2012-07-24','no'),
	(1202,'2012-07-17 07:24:49','credit',22,'no',5,1,NULL,NULL,'no'),
	(1203,'2012-07-17 09:32:30','credit',29,'no',5,1,NULL,NULL,'no'),
	(1204,'2012-07-18 06:42:30','credit',19,'no',5,1,NULL,'2012-07-24','no'),
	(1205,'2012-07-18 08:19:40','credit',13,'no',5,1,NULL,'2012-07-24','no'),
	(1206,'2012-07-19 10:11:38','credit',39,'no',5,1,NULL,NULL,'no'),
	(1207,'2012-07-19 15:57:01','credit',19,'no',5,1,NULL,'2012-07-24','no'),
	(1208,'2012-07-19 15:58:39','credit',39,'no',5,1,NULL,NULL,'no'),
	(1209,'2012-07-19 17:34:32','credit',5,'no',5,1,NULL,'2012-07-26','no'),
	(1210,'2012-07-19 17:36:17','credit',8,'no',5,1,NULL,'2012-08-16','no'),
	(1211,'2012-07-19 17:37:57','credit',15,'no',5,1,NULL,'2012-07-24','no'),
	(1212,'2010-01-01 00:03:03','credit',20,'no',5,1,NULL,'2012-07-24','no'),
	(1213,'2012-07-20 07:14:37','credit',17,'no',5,1,NULL,'2012-07-24','no'),
	(1214,'2012-07-20 08:10:55','credit',47,'no',5,1,NULL,'2012-07-24','no'),
	(1215,'2012-07-20 08:14:16','credit',14,'no',5,1,NULL,'2012-07-24','no'),
	(1216,'2012-07-20 08:18:08','credit',13,'no',5,1,NULL,'2012-07-24','no'),
	(1217,'2012-07-20 08:22:32','credit',17,'no',5,1,NULL,'2012-07-24','no'),
	(1218,'2012-07-20 10:07:46','credit',19,'no',5,1,NULL,'2012-07-24','no'),
	(1219,'2012-07-20 11:43:22','credit',5,'no',5,1,NULL,'2012-07-26','no'),
	(1220,'2012-07-20 11:45:12','credit',5,'no',5,1,NULL,'2012-07-26','no'),
	(1221,'2012-07-21 06:59:41','credit',19,'no',5,1,NULL,'2012-08-16','no'),
	(1222,'2012-07-21 08:41:50','credit',13,'no',5,1,NULL,'2012-08-16','no'),
	(1223,'2012-07-21 09:43:07','credit',19,'no',5,1,NULL,'2012-08-16','no'),
	(1224,'2012-07-21 10:24:51','credit',14,'no',5,1,'2012-08-16 00:00:00','2012-08-22','no'),
	(1225,'2012-07-21 13:02:05','pay',5,'no',5,1,NULL,NULL,'no'),
	(1226,'2012-07-21 16:46:13','credit',14,'no',5,1,'2012-08-16 00:00:00','2012-08-22','no'),
	(1227,'2012-07-21 16:48:08','credit',14,'no',5,1,'2012-08-16 00:00:00','2012-08-22','no'),
	(1228,'2012-07-21 16:49:31','credit',14,'no',5,1,'2012-08-16 00:00:00','2012-08-22','no'),
	(1229,'2012-07-21 16:52:50','credit',14,'no',5,1,'2012-08-16 00:00:00','2012-08-22','no'),
	(1230,'2012-07-21 16:53:41','pay',14,'no',5,1,NULL,NULL,'no'),
	(1231,'2012-07-21 16:56:04','credit',14,'no',5,1,'2012-08-16 00:00:00','2012-08-22','no'),
	(1232,'2012-07-22 07:23:53','credit',17,'no',5,1,NULL,'2012-07-24','no'),
	(1233,'2012-07-22 12:08:11','credit',13,'no',5,1,NULL,'2012-08-16','no'),
	(1234,'2012-07-22 15:15:30','credit',13,'no',5,1,NULL,'2012-08-16','no'),
	(1235,'2012-07-22 15:17:47','credit',39,'no',5,1,NULL,NULL,'no'),
	(1236,'2012-07-22 15:55:57','credit',17,'no',5,1,NULL,'2012-07-24','no'),
	(1237,'2012-07-23 07:28:50','credit',20,'no',5,1,NULL,'2012-08-16','no'),
	(1238,'2012-07-23 07:28:56','pay',20,'no',5,1,NULL,NULL,'no'),
	(1239,'2012-07-23 07:29:16','credit',20,'no',5,1,NULL,'2012-08-16','no'),
	(1240,'2012-07-23 09:30:53','credit',39,'no',5,1,NULL,NULL,'no'),
	(1241,'2012-07-23 11:10:12','credit',14,'no',5,1,'2012-08-16 00:00:00','2012-08-17','no'),
	(1242,'2012-07-23 11:44:01','credit',14,'no',5,1,'2012-08-16 00:00:00','2012-08-22','no'),
	(1243,'2012-07-23 12:17:23','credit',14,'no',5,1,'2012-08-16 00:00:00','2012-08-17','no'),
	(1244,'2012-07-23 12:31:48','credit',17,'no',5,1,NULL,'2012-07-24','no'),
	(1245,'2012-07-24 09:52:32','credit',4,'no',5,1,NULL,'2012-08-17','no'),
	(1246,'2012-07-27 09:45:55','credit',17,'no',5,1,NULL,NULL,'no'),
	(1247,'2012-08-02 09:07:34','credit',20,'no',5,1,NULL,'2012-08-16','no'),
	(1248,'2012-08-02 09:09:08','credit',4,'no',5,1,NULL,'2012-08-17','no'),
	(1249,'2012-08-02 09:10:31','credit',15,'no',5,1,NULL,'2012-08-16','no'),
	(1250,'2012-08-02 09:14:06','credit',47,'no',5,1,NULL,'2012-08-16','no'),
	(1251,'2012-08-02 10:06:29','credit',9,'no',5,1,NULL,'2012-08-16','no'),
	(1252,'2012-08-02 10:26:09','credit',21,'no',5,1,NULL,'2012-08-16','no'),
	(1253,'2012-08-02 10:32:31','credit',47,'no',5,1,NULL,'2012-08-16','no'),
	(1254,'2012-08-02 11:21:18','credit',18,'no',5,1,NULL,'2012-08-16','no'),
	(1255,'2012-08-02 12:04:22','credit',8,'no',5,1,NULL,'2012-08-16','no'),
	(1256,'2012-08-02 12:06:32','credit',19,'no',5,1,NULL,'2012-08-16','no'),
	(1257,'2012-08-02 12:35:09','credit',19,'no',5,1,NULL,'2012-08-16','no'),
	(1258,'2012-08-02 12:38:22','credit',5,'no',5,1,NULL,NULL,'no'),
	(1259,'2012-08-02 14:12:06','credit',17,'no',5,1,NULL,NULL,'no'),
	(1260,'2012-08-02 14:58:53','credit',11,'no',5,1,NULL,'2012-08-16','no'),
	(1261,'2012-08-02 15:01:49','credit',10,'no',5,1,NULL,'2012-08-16','no'),
	(1262,'2012-08-02 15:15:08','credit',39,'no',5,1,NULL,NULL,'no'),
	(1263,'2012-08-03 07:50:18','credit',47,'no',5,1,NULL,'2012-08-16','no'),
	(1264,'2012-08-03 07:55:14','credit',20,'no',5,1,NULL,'2012-08-16','no'),
	(1265,'2012-08-03 07:56:55','credit',4,'no',5,1,NULL,'2012-08-17','no'),
	(1266,'2012-08-03 07:59:02','credit',18,'no',5,1,NULL,'2012-08-16','no'),
	(1267,'2012-08-03 08:00:54','credit',15,'no',5,1,NULL,'2012-08-16','no'),
	(1268,'2012-08-03 08:03:38','credit',15,'no',5,1,NULL,'2012-08-16','no'),
	(1269,'2012-08-03 08:06:27','credit',17,'no',5,1,NULL,NULL,'no'),
	(1270,'2012-08-03 09:18:43','credit',13,'no',5,1,NULL,'2012-08-16','no'),
	(1271,'2012-08-03 10:26:12','credit',19,'no',5,1,NULL,'2012-08-16','no'),
	(1272,'2010-01-01 02:08:37','credit',21,'no',5,1,NULL,'2012-08-16','no'),
	(1273,'2010-01-01 02:13:53','credit',4,'no',5,1,NULL,'2012-08-16','no'),
	(1274,'2010-01-01 02:37:18','credit',27,'no',5,1,NULL,NULL,'no'),
	(1275,'2010-01-01 02:39:41','credit',29,'no',5,1,NULL,NULL,'no'),
	(1276,'2010-01-01 03:28:38','credit',47,'no',5,1,NULL,'2012-08-16','no'),
	(1277,'2012-08-03 15:41:19','credit',4,'no',5,1,NULL,'2012-08-17','no'),
	(1278,'2012-08-03 15:45:59','credit',4,'no',5,1,NULL,'2012-08-17','no'),
	(1279,'2012-08-12 12:57:44','credit',13,'no',5,1,NULL,'2012-08-16','no'),
	(1280,'2012-08-12 13:00:03','credit',22,'no',5,1,NULL,NULL,'no'),
	(1281,'2012-08-12 13:02:01','pay',22,'no',5,1,NULL,NULL,'no'),
	(1282,'2012-08-12 13:03:56','pay',0,'no',5,1,NULL,NULL,'no'),
	(1283,'2012-08-12 13:04:19','pay',0,'no',5,1,NULL,NULL,'no'),
	(1284,'2012-08-12 13:32:26','credit',0,'no',5,1,NULL,NULL,'no'),
	(1285,'2012-08-12 13:46:30','credit',21,'no',5,1,NULL,'2012-08-16','no'),
	(1286,'2012-08-12 14:00:11','credit',20,'no',5,1,NULL,'2012-08-16','no'),
	(1287,'2012-08-12 14:01:41','credit',15,'no',5,1,NULL,'2012-08-16','no'),
	(1288,'2012-08-12 14:11:43','credit',4,'no',5,1,NULL,'2012-08-17','no'),
	(1289,'2012-08-12 14:17:31','pay',0,'no',5,1,NULL,NULL,'no'),
	(1290,'2012-08-12 14:29:23','credit',22,'no',5,1,NULL,NULL,'no'),
	(1291,'2012-08-12 15:50:02','credit',20,'no',5,1,NULL,'2012-08-16','no'),
	(1292,'2012-08-12 15:51:35','credit',4,'no',5,1,NULL,'2012-08-17','no'),
	(1293,'2012-08-12 16:05:41','credit',17,'no',5,1,NULL,NULL,'no'),
	(1294,'2012-08-12 16:07:44','credit',17,'no',5,1,NULL,NULL,'no'),
	(1295,'2012-08-12 16:52:21','credit',15,'no',5,1,NULL,'2012-08-16','no'),
	(1296,'2012-08-12 16:54:00','credit',17,'no',5,1,NULL,NULL,'no'),
	(1297,'2012-08-12 17:02:03','credit',15,'no',5,1,NULL,'2012-08-16','no'),
	(1298,'2012-08-13 07:40:50','credit',18,'no',5,1,NULL,'2012-08-16','no'),
	(1299,'2012-08-13 07:42:43','credit',12,'no',5,1,NULL,'2012-09-01','no'),
	(1300,'2012-08-13 07:45:17','credit',43,'no',5,1,NULL,NULL,'no'),
	(1301,'2012-08-13 07:50:31','credit',12,'no',5,1,NULL,NULL,'no'),
	(1302,'2012-08-13 07:51:38','credit',43,'no',5,1,NULL,NULL,'no'),
	(1303,'2012-08-13 07:53:39','credit',25,'no',5,1,NULL,NULL,'no'),
	(1304,'2012-08-13 07:58:38','credit',39,'no',5,1,NULL,NULL,'no'),
	(1305,'2012-08-13 08:38:32','credit',9,'no',5,1,NULL,'2012-08-16','no'),
	(1306,'2012-08-13 08:41:42','credit',5,'no',5,1,NULL,NULL,'no'),
	(1307,'2012-08-13 08:44:16','credit',8,'no',5,1,NULL,'2012-08-16','no'),
	(1308,'2012-08-13 08:45:37','credit',14,'no',5,1,'2012-08-16 00:00:00','2012-08-17','no'),
	(1309,'2012-08-13 08:48:16','credit',11,'no',5,1,NULL,'2012-08-16','no'),
	(1310,'2012-08-13 09:46:19','credit',8,'no',5,1,NULL,'2012-08-16','no'),
	(1311,'2012-08-13 09:48:56','credit',5,'no',5,1,NULL,NULL,'no'),
	(1312,'2012-08-13 09:55:38','credit',48,'no',5,1,NULL,NULL,'no'),
	(1313,'2012-08-13 09:57:18','credit',11,'no',5,1,NULL,'2012-08-16','no'),
	(1314,'2012-08-13 10:01:25','credit',49,'no',5,1,NULL,'2012-09-01','no'),
	(1315,'2012-08-13 10:27:27','credit',49,'no',5,1,NULL,NULL,'no'),
	(1316,'2012-08-13 11:03:38','credit',39,'no',5,1,NULL,NULL,'no'),
	(1317,'2012-08-13 11:18:45','credit',19,'no',5,1,NULL,'2012-08-16','no'),
	(1318,'2012-08-13 11:26:52','credit',13,'no',5,1,NULL,'2012-08-16','no'),
	(1319,'2012-08-13 11:30:29','credit',13,'no',5,1,NULL,'2012-08-16','no'),
	(1320,'2012-08-13 12:04:14','pay',48,'no',5,1,NULL,NULL,'no'),
	(1321,'2012-08-13 12:08:30','credit',13,'no',5,1,NULL,'2012-08-16','no'),
	(1322,'2012-08-13 13:41:49','credit',18,'no',5,1,NULL,'2012-08-16','no'),
	(1323,'2012-08-13 13:44:17','credit',15,'no',5,1,NULL,'2012-08-16','no'),
	(1324,'2012-08-13 14:39:31','credit',15,'no',5,1,NULL,'2012-08-16','no'),
	(1325,'2012-08-13 14:52:05','credit',15,'no',5,1,NULL,'2012-08-16','no'),
	(1326,'2012-08-13 15:00:18','credit',18,'no',5,1,NULL,'2012-08-16','no'),
	(1327,'2012-08-13 16:08:58','credit',21,'no',5,1,NULL,'2012-08-16','no'),
	(1328,'2012-08-13 16:10:40','credit',39,'no',5,1,NULL,NULL,'no'),
	(1329,'2012-08-13 16:13:59','credit',39,'no',5,1,NULL,NULL,'no'),
	(1330,'2012-08-13 16:30:24','credit',48,'no',5,1,NULL,NULL,'no'),
	(1331,'2012-08-13 17:04:34','credit',21,'no',5,1,NULL,'2012-08-16','no'),
	(1332,'2012-08-13 17:37:39','credit',20,'no',5,1,NULL,'2012-08-16','no'),
	(1333,'2010-01-01 00:39:42','credit',12,'no',5,1,NULL,NULL,'no'),
	(1334,'2010-01-01 00:42:53','credit',39,'no',5,1,NULL,NULL,'no'),
	(1335,'2010-01-01 01:40:08','credit',27,'no',5,1,NULL,NULL,'no'),
	(1336,'2010-01-01 01:42:44','credit',29,'no',5,1,NULL,NULL,'no'),
	(1337,'2010-01-01 01:56:36','credit',15,'no',5,1,NULL,'2012-08-16','no'),
	(1338,'2010-01-01 02:07:12','credit',15,'no',5,1,NULL,'2012-08-16','no'),
	(1339,'2010-01-01 02:31:03','credit',47,'no',5,1,NULL,'2012-08-16','no'),
	(1340,'2010-01-01 03:13:49','credit',18,'no',5,1,NULL,NULL,'no'),
	(1341,'2010-01-01 03:17:33','credit',48,'no',5,1,NULL,NULL,'no'),
	(1342,'2010-01-01 03:20:43','credit',14,'no',5,1,NULL,'2012-08-17','no'),
	(1343,'2010-01-01 03:31:06','credit',49,'no',5,1,NULL,NULL,'no'),
	(1344,'2012-08-14 11:18:18','credit',49,'no',5,1,NULL,NULL,'no'),
	(1345,'2012-08-14 11:22:10','credit',18,'no',5,1,NULL,'2012-08-16','no'),
	(1346,'2012-08-14 11:24:43','credit',48,'no',5,1,NULL,NULL,'no'),
	(1347,'2012-08-14 11:27:38','wait',14,'no',5,1,NULL,NULL,'no'),
	(1348,'2012-08-14 12:51:42','credit',48,'no',5,1,NULL,NULL,'no'),
	(1349,'2012-08-14 13:16:15','credit',19,'no',5,1,NULL,'2012-08-16','no'),
	(1350,'2012-08-14 16:30:52','credit',19,'no',5,1,NULL,'2012-08-16','no'),
	(1351,'2012-08-15 07:03:13','credit',48,'no',5,1,NULL,NULL,'no'),
	(1352,'2012-08-15 07:26:18','credit',45,'no',5,1,NULL,NULL,'no'),
	(1353,'2012-08-15 07:35:37','credit',20,'no',5,1,NULL,'2012-08-16','no'),
	(1354,'2012-08-15 09:10:53','credit',4,'no',5,1,NULL,'2012-08-17','no'),
	(1355,'2012-08-15 09:41:01','credit',13,'no',5,1,NULL,'2012-08-16','no'),
	(1356,'2012-08-15 09:44:36','credit',39,'no',5,1,NULL,NULL,'no'),
	(1357,'2012-08-15 09:46:31','credit',27,'no',5,1,NULL,NULL,'no'),
	(1358,'2012-08-15 09:48:18','credit',29,'no',5,1,NULL,NULL,'no'),
	(1359,'2012-08-15 11:15:27','credit',48,'no',5,1,NULL,NULL,'no'),
	(1360,'2012-08-15 11:28:48','credit',26,'no',5,1,NULL,NULL,'no'),
	(1361,'2012-08-15 11:37:04','credit',22,'no',5,1,NULL,NULL,'no'),
	(1362,'2012-08-15 13:12:22','credit',21,'no',5,1,NULL,'2012-08-16','no'),
	(1363,'2012-08-15 13:41:47','credit',19,'no',5,1,NULL,'2012-08-16','no'),
	(1364,'2012-08-15 14:03:39','credit',4,'no',5,1,NULL,'2012-08-17','no'),
	(1365,'2012-08-15 15:20:19','credit',18,'no',5,1,NULL,'2012-08-16','no'),
	(1366,'2012-08-15 15:24:13','credit',48,'no',5,1,NULL,NULL,'no'),
	(1367,'2012-08-15 16:07:29','credit',48,'no',5,1,NULL,NULL,'no'),
	(1368,'2012-08-16 07:33:06','pay',0,'no',5,1,NULL,NULL,'no'),
	(1369,'2012-08-16 07:34:03','credit',20,'no',5,1,NULL,'2012-08-16','no'),
	(1370,'2012-08-16 09:50:19','credit',48,'no',5,1,NULL,NULL,'no'),
	(1371,'2012-08-16 11:17:51','credit',4,'no',5,1,NULL,NULL,'no'),
	(1372,'2012-08-16 15:18:16','credit',48,'no',5,1,NULL,NULL,'no'),
	(1373,'2012-08-17 07:41:54','credit',45,'no',5,1,NULL,NULL,'no'),
	(1374,'2012-08-17 07:43:20','credit',48,'no',5,1,NULL,NULL,'no'),
	(1375,'2012-08-17 18:01:25','credit',22,'no',5,1,NULL,NULL,'no'),
	(1376,'2012-08-21 08:33:40','credit',27,'no',5,1,NULL,NULL,'no'),
	(1377,'2012-08-21 08:35:10','credit',22,'no',5,1,NULL,NULL,'no'),
	(1378,'2012-08-22 14:55:13','credit',4,'no',5,1,NULL,NULL,'no'),
	(1379,'2012-08-22 14:57:26','credit',13,'no',5,1,NULL,NULL,'no'),
	(1380,'2012-08-22 14:59:13','credit',15,'no',5,1,NULL,NULL,'no'),
	(1381,'2012-08-22 16:44:39','credit',48,'no',5,1,NULL,NULL,'no'),
	(1382,'2010-01-01 00:04:06','credit',20,'no',5,1,NULL,NULL,'no'),
	(1383,'2012-08-23 07:49:53','credit',45,'no',5,1,NULL,NULL,'no'),
	(1384,'2012-08-23 07:51:27','credit',20,'no',5,1,NULL,NULL,'no'),
	(1385,'2012-08-23 07:52:52','credit',10,'no',5,1,NULL,NULL,'no'),
	(1386,'2012-08-23 07:53:42','credit',10,'no',5,1,NULL,NULL,'no'),
	(1387,'2012-08-23 07:55:44','pay',13,'no',5,1,NULL,NULL,'no'),
	(1388,'2012-08-23 07:57:34','credit',19,'no',5,1,NULL,NULL,'no'),
	(1389,'2012-08-23 08:04:10','credit',22,'no',5,1,NULL,NULL,'no'),
	(1390,'2012-08-23 08:25:38','credit',45,'no',5,1,NULL,NULL,'no'),
	(1391,'2012-08-23 09:44:04','credit',4,'no',5,1,NULL,NULL,'no'),
	(1392,'2012-08-23 09:48:10','credit',13,'no',5,1,NULL,NULL,'no'),
	(1393,'2012-08-23 09:54:08','credit',10,'no',5,1,NULL,NULL,'no'),
	(1394,'2012-08-23 10:50:27','credit',15,'no',5,1,NULL,NULL,'no'),
	(1395,'2012-08-23 10:54:07','credit',14,'no',5,1,NULL,NULL,'no'),
	(1396,'2012-08-23 11:00:20','credit',18,'no',5,1,NULL,NULL,'no'),
	(1397,'2012-08-23 11:40:24','credit',0,'no',5,1,NULL,NULL,'no'),
	(1398,'2012-08-23 12:15:27','credit',15,'no',5,1,NULL,NULL,'no'),
	(1399,'2012-08-23 12:35:49','credit',19,'no',5,1,NULL,NULL,'no'),
	(1400,'2012-08-23 14:58:54','credit',19,'no',5,1,NULL,NULL,'no'),
	(1401,'2012-08-23 16:51:12','credit',15,'no',5,1,NULL,NULL,'no'),
	(1402,'2012-08-23 17:16:36','credit',19,'no',5,1,NULL,NULL,'no'),
	(1403,'2012-08-23 17:19:00','credit',19,'no',5,1,NULL,NULL,'no'),
	(1404,'2012-08-24 07:45:35','credit',45,'no',5,1,NULL,NULL,'no'),
	(1405,'2012-08-24 08:04:05','credit',13,'no',5,1,NULL,NULL,'no'),
	(1406,'2012-08-24 08:19:04','credit',27,'no',5,1,NULL,NULL,'no'),
	(1407,'2012-08-24 08:30:41','credit',48,'no',5,1,NULL,NULL,'no'),
	(1408,'2012-08-24 08:46:10','credit',13,'no',5,1,NULL,NULL,'no'),
	(1409,'2012-08-24 10:52:10','credit',13,'no',5,1,NULL,NULL,'no'),
	(1410,'2012-08-24 11:36:42','credit',15,'no',5,1,NULL,NULL,'no'),
	(1411,'2012-08-24 12:13:46','credit',4,'no',5,1,NULL,NULL,'no'),
	(1412,'2012-08-24 12:15:26','credit',39,'no',5,1,NULL,NULL,'no'),
	(1413,'2012-08-24 12:17:04','credit',5,'no',5,1,NULL,NULL,'no'),
	(1414,'2012-08-24 13:42:13','credit',50,'no',5,1,NULL,NULL,'no'),
	(1415,'2012-08-24 15:19:54','credit',21,'no',5,1,NULL,NULL,'no'),
	(1416,'2012-08-24 16:04:37','credit',48,'no',5,1,NULL,NULL,'no'),
	(1417,'2012-08-25 08:06:15','credit',18,'no',5,1,NULL,NULL,'no'),
	(1418,'2012-08-25 08:06:21','pay',18,'no',5,1,NULL,NULL,'no'),
	(1419,'2012-08-25 08:06:52','credit',18,'no',5,1,NULL,NULL,'no'),
	(1420,'2012-08-25 08:08:28','credit',12,'no',5,1,NULL,NULL,'no'),
	(1421,'2012-08-25 08:11:09','credit',20,'no',5,1,NULL,NULL,'no'),
	(1422,'2012-08-25 09:29:33','credit',11,'no',5,1,NULL,NULL,'no'),
	(1423,'2012-08-25 09:31:24','credit',15,'no',5,1,NULL,NULL,'no'),
	(1424,'2012-08-25 09:45:48','credit',48,'no',5,1,NULL,NULL,'no'),
	(1425,'2012-08-25 11:37:39','credit',17,'no',5,1,NULL,NULL,'no'),
	(1426,'2012-08-25 11:55:55','credit',21,'no',5,1,NULL,NULL,'no'),
	(1427,'2012-08-25 13:26:05','credit',15,'no',5,1,NULL,NULL,'no'),
	(1428,'2012-08-25 15:42:15','credit',39,'no',5,1,NULL,NULL,'no'),
	(1429,'2012-08-25 16:50:21','credit',13,'no',5,1,NULL,NULL,'no'),
	(1430,'2012-08-25 16:51:58','credit',13,'no',5,1,NULL,NULL,'no'),
	(1431,'2012-08-26 07:32:09','credit',35,'no',5,1,NULL,NULL,'no'),
	(1432,'2012-08-26 07:33:49','credit',45,'no',5,1,NULL,NULL,'no'),
	(1433,'2012-08-26 09:11:29','credit',13,'no',5,1,NULL,NULL,'no'),
	(1434,'2012-08-26 09:15:03','credit',11,'no',5,1,NULL,NULL,'no'),
	(1435,'2012-08-26 11:11:37','credit',4,'no',5,1,NULL,NULL,'no'),
	(1436,'2012-08-26 11:19:31','credit',21,'no',5,1,NULL,NULL,'no'),
	(1437,'2012-08-26 16:13:43','credit',39,'no',5,1,NULL,NULL,'no'),
	(1438,'2012-08-27 07:37:52','credit',20,'no',5,1,NULL,NULL,'no'),
	(1439,'2012-08-27 07:39:23','credit',13,'no',5,1,NULL,NULL,'no'),
	(1440,'2012-08-27 07:41:10','credit',19,'no',5,1,NULL,NULL,'no'),
	(1441,'2012-08-27 07:45:10','credit',47,'no',5,1,NULL,NULL,'no'),
	(1442,'2012-08-27 09:01:16','credit',0,'no',5,1,NULL,NULL,'no'),
	(1443,'2012-08-27 09:02:06','credit',13,'no',5,1,NULL,NULL,'no'),
	(1444,'2012-08-27 09:38:51','credit',15,'no',5,1,NULL,NULL,'no'),
	(1445,'2012-08-27 09:41:14','credit',5,'no',5,1,NULL,NULL,'no'),
	(1446,'2012-08-27 09:47:32','credit',15,'no',5,1,NULL,NULL,'no'),
	(1447,'2012-08-27 10:50:55','credit',14,'no',5,1,NULL,NULL,'no'),
	(1448,'2012-08-27 11:06:09','credit',14,'no',5,1,NULL,NULL,'no'),
	(1449,'2012-08-27 16:13:16','credit',12,'no',5,1,NULL,NULL,'no'),
	(1450,'2012-08-28 08:04:49','credit',50,'no',5,1,NULL,NULL,'no'),
	(1451,'2012-08-28 08:07:23','credit',39,'no',5,1,NULL,NULL,'no'),
	(1452,'2012-08-28 08:35:53','credit',45,'no',5,1,NULL,NULL,'no'),
	(1453,'2012-08-28 13:15:51','credit',21,'no',5,1,NULL,NULL,'no'),
	(1558,'2014-02-16 22:52:12','pay',4,'vat',1,1,'2014-02-16 22:52:12',NULL,'no'),
	(1455,'2012-08-28 14:28:02','credit',48,'no',5,1,NULL,NULL,'no'),
	(1456,'2012-08-28 15:04:35','credit',39,'no',5,1,NULL,NULL,'no'),
	(1457,'2012-08-28 15:24:19','credit',39,'no',5,1,NULL,NULL,'no'),
	(1458,'2012-08-28 19:38:16','credit',20,'no',5,1,NULL,NULL,'no'),
	(1459,'2012-08-28 19:39:38','credit',10,'no',5,1,NULL,NULL,'no'),
	(1460,'2012-08-28 19:40:52','credit',13,'no',5,1,NULL,NULL,'no'),
	(1461,'2012-08-28 21:18:27','credit',45,'no',5,1,NULL,NULL,'no'),
	(1462,'2012-08-29 09:45:29','credit',13,'no',5,1,NULL,NULL,'no'),
	(1463,'2012-08-29 10:13:04','credit',4,'no',5,1,NULL,NULL,'no'),
	(1464,'2012-08-29 10:58:23','credit',45,'no',5,1,NULL,NULL,'no'),
	(1465,'2012-08-29 14:12:10','credit',45,'no',5,1,NULL,NULL,'no'),
	(1466,'2012-08-29 16:14:14','credit',48,'no',5,1,NULL,NULL,'no'),
	(1467,'2012-08-29 16:16:22','credit',39,'no',5,1,NULL,NULL,'no'),
	(1468,'2012-08-29 16:57:55','credit',45,'no',5,1,NULL,NULL,'no'),
	(1469,'2012-08-29 17:06:25','credit',13,'no',5,1,NULL,NULL,'no'),
	(1470,'2012-08-29 18:53:07','credit',0,'no',5,1,NULL,NULL,'no'),
	(1471,'2012-08-29 18:54:04','credit',19,'no',5,1,NULL,NULL,'no'),
	(1472,'2012-08-29 18:57:00','credit',45,'no',5,1,NULL,NULL,'no'),
	(1473,'2012-08-30 07:19:16','credit',45,'no',5,1,NULL,NULL,'no'),
	(1474,'2012-08-30 07:48:27','credit',48,'no',5,1,NULL,NULL,'no'),
	(1475,'2012-08-30 07:50:10','credit',44,'no',5,1,NULL,NULL,'no'),
	(1476,'2012-08-30 07:59:37','credit',39,'no',5,1,NULL,NULL,'no'),
	(1477,'2012-08-30 08:12:57','credit',21,'no',5,1,NULL,NULL,'no'),
	(1478,'2012-08-30 08:31:38','credit',13,'no',5,1,NULL,NULL,'no'),
	(1479,'2012-08-30 08:55:48','credit',15,'no',5,1,NULL,NULL,'no'),
	(1480,'2012-08-30 10:11:55','credit',13,'no',5,1,NULL,NULL,'no'),
	(1481,'2012-08-30 10:20:02','credit',4,'no',5,1,'2014-02-16 00:10:19','2014-02-16','no'),
	(1482,'2012-08-30 10:22:42','credit',45,'no',5,1,NULL,NULL,'no'),
	(1483,'2012-08-30 15:19:17','credit',39,'no',5,1,NULL,NULL,'no'),
	(1484,'2012-08-30 15:26:00','credit',48,'no',5,1,NULL,NULL,'no'),
	(1485,'2012-08-31 10:46:35','credit',50,'no',5,1,NULL,NULL,'no'),
	(1486,'2012-08-31 12:58:16','credit',14,'no',5,1,NULL,NULL,'no'),
	(1487,'2012-08-31 14:53:32','credit',12,'no',5,1,NULL,NULL,'no'),
	(1488,'2012-08-31 15:03:13','credit',39,'no',5,1,NULL,NULL,'no'),
	(1489,'2012-08-31 16:05:36','credit',19,'no',5,1,NULL,NULL,'no'),
	(1490,'2012-08-31 16:11:59','credit',48,'no',5,1,NULL,NULL,'no'),
	(1491,'2012-09-01 07:23:09','credit',18,'no',5,1,NULL,NULL,'no'),
	(1492,'2012-09-01 07:26:05','credit',20,'no',5,1,NULL,NULL,'no'),
	(1493,'2012-09-01 07:27:23','credit',48,'no',5,1,NULL,NULL,'no'),
	(1494,'2012-09-01 08:38:27','credit',9,'no',5,1,NULL,NULL,'no'),
	(1495,'2012-09-01 08:39:41','credit',10,'no',5,1,NULL,NULL,'no'),
	(1496,'2012-09-01 08:41:25','credit',15,'no',5,1,NULL,NULL,'no'),
	(1497,'2012-09-01 08:42:50','credit',48,'no',5,1,NULL,NULL,'no'),
	(1498,'2012-09-01 08:45:47','credit',8,'no',5,1,NULL,NULL,'no'),
	(1499,'2012-09-01 08:47:01','pay',28,'no',5,1,'2013-02-15 13:36:48','2013-02-15','no'),
	(1500,'2012-09-01 10:17:47','pay',8,'no',5,1,'2013-02-15 13:36:48','2013-02-15','no'),
	(1501,'2012-09-01 10:19:28','pay',15,'no',5,1,'2013-02-15 13:36:48','2013-02-15','no'),
	(1503,'2012-09-01 11:31:35','pay',13,'no',5,1,'2013-01-01 20:29:35','2013-01-01','no'),
	(1504,'2012-09-01 13:52:55','pay',45,'no',5,1,'2013-01-01 20:29:35','2013-01-01','no'),
	(1505,'2012-09-02 06:46:50','pay',45,'no',5,1,'2013-01-01 20:29:35','2013-01-01','no'),
	(1506,'2012-09-02 06:48:22','pay',14,'no',5,1,'2013-01-01 20:29:35','2013-01-01','no'),
	(1529,'2012-12-25 04:12:48','pay',5,'vat',5,1,'2013-01-01 20:29:35','2013-01-01','no'),
	(1521,'2012-12-22 23:16:09','pay',4,'vat',5,1,'2012-12-22 23:16:09',NULL,'no'),
	(1520,'2012-12-21 01:07:54','pay',4,'vat',5,1,'2012-12-21 01:07:54',NULL,'no'),
	(1522,'2012-12-23 22:41:19','pay',4,'vat',5,1,'2012-12-23 22:41:19',NULL,'no'),
	(1523,'2012-12-23 23:31:53','pay',4,'vat',5,1,'2012-12-23 23:31:53',NULL,'no'),
	(1524,'2012-12-23 23:33:15','pay',4,'vat',5,1,'2012-12-23 23:33:15',NULL,'no'),
	(1525,'2012-12-23 23:33:44','pay',4,'vat',5,1,'2012-12-23 23:33:44',NULL,'no'),
	(1526,'2012-12-24 21:25:32','pay',4,'vat',5,1,'2012-12-24 21:25:32',NULL,'no'),
	(1527,'2012-12-24 21:33:50','pay',6,'vat',5,1,'2012-12-24 21:33:50',NULL,'no'),
	(1530,'2012-12-27 02:03:13','pay',4,'vat',5,1,'2012-12-27 02:03:13',NULL,'no'),
	(1531,'2013-01-02 13:31:55','pay',0,'vat',5,1,'2013-01-02 13:31:55',NULL,'no'),
	(1532,'2013-01-21 15:47:58','pay',0,'vat',5,1,'2013-01-21 15:47:58',NULL,'no'),
	(1533,'2013-01-21 15:49:39','pay',0,'vat',5,1,'2013-01-21 15:49:39',NULL,'no'),
	(1534,'2013-01-21 15:50:46','pay',0,'vat',5,1,'2013-01-21 15:50:46',NULL,'no'),
	(1535,'2013-01-21 15:51:18','pay',0,'vat',5,1,'2013-01-21 15:51:18',NULL,'no'),
	(1536,'2013-01-21 15:51:57','pay',0,'vat',5,1,'2013-01-21 15:51:57',NULL,'no'),
	(1537,'2013-01-27 00:08:02','pay',0,'vat',5,1,'2013-01-27 00:08:02',NULL,'no'),
	(1538,'2013-01-27 00:09:52','pay',0,'vat',5,1,'2013-01-27 00:09:52',NULL,'no'),
	(1539,'2013-01-27 00:10:44','pay',0,'vat',5,1,'2013-01-27 00:10:44',NULL,'no'),
	(1540,'2013-01-27 00:15:43','pay',0,'vat',5,1,'2013-01-27 00:15:43',NULL,'no'),
	(1541,'2013-01-27 00:16:39','pay',0,'vat',5,1,'2013-01-27 00:16:39',NULL,'no'),
	(1542,'2013-01-27 00:16:57','pay',0,'vat',5,1,'2013-01-27 00:16:57',NULL,'no'),
	(1543,'2013-01-27 00:19:06','pay',0,'vat',5,1,'2013-01-27 00:19:06',NULL,'no'),
	(1544,'2013-01-27 00:19:21','pay',0,'vat',5,1,'2013-01-27 00:19:21',NULL,'no'),
	(1545,'2013-01-27 00:19:44','pay',0,'vat',5,1,'2013-01-27 00:19:44',NULL,'no'),
	(1546,'2013-01-30 00:04:03','pay',0,'vat',5,1,'2013-01-30 00:04:03',NULL,'no'),
	(1547,'2013-01-30 00:04:37','pay',0,'vat',5,1,'2013-01-30 00:04:37',NULL,'no'),
	(1548,'2013-01-30 00:04:48','pay',0,'vat',5,1,'2013-01-30 00:04:48',NULL,'no'),
	(1549,'2013-01-30 00:12:14','pay',0,'vat',5,1,'2013-01-30 00:12:14',NULL,'no'),
	(1550,'2013-01-30 00:12:53','pay',0,'vat',5,1,'2013-01-30 00:12:53',NULL,'no'),
	(1551,'2013-01-30 00:13:14','pay',8,'vat',8,1,'2013-01-30 00:13:14',NULL,'no'),
	(1552,'2013-01-30 00:20:52','pay',8,'vat',8,1,'2013-01-30 00:20:52',NULL,'no'),
	(1553,'2013-02-03 11:35:20','pay',8,'no',8,2,NULL,NULL,'no'),
	(1554,'2013-02-07 22:55:10','pay',0,'vat',5,1,'2013-02-07 22:55:10',NULL,'no'),
	(1555,'2013-02-15 13:40:48','pay',0,'vat',8,1,'2013-02-15 13:40:48',NULL,'no'),
	(1556,'2013-03-18 03:06:29','pay',0,'vat',5,1,'2013-03-18 03:06:29',NULL,'no'),
	(1557,'2013-12-25 22:17:29','pay',5,'vat',1,1,'2013-12-25 22:17:29',NULL,'no'),
	(1559,'2014-03-02 12:43:04','pay',6,'vat',5,1,'2014-03-02 12:43:04',NULL,'no'),
	(1560,'2014-08-13 08:49:50','pay',4,'vat',5,1,'2014-08-13 08:49:50',NULL,'no'),
	(1561,'2014-08-14 16:54:17','pay',4,'vat',5,1,'2014-08-14 16:54:17',NULL,'no'),
	(1562,'2014-08-16 14:58:55','pay',4,'vat',5,1,'2014-08-16 14:58:55',NULL,'no'),
	(1563,'2014-08-19 22:03:56','pay',4,'vat',5,1,'2014-08-19 22:03:56',NULL,'no'),
	(1564,'2014-08-20 19:46:53','pay',4,'vat',5,1,'2014-08-20 19:46:53',NULL,'no'),
	(1565,'2014-08-20 19:47:31','pay',4,'vat',5,1,'2014-08-20 19:47:31',NULL,'no'),
	(1566,'2014-08-20 19:48:39','pay',4,'vat',5,1,'0000-00-00 00:00:00',NULL,'no'),
	(1567,'2014-08-20 19:50:56','pay',4,'vat',5,1,'0000-00-00 00:00:00',NULL,'no'),
	(1568,'2014-08-20 19:56:26','pay',4,'vat',5,1,'0000-00-00 00:00:00',NULL,'no'),
	(1569,'0000-00-00 00:00:00','pay',4,'vat',5,1,'0000-00-00 00:00:00',NULL,'no'),
	(1570,'0000-00-00 00:00:00','pay',4,'vat',5,1,'0000-00-00 00:00:00',NULL,'no'),
	(1571,'2014-08-20 00:00:00','pay',4,'vat',5,1,'0000-00-00 00:00:00',NULL,'no'),
	(1572,'2014-08-24 00:00:00','credit',4,'vat',5,1,NULL,'2014-08-24','no'),
	(1573,'2014-08-24 00:00:00','credit',4,'vat',5,1,NULL,NULL,'no'),
	(1574,'2014-09-06 00:00:00','pay',4,'vat',5,1,'0000-00-00 00:00:00',NULL,'no'),
	(1575,'2014-09-07 00:00:00','pay',4,'vat',5,1,'0000-00-00 00:00:00',NULL,'no'),
	(1576,'2014-09-07 00:00:00','pay',4,'vat',5,1,'0000-00-00 00:00:00',NULL,'no'),
	(1577,'2014-09-07 00:00:00','pay',4,'vat',5,1,'0000-00-00 00:00:00',NULL,'no'),
	(1578,'2014-09-07 00:00:00','pay',4,'vat',5,1,'0000-00-00 00:00:00',NULL,'no'),
	(1579,'2014-09-07 00:00:00','pay',4,'vat',5,1,'0000-00-00 00:00:00',NULL,'no'),
	(1580,'2014-09-07 00:00:00','pay',4,'vat',5,1,'0000-00-00 00:00:00',NULL,'no'),
	(1581,'2014-09-07 00:00:00','pay',4,'vat',5,1,'0000-00-00 00:00:00',NULL,'no'),
	(1582,'2014-09-08 00:00:00','pay',4,'vat',5,1,'0000-00-00 00:00:00',NULL,'no'),
	(1583,'2014-09-09 00:00:00','pay',4,'vat',5,1,'0000-00-00 00:00:00',NULL,'no'),
	(1584,'2014-09-11 00:00:00','pay',4,'vat',5,1,'0000-00-00 00:00:00',NULL,'no'),
	(1585,'2014-09-12 00:00:00','pay',4,'vat',5,1,'0000-00-00 00:00:00',NULL,'no'),
	(1586,'2014-09-12 00:00:00','pay',4,'vat',5,1,'0000-00-00 00:00:00',NULL,'no'),
	(1587,'2014-09-12 00:00:00','pay',5,'vat',5,1,'0000-00-00 00:00:00',NULL,'no'),
	(1588,'2014-09-12 00:00:00','pay',5,'vat',5,1,'0000-00-00 00:00:00',NULL,'no'),
	(1589,'2014-09-12 00:00:00','pay',4,'vat',5,1,'0000-00-00 00:00:00',NULL,'no'),
	(1590,'2014-09-14 00:00:00','pay',4,'vat',5,1,'0000-00-00 00:00:00',NULL,'no'),
	(1591,'2014-09-14 00:00:00','pay',5,'vat',5,1,'0000-00-00 00:00:00',NULL,'no'),
	(1592,'2014-09-15 00:00:00','pay',15,'vat',5,1,'0000-00-00 00:00:00',NULL,'no'),
	(1593,'2014-09-15 00:00:00','pay',4,'vat',5,1,'0000-00-00 00:00:00',NULL,'no'),
	(1594,'2014-09-15 00:00:00','pay',4,'vat',5,1,'0000-00-00 00:00:00',NULL,'no'),
	(1595,'2014-09-18 00:00:00','pay',4,'vat',5,1,'0000-00-00 00:00:00',NULL,'no'),
	(1596,'2014-09-18 00:00:00','pay',4,'vat',5,1,'0000-00-00 00:00:00',NULL,'no'),
	(1597,'2014-09-25 00:00:00','pay',4,'vat',5,1,'0000-00-00 00:00:00',NULL,'no'),
	(1598,'2014-09-26 00:00:00','pay',5,'vat',5,1,'0000-00-00 00:00:00',NULL,'no'),
	(1599,'2014-09-26 00:00:00','pay',6,'vat',5,1,'0000-00-00 00:00:00',NULL,'no');

/*!40000 ALTER TABLE `tb_bill_sale` ENABLE KEYS */;
UNLOCK TABLES;


# Dump of table tb_bill_sale_detail
# ------------------------------------------------------------

DROP TABLE IF EXISTS `tb_bill_sale_detail`;

CREATE TABLE `tb_bill_sale_detail` (
  `bill_sale_detail_id` int(11) NOT NULL AUTO_INCREMENT,
  `bill_id` int(11) NOT NULL,
  `bill_sale_detail_barcode` varchar(50) COLLATE utf8_unicode_ci NOT NULL,
  `bill_sale_detail_price` double DEFAULT NULL,
  `bill_sale_detail_price_vat` double(5,2) NOT NULL,
  `bill_sale_detail_qty` int(5) NOT NULL,
  `bill_sale_detail_has_bonus` enum('no','yes') COLLATE utf8_unicode_ci NOT NULL DEFAULT 'no',
  `bill_sale_detail_type` enum('one','many') COLLATE utf8_unicode_ci NOT NULL DEFAULT 'one' COMMENT 'ขายปลีก ขายส่ง',
  PRIMARY KEY (`bill_sale_detail_id`)
) ENGINE=MyISAM DEFAULT CHARSET=utf8 COLLATE=utf8_unicode_ci;

LOCK TABLES `tb_bill_sale_detail` WRITE;
/*!40000 ALTER TABLE `tb_bill_sale_detail` DISABLE KEYS */;

INSERT INTO `tb_bill_sale_detail` (`bill_sale_detail_id`, `bill_id`, `bill_sale_detail_barcode`, `bill_sale_detail_price`, `bill_sale_detail_price_vat`, `bill_sale_detail_qty`, `bill_sale_detail_has_bonus`, `bill_sale_detail_type`)
VALUES
	(74,49,'8851932269339',20,1.40,1,'no','one'),
	(73,49,'8851123342049',26,1.82,1,'no','one'),
	(72,48,'8851123784337',13,0.91,1,'no','one'),
	(71,47,'8851123389112',36,2.52,1,'no','one'),
	(70,46,'8851123795029',36,2.52,1,'no','one'),
	(69,45,'8851123389198',54,3.78,1,'no','one'),
	(68,45,'8851123381130',37,2.59,1,'no','one'),
	(67,44,'8851123342049',26,1.82,1,'no','one'),
	(66,44,'8851123381178',30,2.10,1,'no','one'),
	(65,44,'8851123782005',32,2.24,1,'no','one'),
	(63,43,'8851123381178',30,2.10,1,'no','one'),
	(64,43,'8851123342049',26,1.82,1,'no','one'),
	(204,115,'8850151951018',22,1.54,1,'no','one'),
	(205,115,'8851004203056',5,0.35,1,'no','one'),
	(206,115,'8851004107057',5,0.35,1,'no','one'),
	(207,115,'8850987351365',5,0.35,1,'no','one'),
	(208,116,'8851727001021',5,0.35,1,'no','one'),
	(209,118,'8851952301309',13,0.91,1,'no','one'),
	(210,118,'8850228001028',12,0.84,1,'no','one'),
	(211,119,'7612100057551',12,0.84,1,'no','one'),
	(212,120,'8850180020037',13,0.91,1,'no','one'),
	(213,120,'8851019010137',15,1.05,1,'no','one'),
	(214,120,'8855917000863',5,0.35,1,'no','one'),
	(215,120,'6920890701198',5,0.35,1,'no','one'),
	(216,120,'6920890701198',5,0.35,1,'no','one'),
	(217,121,'8851959156018',15,1.05,1,'no','one'),
	(218,121,'8850412503024',5,0.35,1,'no','one'),
	(219,121,'8850309206076',5,0.35,1,'no','one'),
	(220,122,'8850006325995',12,0.84,1,'no','one'),
	(221,122,'8888826016564',23,1.61,1,'no','one'),
	(222,123,'8851123705608',0,0.00,1,'no','one'),
	(223,123,'8851932234603',12,0.84,1,'no','one'),
	(224,124,'8852086001004',13,0.91,1,'no','one'),
	(225,124,'4902430317924',20,1.40,1,'no','one'),
	(226,124,'8850006261088',8,0.56,1,'no','one'),
	(227,124,'8858891300158',15,1.05,1,'no','one'),
	(228,125,'8850999143002',29,2.03,1,'no','one'),
	(229,126,'8850144207870',16,1.12,1,'no','one'),
	(230,126,'8850144207870',16,1.12,1,'no','one'),
	(231,126,'8850987101472',14,0.98,1,'no','one'),
	(232,126,'8850987101472',14,0.98,1,'no','one'),
	(233,127,'8850718804399',5,0.35,1,'no','one'),
	(234,128,'8853333010015',16,1.12,1,'no','one'),
	(235,128,'8851717901799',10,0.70,1,'no','one'),
	(236,128,'8853002090065',10,0.70,1,'no','one'),
	(237,128,'8850180020020',13,0.91,1,'no','one'),
	(238,128,'8850180020020',13,0.91,1,'no','one'),
	(239,128,'8850718804801',5,0.35,1,'no','one'),
	(240,129,'8851111102136',12,0.84,1,'no','one'),
	(241,129,'8853042000109',19,1.33,1,'no','one'),
	(242,129,'8850210000015',19,1.33,1,'no','one'),
	(243,130,'8850999143002',29,2.03,1,'no','one'),
	(244,130,'8850999143002',29,2.03,1,'no','one'),
	(245,131,'8858871119121',10,0.70,1,'no','one'),
	(246,132,'8850800100019',5,0.35,1,'no','one'),
	(247,132,'8851111102136',12,0.84,1,'no','one'),
	(248,133,'8851111102136',12,0.84,1,'no','one'),
	(249,134,'8850228000083',10,0.70,1,'no','one'),
	(250,135,'8854792000371',85,5.95,1,'no','one'),
	(251,136,'8850389103388',20,1.40,1,'no','one'),
	(252,137,'8850718805327',5,0.35,1,'no','one'),
	(253,137,'8855917000863',5,0.35,1,'no','one'),
	(254,137,'8852044497719',10,0.70,1,'no','one'),
	(255,137,'8851447010006',18,1.26,1,'no','one'),
	(256,137,'8850309206076',5,0.35,1,'no','one'),
	(257,138,'8855917000863',5,0.35,1,'no','one'),
	(258,139,'8851952301309',13,0.91,1,'no','one'),
	(259,140,'8851959132012',13,0.91,1,'no','one'),
	(260,140,'8851959148945',20,1.40,1,'no','one'),
	(261,141,'8850375002121',5,0.35,1,'no','one'),
	(262,142,'9557327001407',35,2.45,1,'no','one'),
	(263,142,'9557327001407',35,2.45,1,'no','one'),
	(264,143,'8850124095084',197,13.79,1,'no','one'),
	(265,144,'8851989020266',35,2.45,1,'no','one'),
	(266,145,'8850144208822',12,0.84,1,'no','one'),
	(267,145,'8850256510004',16,1.12,1,'no','one'),
	(268,146,'8858891300011',20,1.40,1,'no','one'),
	(269,146,'8850228001424',12,0.84,1,'no','one'),
	(270,147,'8850375002121',5,0.35,1,'no','one'),
	(271,147,'8850375002121',5,0.35,1,'no','one'),
	(272,147,'8851019010137',15,1.05,1,'no','one'),
	(273,147,'8857107232030',5,0.35,1,'no','one'),
	(274,148,'8850999143002',29,2.03,1,'no','one'),
	(275,148,'8850999143002',29,2.03,1,'no','one'),
	(276,148,'8850999143002',29,2.03,1,'no','one'),
	(277,149,'8851123212021',10,0.70,1,'no','one'),
	(278,150,'8850228000830',12,0.84,1,'no','one'),
	(279,150,'8850291110511',6,0.42,1,'no','one'),
	(280,150,'8850718801879',5,0.35,1,'no','one'),
	(281,151,'8850228000830',12,0.84,1,'no','one'),
	(282,151,'8850291110511',6,0.42,1,'no','one'),
	(283,151,'8850718801879',5,0.35,1,'no','one'),
	(284,151,'8852044110243',10,0.70,1,'no','one'),
	(285,152,'8850987101014',6,0.42,1,'no','one'),
	(286,152,'8850987101014',6,0.42,1,'no','one'),
	(287,152,'8850987101014',6,0.42,1,'no','one'),
	(288,152,'8850987362934',5,0.35,1,'no','one'),
	(289,152,'8850987362934',5,0.35,1,'no','one'),
	(290,152,'8857107232030',5,0.35,1,'no','one'),
	(291,153,'8850309003217',5,0.35,1,'no','one'),
	(292,154,'8850999321004',7,0.49,1,'no','one'),
	(293,156,'8851012103058',12,0.84,1,'no','one'),
	(294,156,'8850425002910',5,0.35,1,'no','one'),
	(295,157,'8851123705608',0,0.00,1,'no','one'),
	(296,157,'8851932237451',7,0.49,1,'no','one'),
	(297,157,'8850046100019',8,0.56,1,'no','one'),
	(298,158,'8851123705608',13,0.91,1,'no','one'),
	(299,159,'8851932188005',18,1.26,1,'no','one'),
	(300,160,'8851234310074',10,0.70,1,'no','one'),
	(301,161,'8850250000365',12,0.84,1,'no','one'),
	(302,162,'8850273261712',61,4.27,1,'no','one'),
	(303,162,'8851932234603',12,0.84,1,'no','one'),
	(304,163,'8851111400010',42,2.94,1,'no','one'),
	(305,164,'8858755200013',96,6.72,1,'no','one'),
	(306,165,'8851932183673',0,0.00,1,'no','one'),
	(307,166,'8851932183673',0,0.00,1,'no','one'),
	(308,167,'8851932235563',59,4.13,1,'no','one'),
	(309,168,'8855629362969',26,1.82,1,'no','one'),
	(310,168,'8850029209593',25,1.75,1,'no','one'),
	(311,168,'8851932239172',25,1.75,1,'no','one'),
	(312,169,'8850157130592',5,0.35,1,'no','one'),
	(313,169,'8852047237114',5,0.35,1,'no','one'),
	(314,169,'8850309206076',5,0.35,1,'no','one'),
	(315,170,'8858638001133',12,0.84,1,'no','one'),
	(316,171,'8850388547145',16,1.12,1,'no','one'),
	(317,172,'8851717901799',10,0.70,1,'no','one'),
	(318,173,'8852200000623',5,0.35,1,'no','one'),
	(319,174,'8850228000830',12,0.84,1,'no','one'),
	(320,175,'8858891300158',15,1.05,1,'no','one'),
	(321,175,'8850987362934',5,0.35,1,'no','one'),
	(322,175,'8850987351280',5,0.35,1,'no','one'),
	(323,175,'8850987351365',5,0.35,1,'no','one'),
	(324,176,'8851028001423',13,0.91,1,'no','one'),
	(325,177,'8853042002011',15,1.05,1,'no','one'),
	(326,177,'8850082001714',25,1.75,1,'no','one'),
	(327,178,'8851959156018',15,1.05,1,'no','one'),
	(328,178,'8851004438052',5,0.35,1,'no','one'),
	(329,179,'8850250000365',12,0.84,1,'no','one'),
	(330,180,'8850124003850',7,0.49,1,'no','one'),
	(331,180,'8850157130592',5,0.35,1,'no','one'),
	(332,181,'8850718804399',5,0.35,1,'no','one'),
	(333,181,'8850718802005',5,0.35,1,'no','one'),
	(334,182,'8858638001638',12,0.84,1,'no','one'),
	(335,183,'8851932111805',27,1.89,1,'no','one'),
	(336,183,'8992304004780',20,1.40,1,'no','one'),
	(337,184,'8850284010613',25,1.75,1,'no','one'),
	(338,185,'8851717901782',10,0.70,1,'no','one'),
	(339,185,'8851028001423',13,0.91,1,'no','one'),
	(340,186,'8851989020877',55,3.85,1,'no','one'),
	(341,187,'8851932187411',13,0.91,1,'no','one'),
	(342,188,'8851959132173',13,0.91,1,'no','one'),
	(343,188,'8851123212021',10,0.70,1,'no','one'),
	(344,188,'8851123212021',10,0.70,1,'no','one'),
	(345,189,'8858705601167',20,1.40,1,'no','one'),
	(346,189,'8858705601167',20,1.40,1,'no','one'),
	(347,189,'8850086131509',32,2.24,1,'no','one'),
	(348,190,'8850389103388',20,1.40,1,'no','one'),
	(349,191,'8858638000051',12,0.84,1,'no','one'),
	(350,193,'8850100128362',14,0.98,1,'no','one'),
	(351,194,'8850100128362',14,0.98,1,'no','one'),
	(352,195,'8851959148945',20,1.40,1,'no','one'),
	(353,195,'8852049404514',5,0.35,1,'no','one'),
	(354,195,'8852049404514',5,0.35,1,'no','one'),
	(355,195,'8850338008641',5,0.35,1,'no','one'),
	(356,196,'8851123383073',35,2.45,1,'no','one'),
	(357,196,'8851123796026',44,3.08,1,'no','one'),
	(358,196,'8851123703901',35,2.45,1,'no','one'),
	(359,197,'8852044110342',10,0.70,1,'no','one'),
	(360,197,'8852044110342',10,0.70,1,'no','one'),
	(361,197,'8851932264068',20,1.40,1,'no','one'),
	(362,197,'4902430275217',21,1.47,1,'no','one'),
	(363,197,'8851707000112',110,7.70,1,'no','one'),
	(364,198,'8850999322001',10,0.70,1,'no','one'),
	(365,199,'8858705601167',20,1.40,1,'no','one'),
	(366,199,'8858705601167',20,1.40,1,'no','one'),
	(367,200,'8992760221011',5,0.35,1,'no','one'),
	(368,200,'8992760221011',5,0.35,1,'no','one'),
	(369,200,'8851959132364',13,0.91,1,'no','one'),
	(370,201,'8851959144015',26,1.82,1,'no','one'),
	(371,202,'8850987351365',5,0.35,1,'no','one'),
	(372,202,'8850987351365',5,0.35,1,'no','one'),
	(373,202,'8857107232030',5,0.35,1,'no','one'),
	(374,202,'8857107232030',5,0.35,1,'no','one'),
	(375,202,'8857107232030',5,0.35,1,'no','one'),
	(376,202,'8857107232030',5,0.35,1,'no','one'),
	(377,202,'8851959122921',15,1.05,1,'no','one'),
	(378,202,'8851959122921',15,1.05,1,'no','one'),
	(379,202,'8855917000863',5,0.35,1,'no','one'),
	(380,202,'8855917000863',5,0.35,1,'no','one'),
	(381,203,'8851954101211',20,1.40,1,'no','one'),
	(382,203,'8850545777552',25,1.75,1,'no','one'),
	(383,203,'8850175067283',17,1.19,1,'no','one'),
	(384,204,'8850309003217',5,0.35,1,'no','one'),
	(385,204,'8850309003217',5,0.35,1,'no','one'),
	(386,204,'8850718800209',5,0.35,1,'no','one'),
	(387,204,'8850718800209',5,0.35,1,'no','one'),
	(388,204,'8851952301101',28,1.96,1,'no','one'),
	(389,204,'8851952301101',28,1.96,1,'no','one'),
	(390,205,'8850718804498',5,0.35,1,'no','one'),
	(391,205,'8851932272162',18,1.26,1,'no','one'),
	(392,206,'8850511121181',18,1.26,1,'no','one'),
	(393,207,'8858891300073',20,1.40,1,'no','one'),
	(394,207,'8858891300110',15,1.05,1,'no','one'),
	(395,207,'8854698005050',20,1.40,1,'no','one'),
	(396,208,'8850256510004',16,1.12,1,'no','one'),
	(397,208,'8850256510004',16,1.12,1,'no','one'),
	(398,209,'8858638000051',12,0.84,1,'no','one'),
	(399,209,'8858638000051',12,0.84,1,'no','one'),
	(400,209,'8851234310036',10,0.70,1,'no','one'),
	(401,210,'8850122101053',15,1.05,1,'no','one'),
	(402,211,'8850122101053',15,1.05,1,'no','one'),
	(403,211,'8850122101053',15,1.05,1,'no','one'),
	(404,211,'8850122101053',15,1.05,1,'no','one'),
	(405,211,'8850122101053',15,1.05,1,'no','one'),
	(406,212,'8850718806072',10,0.70,1,'no','one'),
	(407,212,'8858891300158',15,1.05,1,'no','one'),
	(408,212,'8850375002121',5,0.35,1,'no','one'),
	(409,212,'8850157511452',5,0.35,1,'no','one'),
	(410,212,'8858891300073',15,1.05,1,'no','one'),
	(411,213,'8851016000643',10,0.70,1,'no','one'),
	(412,213,'8850309003217',5,0.35,1,'no','one'),
	(413,213,'8852052140201',5,0.35,1,'no','one'),
	(414,214,'8852052140201',5,0.35,1,'no','one'),
	(415,214,'8850309003217',5,0.35,1,'no','one'),
	(416,214,'8851016000643',10,0.70,1,'no','one'),
	(417,215,'8850999143002',29,2.03,1,'no','one'),
	(418,216,'8858638000051',12,0.84,1,'no','one'),
	(419,216,'8850228000403',10,0.70,1,'no','one'),
	(420,217,'8851123794046',13,0.91,1,'no','one'),
	(421,217,'8850006584019',13,0.91,1,'no','one'),
	(422,217,'8850169006014',10,0.70,1,'no','one'),
	(423,217,'8850169016013',10,0.70,1,'no','one'),
	(424,217,'8851932263979',20,1.40,1,'no','one'),
	(425,218,'8852388000620',110,7.70,1,'no','one'),
	(426,219,'8850375002121',5,0.35,1,'no','one'),
	(427,219,'8852681010753',5,0.35,1,'no','one'),
	(428,220,'8850999143002',29,2.03,1,'no','one'),
	(429,221,'8850039600069',15,1.05,1,'no','one'),
	(430,221,'8850338017193',5,0.35,1,'no','one'),
	(431,222,'ขนม',5,0.35,1,'no','one'),
	(432,222,'ขนม',5,0.35,1,'no','one'),
	(433,222,'ขนม',5,0.35,1,'no','one'),
	(434,222,'ขนม',5,0.35,1,'no','one'),
	(435,222,'8850144208099',12,0.84,1,'no','one'),
	(436,223,'8850987101021',6,0.42,1,'no','one'),
	(437,225,'8850100121011',6,0.42,2,'no','one'),
	(438,225,'8850425002910',5,0.35,4,'no','one'),
	(439,225,'8850338016783',5,0.35,1,'no','one'),
	(440,225,'8854698005050',20,1.40,1,'no','one'),
	(441,225,'8854698005289',20,1.40,1,'no','one'),
	(442,226,'8858891300110',15,1.05,1,'no','one'),
	(443,227,'8851952301309',13,0.91,1,'no','one'),
	(444,228,'8850267117421',58,4.06,1,'no','one'),
	(445,228,'8850267117421',58,4.06,1,'no','one'),
	(446,229,'8850267117421',58,4.06,1,'no','one'),
	(447,229,'8850267117421',58,4.06,1,'no','one'),
	(448,229,'8851993623019',30,2.10,1,'no','one'),
	(449,230,'8851012103058',12,0.84,1,'no','one'),
	(450,230,'8850180020020',13,0.91,1,'no','one'),
	(451,230,'8850425002910',5,0.35,4,'no','one'),
	(452,231,'8850124091963',5,0.35,1,'no','one'),
	(453,231,'8850124091963',5,0.35,1,'no','one'),
	(454,231,'8850124033550',39,2.73,1,'no','one'),
	(455,232,'8850338008610',5,0.35,1,'no','one'),
	(456,233,'8850002022805',20,1.40,1,'no','one'),
	(457,234,'8850169006014',10,0.70,1,'no','one'),
	(458,234,'8850169006014',10,0.70,1,'no','one'),
	(459,234,'8850228000403',10,0.70,1,'no','one'),
	(460,234,'8850267117421',58,4.06,1,'no','one'),
	(461,234,'8850823020639',18,1.26,1,'no','one'),
	(462,235,'9771686492007',10,0.70,1,'no','one'),
	(463,235,'8850124091963',5,0.35,1,'no','one'),
	(464,236,'8850100101143',6,0.42,1,'no','one'),
	(465,236,'8851019010137',15,1.05,1,'no','one'),
	(466,236,'8850718801664',5,0.35,1,'no','one'),
	(467,237,'8850250000365',12,0.84,1,'no','one'),
	(468,237,'8850228000403',10,0.70,1,'no','one'),
	(469,238,'8858606000533',25,1.75,1,'no','one'),
	(470,239,'8852052115506',20,1.40,1,'no','one'),
	(471,239,'8850718801886',20,1.40,1,'no','one'),
	(472,239,'8850389103388',20,1.40,1,'no','one'),
	(473,239,'8851952350147',15,1.05,1,'no','one'),
	(474,240,'8851952350147',15,1.05,1,'no','one'),
	(475,240,'8850425002910',5,0.35,1,'no','one'),
	(476,240,'8850987351365',5,0.35,1,'no','one'),
	(477,240,'8850987351365',5,0.35,1,'no','one'),
	(478,240,'8850987351365',5,0.35,1,'no','one'),
	(479,241,'8858891300110',15,1.05,1,'no','one'),
	(480,241,'8850412504021',5,0.35,1,'no','one'),
	(481,241,'8850309150058',10,0.70,1,'no','one'),
	(482,241,'8851019010137',15,1.05,1,'no','one'),
	(483,241,'8857107232030',5,0.35,1,'no','one'),
	(484,242,'8850086131509',32,2.24,1,'no','one'),
	(485,243,'8851952301101',28,1.96,1,'no','one'),
	(486,243,'8850250007166',6,0.42,1,'no','one'),
	(487,243,'8850250007166',6,0.42,1,'no','one'),
	(488,243,'8850412504021',5,0.35,1,'no','one'),
	(489,244,'8851994916011',44,3.08,1,'no','one'),
	(490,244,'8851994916011',44,3.08,1,'no','one'),
	(491,244,'8851994916011',44,3.08,1,'no','one'),
	(492,245,'8850250001652',5,0.35,1,'no','one'),
	(493,245,'8850250001652',5,0.35,1,'no','one'),
	(494,245,'8850250001669',10,0.70,1,'no','one'),
	(495,246,'6921211104230',10,0.70,1,'no','one'),
	(496,247,'8850151951018',22,1.54,1,'no','one'),
	(497,247,'8850389103371',20,1.40,1,'no','one'),
	(498,247,'8858891300158',15,1.05,1,'no','one'),
	(499,247,'8858891300158',15,1.05,1,'no','one'),
	(500,248,'8850389103371',20,1.40,1,'no','one'),
	(501,248,'8858891300158',15,1.05,1,'no','one'),
	(502,248,'8858891300158',15,1.05,1,'no','one'),
	(503,249,'8850180010175',33,2.31,1,'no','one'),
	(504,249,'8851932213691',21,1.47,1,'no','one'),
	(505,249,'8851932269339',12,0.84,1,'no','one'),
	(506,250,'8851727003018',5,0.35,1,'no','one'),
	(507,250,'8850332223149',5,0.35,1,'no','one'),
	(508,250,'4891338019101',9,0.63,1,'no','one'),
	(509,250,'8851932272162',18,1.26,1,'no','one'),
	(510,253,'8858891300110',15,1.05,1,'no','one'),
	(511,253,'8854792000418',45,3.15,1,'no','one'),
	(512,254,'8851994923019',22,1.54,1,'no','one'),
	(513,254,'8850002016002',24,1.68,1,'no','one'),
	(514,254,'8850006263075',10,0.70,1,'no','one'),
	(515,254,'8851932234597',10,0.70,1,'no','one'),
	(516,254,'8851932074025',13,0.91,1,'no','one'),
	(517,255,'8852001128502',38,2.66,1,'no','one'),
	(518,255,'8851123212021',10,0.70,1,'no','one'),
	(519,256,'8850999143002',29,2.03,1,'no','one'),
	(520,256,'8850412504021',5,0.35,1,'no','one'),
	(521,256,'7612100053812',45,3.15,1,'no','one'),
	(522,256,'8851932030618',13,0.91,1,'no','one'),
	(523,256,'8850228000793',5,0.35,1,'no','one'),
	(524,256,'8851028001423',13,0.91,1,'no','one'),
	(525,257,'8850382230005',35,2.45,1,'no','one'),
	(526,258,'8851019020754',12,0.84,1,'no','one'),
	(527,258,'8851019020754',12,0.84,1,'no','one'),
	(528,259,'8851994916011',35,2.45,1,'no','one'),
	(529,260,'8850170000476',42,2.94,1,'no','one'),
	(530,261,'8852001100010',42,2.94,1,'no','one'),
	(531,262,'8850256100106',29,2.03,3,'no','one'),
	(532,263,'8850002850095',35,2.45,1,'no','one'),
	(533,263,'8858659412079',20,1.40,1,'no','one'),
	(534,263,'8850180020013',14,0.98,1,'no','one'),
	(535,263,'8850185000188',16,1.12,1,'no','one'),
	(536,264,'8853002090065',10,0.70,1,'no','one'),
	(537,264,'8854698005289',20,1.40,1,'no','one'),
	(538,265,'8850092202040',17,1.19,1,'no','one'),
	(539,266,'76164064',60,4.20,1,'no','one'),
	(540,267,'8850250006770',15,1.05,1,'no','one'),
	(541,267,'8850250006770',15,1.05,1,'no','one'),
	(542,268,'8850718805938',20,1.40,1,'no','one'),
	(543,268,'8852052110402',10,0.70,1,'no','one'),
	(544,268,'8854923218309',22,1.54,1,'no','one'),
	(545,268,'8850157511650',5,0.35,1,'no','one'),
	(546,268,'8850718805334',5,0.35,1,'no','one'),
	(547,268,'8850389103876',20,1.40,1,'no','one'),
	(548,269,'8858638000242',12,0.84,1,'no','one'),
	(549,270,'8858638001133',12,0.84,1,'no','one'),
	(550,271,'8852047237114',5,0.35,1,'no','one'),
	(551,271,'8850987362934',5,0.35,1,'no','one'),
	(552,271,'6921211104230',10,0.70,1,'no','one'),
	(553,272,'8852052135108',5,0.35,1,'no','one'),
	(554,273,'8855917000863',5,0.35,1,'no','one'),
	(555,273,'8855917000863',5,0.35,1,'no','one'),
	(556,273,'8855917000863',5,0.35,1,'no','one'),
	(557,274,'8851818361300',29,2.03,1,'no','one'),
	(558,274,'8857200070027',10,0.70,1,'no','one'),
	(559,274,'8850124006103',65,4.55,1,'no','one'),
	(560,274,'8858638000051',12,0.84,1,'no','one'),
	(561,275,'8850999113005',35,2.45,1,'no','one'),
	(562,275,'8850999113005',35,2.45,1,'no','one'),
	(563,275,'8850999143002',29,2.03,1,'no','one'),
	(564,275,'8850999143002',29,2.03,1,'no','one'),
	(565,275,'8850999143002',29,2.03,1,'no','one'),
	(566,276,'9771686492007',10,0.70,1,'no','one'),
	(567,277,'8851932198943',20,1.40,1,'no','one'),
	(568,277,'8850124033550',39,2.73,1,'no','one'),
	(569,277,'8851473004000',12,0.84,1,'no','one'),
	(570,277,'8850583000315',12,0.84,1,'no','one'),
	(571,278,'8852200000623',5,0.35,1,'no','one'),
	(572,278,'8851959122921',15,1.05,1,'no','one'),
	(573,278,'8851959122921',15,1.05,1,'no','one'),
	(574,278,'8851959122921',15,1.05,1,'no','one'),
	(575,278,'8851959132173',13,0.91,1,'no','one'),
	(576,279,'8858638000242',12,0.84,1,'no','one'),
	(577,279,'8850360320025',12,0.84,1,'no','one'),
	(578,280,'8851359700859',142,9.94,1,'no','one'),
	(579,280,'8850124033574',39,2.73,1,'no','one'),
	(580,280,'8850170000797',30,2.10,1,'no','one'),
	(581,280,'8850170000803',30,2.10,1,'no','one'),
	(582,280,'8851932030618',13,0.91,1,'no','one'),
	(583,280,'8851932030618',13,0.91,1,'no','one'),
	(584,280,'8851932030618',13,0.91,1,'no','one'),
	(585,281,'8850144207870',16,1.12,1,'no','one'),
	(586,281,'8851932183758',35,2.45,1,'no','one'),
	(587,281,'8888826016564',23,1.61,1,'no','one'),
	(588,282,'8850170000483',42,2.94,1,'no','one'),
	(589,282,'8850169256013',10,0.70,1,'no','one'),
	(590,282,'8851932198943',20,1.40,1,'no','one'),
	(591,283,'42131946',39,2.73,1,'no','one'),
	(592,283,'8850007372028',9,0.63,1,'no','one'),
	(593,284,'8851932187428',30,2.10,1,'no','one'),
	(594,285,'8850124091963',5,0.35,1,'no','one'),
	(595,285,'8852086001004',13,0.91,1,'no','one'),
	(596,285,'8850006203019',25,1.75,1,'no','one'),
	(597,286,'8850987701092',10,0.70,1,'no','one'),
	(598,287,'8850151961116',23,1.61,1,'no','one'),
	(599,287,'8850086131509',32,2.24,1,'no','one'),
	(600,288,'8850170000476',45,3.15,1,'no','one'),
	(601,289,'8851123212021',10,0.70,1,'no','one'),
	(602,289,'8851123212021',10,0.70,1,'no','one'),
	(603,290,'8850360320025',12,0.84,1,'no','one'),
	(604,290,'8850360320025',12,0.84,1,'no','one'),
	(605,291,'8852044110342',10,0.70,1,'no','one'),
	(606,291,'8851019010137',15,1.05,1,'no','one'),
	(607,291,'8858891300158',15,1.05,1,'no','one'),
	(608,292,'8851028001423',13,0.91,1,'no','one'),
	(609,292,'8851028001423',13,0.91,1,'no','one'),
	(610,292,'8850250006411',20,1.40,1,'no','one'),
	(611,292,'8851818917316',15,1.05,1,'no','one'),
	(612,292,'8851004203056',5,0.35,1,'no','one'),
	(613,292,'6920890701198',5,0.35,1,'no','one'),
	(614,293,'8852232101138',3,0.21,1,'no','one'),
	(615,293,'8851123794046',13,0.91,1,'no','one'),
	(616,294,'8850170000797',30,2.10,1,'no','one'),
	(617,295,'8851932267540',10,0.70,1,'no','one'),
	(618,295,'8851932143974',8,0.56,4,'no','one'),
	(619,296,'8855629361627',38,2.66,1,'no','one'),
	(620,297,'9771686492007',10,0.70,1,'no','one'),
	(621,297,'9771686492007',10,0.70,1,'no','one'),
	(622,297,'9771686492007',10,0.70,1,'no','one'),
	(623,298,'9771686492007',10,0.70,1,'no','one'),
	(624,299,'8850157130592',5,0.35,1,'no','one'),
	(625,300,'8850389103388',20,1.40,1,'no','one'),
	(626,301,'8851952301309',13,0.91,1,'no','one'),
	(627,301,'8851952301309',13,0.91,1,'no','one'),
	(628,301,'8850999321004',7,0.49,1,'no','one'),
	(629,301,'8851959156018',15,1.05,1,'no','one'),
	(630,302,'8850124091963',5,0.35,1,'no','one'),
	(631,303,'8850987123863',12,0.84,1,'no','one'),
	(632,303,'8850987123863',12,0.84,1,'no','one'),
	(633,303,'8850987123863',12,0.84,1,'no','one'),
	(634,304,'8850718804801',5,0.35,1,'no','one'),
	(635,304,'8852052220200',5,0.35,1,'no','one'),
	(636,305,'8850124080998',148,10.36,1,'no','one'),
	(637,305,'8851932234597',10,0.70,1,'no','one'),
	(638,306,'8851932143974',8,0.56,1,'no','one'),
	(639,307,'8852681010753',5,0.35,1,'no','one'),
	(640,307,'8851012103058',12,0.84,1,'no','one'),
	(641,307,'8852044497719',10,0.70,1,'no','one'),
	(642,308,'8851932235563',59,4.13,1,'no','one'),
	(643,309,'8850151961116',23,1.61,1,'no','one'),
	(644,310,'8850086131509',32,2.24,1,'no','one'),
	(645,310,'6920890701198',5,0.35,1,'no','one'),
	(646,310,'8858638001133',12,0.84,1,'no','one'),
	(647,311,'8850987101489',15,1.05,1,'no','one'),
	(648,311,'8850987101489',15,1.05,1,'no','one'),
	(649,312,'8850170000797',30,2.10,1,'no','one'),
	(650,312,'8858314000016',29,2.03,1,'no','one'),
	(651,312,'8850332223132',5,0.35,1,'no','one'),
	(652,313,'8850170000797',30,2.10,1,'no','one'),
	(653,313,'8858314000016',29,2.03,1,'no','one'),
	(654,313,'8853042000109',19,1.33,1,'no','one'),
	(655,313,'8850332223132',5,0.35,1,'no','one'),
	(656,314,'8851932143974',8,0.56,1,'no','one'),
	(657,314,'8851994916011',35,2.45,1,'no','one'),
	(658,314,'8850338015649',2,0.14,5,'no','one'),
	(659,315,'8850419307014',36,2.52,1,'no','one'),
	(660,316,'8850127004397',110,7.70,1,'no','one'),
	(661,317,'8851932074025',13,0.91,1,'no','one'),
	(662,317,'8858638001133',12,0.84,1,'no','one'),
	(663,318,'8850987701085',10,0.70,1,'no','one'),
	(664,319,'8851932262293',29,2.03,1,'no','one'),
	(665,319,'8851932183550',8,0.56,1,'no','one'),
	(666,320,'8851473007698',7,0.49,1,'no','one'),
	(667,321,'7622300630966',5,0.35,1,'no','one'),
	(668,321,'7622300630966',5,0.35,1,'no','one'),
	(669,322,'8850412504021',5,0.35,1,'no','one'),
	(670,323,'8851012103058',12,0.84,1,'no','one'),
	(671,323,'8851932031752',8,0.56,1,'no','one'),
	(672,323,'8851932031752',8,0.56,1,'no','one'),
	(673,324,'8851932234597',10,0.70,1,'no','one'),
	(674,324,'8851012103706',12,0.84,1,'no','one'),
	(675,325,'8854698005289',20,1.40,1,'no','one'),
	(676,325,'4902430271363',20,1.40,1,'no','one'),
	(677,326,'8850999143002',29,2.03,1,'no','one'),
	(678,327,'8850425000312',5,0.35,1,'no','one'),
	(679,327,'8850425000312',5,0.35,1,'no','one'),
	(680,327,'8857107232030',5,0.35,1,'no','one'),
	(681,327,'8857107232030',5,0.35,1,'no','one'),
	(682,327,'8852008300000',20,1.40,1,'no','one'),
	(683,328,'8850999143002',29,2.03,1,'no','one'),
	(684,328,'8850999143002',29,2.03,1,'no','one'),
	(685,329,'8851994923019',22,1.54,1,'no','one'),
	(686,329,'8851994923019',22,1.54,1,'no','one'),
	(687,329,'8857122620850',32,2.24,1,'no','one'),
	(688,330,'8854792000418',45,3.15,1,'no','one'),
	(689,330,'8850170000155',58,4.06,1,'no','one'),
	(690,331,'8850170000155',58,4.06,1,'no','one'),
	(691,331,'8850122101053',15,1.05,1,'no','one'),
	(692,331,'8851932187411',13,0.91,1,'no','one'),
	(693,331,'4800888142399',20,1.40,1,'no','one'),
	(694,331,'8850006900659',0,0.00,1,'no','one'),
	(695,332,'4800888142399',20,1.40,1,'no','one'),
	(696,332,'8850122101053',15,1.05,1,'no','one'),
	(697,332,'8851932187411',13,0.91,1,'no','one'),
	(698,332,'8850006900659',0,0.00,1,'no','one'),
	(699,333,'8851717030239',6,0.42,1,'no','one'),
	(700,334,'8850718804498',5,0.35,1,'no','one'),
	(701,334,'8850718801664',5,0.35,1,'no','one'),
	(702,334,'8850157130820',5,0.35,1,'no','one'),
	(703,335,'8851123794046',13,0.91,1,'no','one'),
	(704,336,'7622300630966',5,0.35,1,'no','one'),
	(705,337,'8851004416050',5,0.35,1,'no','one'),
	(706,337,'8851004438052',5,0.35,1,'no','one'),
	(707,337,'8850157511650',5,0.35,1,'no','one'),
	(708,337,'8850718804498',5,0.35,1,'no','one'),
	(709,338,'8850987351280',5,0.35,1,'no','one'),
	(710,338,'8850987351280',5,0.35,1,'no','one'),
	(711,338,'8850122101053',15,1.05,1,'no','one'),
	(712,338,'8850007010241',13,0.91,1,'no','one'),
	(713,338,'8851932234603',12,0.84,1,'no','one'),
	(714,338,'8851932183673',12,0.84,1,'no','one'),
	(715,338,'8850006326862',35,2.45,1,'no','one'),
	(716,338,'8850210000015',19,1.33,1,'no','one'),
	(717,339,'8851753098767',23,1.61,1,'no','one'),
	(718,339,'8850250002864',6,0.42,1,'no','one'),
	(719,339,'8850250002864',6,0.42,1,'no','one'),
	(720,339,'8853002300560',6,0.42,1,'no','one'),
	(721,339,'8853002300560',6,0.42,1,'no','one'),
	(722,340,'8850256510004',16,1.12,1,'no','one'),
	(723,340,'8850338017223',5,0.35,1,'no','one'),
	(724,341,'8850144208099',12,0.84,1,'no','one'),
	(725,341,'8850144208099',12,0.84,1,'no','one'),
	(726,342,'8851111102136',12,0.84,1,'no','one'),
	(727,343,'8851932143974',8,0.56,1,'no','one'),
	(728,343,'8850157130561',5,0.35,1,'no','one'),
	(729,344,'42172581',36,2.52,1,'no','one'),
	(730,344,'42131946',39,2.73,1,'no','one'),
	(731,345,'8850082000380',60,4.20,1,'no','one'),
	(732,346,'8850987101014',6,0.42,1,'no','one'),
	(733,346,'8850987101014',6,0.42,1,'no','one'),
	(734,346,'8850250002864',6,0.42,1,'no','one'),
	(735,346,'8850250002864',6,0.42,1,'no','one'),
	(736,347,'8853141832922',5,0.35,1,'no','one'),
	(737,347,'8852052220200',5,0.35,1,'no','one'),
	(738,347,'8852052220200',5,0.35,1,'no','one'),
	(739,347,'7622300630966',5,0.35,1,'no','one'),
	(740,348,'8850250001393',4,0.28,1,'no','one'),
	(741,348,'8851932187787',35,2.45,1,'no','one'),
	(742,349,'8855444000060',5,0.35,1,'no','one'),
	(743,349,'8855444000060',5,0.35,1,'no','one'),
	(744,349,'8852052135108',5,0.35,1,'no','one'),
	(745,349,'8851004801054',5,0.35,1,'no','one'),
	(746,349,'8850157130561',5,0.35,1,'no','one'),
	(747,349,'8850309206076',5,0.35,1,'no','one'),
	(748,350,'8850170000155',60,4.20,1,'no','one'),
	(749,351,'8850170000483',45,3.15,1,'no','one'),
	(750,352,'9771686819002',40,2.80,1,'no','one'),
	(751,353,'8851959132074',13,0.91,1,'no','one'),
	(752,353,'8851932190060',38,2.66,1,'no','one'),
	(753,353,'8851932031752',8,0.56,1,'no','one'),
	(754,354,'8886015617257',5,0.35,1,'no','one'),
	(755,354,'8850718805327',5,0.35,1,'no','one'),
	(756,354,'8851932186100',25,1.75,1,'no','one'),
	(757,354,'8850144207870',16,1.12,1,'no','one'),
	(758,354,'8850250001669',10,0.70,1,'no','one'),
	(759,354,'8851954101211',20,1.40,1,'no','one'),
	(760,354,'8850545777552',25,1.75,1,'no','one'),
	(761,355,'8851932263337',29,2.03,1,'no','one'),
	(762,355,'8850233260236',27,1.89,1,'no','one'),
	(763,356,'8851019020754',12,0.84,1,'no','one'),
	(764,357,'8850718801886',20,1.40,1,'no','one'),
	(765,357,'8852052115506',20,1.40,1,'no','one'),
	(766,358,'8854792000418',45,3.15,1,'no','one'),
	(767,359,'8851959132074',13,0.91,1,'no','one'),
	(768,359,'8850718804498',5,0.35,1,'no','one'),
	(769,360,'8851959132180',13,0.91,1,'no','one'),
	(770,360,'8851004418054',5,0.35,1,'no','one'),
	(771,361,'8851959132074',13,0.91,1,'no','one'),
	(772,361,'8850718804498',5,0.35,1,'no','one'),
	(773,362,'8851959156018',15,1.05,1,'no','one'),
	(774,363,'8850987351365',5,0.35,1,'no','one'),
	(775,363,'8851959156018',15,1.05,1,'no','one'),
	(776,363,'8992760221011',5,0.35,1,'no','one'),
	(777,364,'8850309011205',5,0.35,1,'no','one'),
	(778,364,'8850309011205',5,0.35,1,'no','one'),
	(779,365,'8850291110511',6,0.42,1,'no','one'),
	(780,365,'8850291110511',6,0.42,1,'no','one'),
	(781,365,'8851234310036',10,0.70,1,'no','one'),
	(782,366,'8850987351280',5,0.35,1,'no','one'),
	(783,367,'8850718804498',5,0.35,1,'no','one'),
	(784,368,'8850718801664',5,0.35,1,'no','one'),
	(785,368,'9771686492007',10,0.70,1,'no','one'),
	(786,369,'8858755200105',47,3.29,1,'no','one'),
	(787,370,'8852001100010',42,2.94,1,'no','one'),
	(788,371,'8851717100048',10,0.70,1,'no','one'),
	(789,372,'8850987101014',6,0.42,1,'no','one'),
	(790,372,'8850987101014',6,0.42,1,'no','one'),
	(791,373,'8852001100010',42,2.94,1,'no','one'),
	(792,373,'8850999322001',10,0.70,1,'no','one'),
	(793,373,'8852200000623',5,0.35,1,'no','one'),
	(794,373,'8852200000623',5,0.35,1,'no','one'),
	(795,374,'4902430289412',29,2.03,1,'no','one'),
	(796,374,'8850718801022',5,0.35,1,'no','one'),
	(797,374,'8850718801916',5,0.35,1,'no','one'),
	(798,374,'8858638000051',12,0.84,1,'no','one'),
	(799,375,'8850999111001',57,3.99,1,'no','one'),
	(800,375,'8850999111001',57,3.99,1,'no','one'),
	(801,376,'8850170000803',30,2.10,1,'no','one'),
	(802,377,'8851989080185',25,1.75,1,'no','one'),
	(803,378,'8851028001423',13,0.91,1,'no','one'),
	(804,378,'8851954100689',37,2.59,1,'no','one'),
	(805,379,'8851989080505',22,1.54,1,'no','one'),
	(806,380,'8850006584019',13,0.91,1,'no','one'),
	(807,380,'6920890701198',5,0.35,1,'no','one'),
	(808,380,'6920890701198',5,0.35,1,'no','one'),
	(809,380,'6920890701198',5,0.35,1,'no','one'),
	(810,380,'8851932235587',59,4.13,1,'no','one'),
	(811,380,'8851123342049',28,1.96,1,'no','one'),
	(812,380,'4891338019101',10,0.70,1,'no','one'),
	(813,380,'8850006261088',8,0.56,1,'no','one'),
	(814,380,'8851818602304',17,1.19,1,'no','one'),
	(815,381,'8852388000620',110,7.70,1,'no','one'),
	(816,382,'8850250006770',15,1.05,1,'no','one'),
	(817,383,'8850185000188',16,1.12,1,'no','one'),
	(818,383,'8851111400447',42,2.94,1,'no','one'),
	(819,384,'8851717901782',10,0.70,1,'no','one'),
	(820,385,'8850999141008',47,3.29,1,'no','one'),
	(821,385,'8850999141008',47,3.29,1,'no','one'),
	(822,386,'8851234310036',10,0.70,1,'no','one'),
	(823,386,'8855917000856',5,0.35,1,'no','one'),
	(824,386,'8855917000856',5,0.35,1,'no','one'),
	(825,386,'8850157130820',5,0.35,1,'no','one'),
	(826,386,'8850157130820',5,0.35,1,'no','one'),
	(827,387,'8850228000403',10,0.70,1,'no','one'),
	(828,388,'8850157100144',5,0.35,1,'no','one'),
	(829,389,'8850999322001',10,0.70,1,'no','one'),
	(830,390,'8852200000623',5,0.35,1,'no','one'),
	(831,391,'8850718802005',5,0.35,1,'no','one'),
	(832,392,'8850228001028',12,0.84,1,'no','one'),
	(833,392,'8850309205178',5,0.35,1,'no','one'),
	(834,392,'8850338017193',5,0.35,1,'no','one'),
	(835,393,'8850309003217',5,0.35,1,'no','one'),
	(836,393,'8850309206076',5,0.35,1,'no','one'),
	(837,393,'8852200000623',5,0.35,1,'no','one'),
	(838,393,'8850718805327',5,0.35,1,'no','one'),
	(839,394,'8851123705608',13,0.91,1,'no','one'),
	(840,394,'8850338003950',5,0.35,1,'no','one'),
	(841,395,'8851806007395',24,1.68,1,'no','one'),
	(842,396,'8850999321004',7,0.49,1,'no','one'),
	(843,397,'8850718804498',5,0.35,1,'no','one'),
	(844,397,'8852052135108',5,0.35,1,'no','one'),
	(845,397,'8851004438052',5,0.35,1,'no','one'),
	(846,398,'8851004416050',5,0.35,1,'no','one'),
	(847,399,'8851012103058',12,0.84,1,'no','one'),
	(848,400,'8852044110342',10,0.70,1,'no','one'),
	(849,400,'8852044110342',10,0.70,1,'no','one'),
	(850,400,'8850127005158',40,2.80,1,'no','one'),
	(851,400,'8853002090065',10,0.70,1,'no','one'),
	(852,400,'8853002090065',10,0.70,1,'no','one'),
	(853,401,'8854698005289',20,1.40,1,'no','one'),
	(854,401,'8851727003018',5,0.35,1,'no','one'),
	(855,401,'8851727003018',5,0.35,1,'no','one'),
	(856,402,'8850250000365',12,0.84,1,'no','one'),
	(857,402,'8851847000904',38,2.66,1,'no','one'),
	(858,403,'6920890701181',4,0.28,1,'no','one'),
	(859,405,'6920890701181',5,0.35,1,'no','one'),
	(860,406,'8855790000011',10,0.70,2,'no','one'),
	(861,407,'8858891300158',15,1.05,1,'no','one'),
	(862,408,'8851818917316',15,1.05,1,'no','one'),
	(863,409,'8851952301101',28,1.96,1,'no','one'),
	(864,409,'8851959144015',26,1.82,1,'no','one'),
	(865,410,'8858891300073',15,1.05,1,'no','one'),
	(866,410,'8858638000242',12,0.84,1,'no','one'),
	(867,410,'8851932074025',13,0.91,1,'no','one'),
	(868,410,'8851932074025',13,0.91,1,'no','one'),
	(869,410,'8851932074025',13,0.91,1,'no','one'),
	(870,410,'8851932074025',13,0.91,1,'no','one'),
	(871,410,'8850999321004',7,0.49,1,'no','one'),
	(872,410,'2200209057692',6,0.42,1,'no','one'),
	(873,410,'2200209057692',6,0.42,1,'no','one'),
	(874,410,'2200209057692',6,0.42,1,'no','one'),
	(875,410,'2200209057692',6,0.42,1,'no','one'),
	(876,410,'2200237817855',6,0.42,1,'no','one'),
	(877,410,'2200237817855',6,0.42,1,'no','one'),
	(878,410,'2200237817855',6,0.42,1,'no','one'),
	(879,410,'2200237817855',6,0.42,1,'no','one'),
	(880,411,'8850338003813',5,0.35,1,'no','one'),
	(881,412,'8850157130561',5,0.35,1,'no','one'),
	(882,413,'8850157130561',5,0.35,1,'no','one'),
	(883,414,'8851959132074',13,0.91,1,'no','one'),
	(884,414,'8852001100010',42,2.94,1,'no','one'),
	(885,414,'8851123225007',40,2.80,1,'no','one'),
	(886,414,'8850987101021',6,0.42,1,'no','one'),
	(887,414,'8850987101021',6,0.42,1,'no','one'),
	(888,415,'8858755200105',47,3.29,1,'no','one'),
	(889,416,'8850124038937',12,0.84,4,'no','one'),
	(890,417,'8850157130820',5,0.35,1,'no','one'),
	(891,417,'8852681010753',5,0.35,1,'no','one'),
	(892,418,'8851959156018',15,1.05,1,'no','one'),
	(893,419,'8850999143002',29,2.03,1,'no','one'),
	(894,420,'9771686000004',10,0.70,1,'no','one'),
	(895,421,'8850170000155',60,4.20,1,'no','one'),
	(896,422,'8850144208099',12,0.84,1,'no','one'),
	(897,423,'8850127004397',110,7.70,1,'no','one'),
	(898,423,'8852047237114',5,0.35,1,'no','one'),
	(899,423,'6921211104230',10,0.70,1,'no','one'),
	(900,424,'8850635001017',16,1.12,1,'no','one'),
	(901,424,'8850144208433',4,0.28,1,'no','one'),
	(902,425,'8850309150058',10,0.70,1,'no','one'),
	(903,426,'8851123389198',54,3.78,1,'no','one'),
	(904,426,'8851932221627',15,1.05,1,'no','one'),
	(905,427,'8850999143002',29,2.03,1,'no','one'),
	(906,427,'8850999143002',29,2.03,1,'no','one'),
	(907,427,'8850999143002',29,2.03,1,'no','one'),
	(908,427,'8850999143002',29,2.03,1,'no','one'),
	(909,428,'8851989080185',22,1.54,1,'no','one'),
	(910,428,'8850338003813',5,0.35,1,'no','one'),
	(911,428,'9771686492007',10,0.70,1,'no','one'),
	(912,429,'9770859347007',25,1.75,1,'no','one'),
	(913,430,'8853333010015',16,1.12,1,'no','one'),
	(914,430,'8853333010015',16,1.12,1,'no','one'),
	(915,430,'8851959140956',16,1.12,1,'no','one'),
	(916,430,'8851959140956',16,1.12,1,'no','one'),
	(917,430,'8850228002087',12,0.84,1,'no','one'),
	(918,430,'8850228002087',12,0.84,1,'no','one'),
	(919,430,'8850718801886',20,1.40,1,'no','one'),
	(920,430,'8850718801886',20,1.40,1,'no','one'),
	(921,431,'8852052135306',5,0.35,1,'no','one'),
	(922,431,'8850157130592',5,0.35,1,'no','one'),
	(923,432,'8850157130820',5,0.35,1,'no','one'),
	(924,432,'8851929000129',5,0.35,1,'no','one'),
	(925,433,'8850157130820',5,0.35,1,'no','one'),
	(926,433,'8851929000136',5,0.35,1,'no','one'),
	(927,434,'8850157130592',5,0.35,1,'no','one'),
	(928,434,'8851929000136',5,0.35,1,'no','one'),
	(929,434,'8851929000174',5,0.35,1,'no','one'),
	(930,434,'8850157130592',5,0.35,1,'no','one'),
	(931,435,'8850250000365',12,0.84,1,'no','one'),
	(932,436,'8850069011019',10,0.70,1,'no','one'),
	(933,437,'8851123795029',36,2.52,1,'no','one'),
	(934,438,'8850250001393',4,0.28,1,'no','one'),
	(935,439,'8858638000051',12,0.84,1,'no','one'),
	(936,441,'8851952301101',28,1.96,1,'no','one'),
	(937,441,'8850718805938',20,1.40,1,'no','one'),
	(938,441,'8850718801886',20,1.40,1,'no','one'),
	(939,441,'8851932275606',17,1.19,1,'no','one'),
	(940,441,'8850006602621',37,2.59,1,'no','one'),
	(941,441,'8850006325995',12,0.84,1,'no','one'),
	(942,441,'8851932179577',20,1.40,1,'no','one'),
	(943,441,'8850006263075',10,0.70,1,'no','one'),
	(944,441,'8992304018503',18,1.26,1,'no','one'),
	(945,441,'8850309150058',10,0.70,1,'no','one'),
	(946,441,'8850309150188',10,0.70,1,'no','one'),
	(947,441,'8851952555214',18,1.26,1,'no','one'),
	(948,441,'8851123705608',10,0.70,1,'no','one'),
	(949,442,'8851932275606',17,1.19,1,'no','one'),
	(950,442,'8851932123143',6,0.42,1,'no','one'),
	(951,443,'8850309011106',5,0.35,1,'no','one'),
	(952,443,'8850718801886',20,1.40,1,'no','one'),
	(953,443,'8858638000051',12,0.84,1,'no','one'),
	(954,443,'8858891300073',15,1.05,1,'no','one'),
	(955,444,'8850999320007',15,1.05,1,'no','one'),
	(956,444,'8850250000365',12,0.84,1,'no','one'),
	(957,445,'8855917000856',5,0.35,1,'no','one'),
	(958,445,'8855917000856',5,0.35,1,'no','one'),
	(959,445,'8855917000856',5,0.35,1,'no','one'),
	(960,445,'8855917000856',5,0.35,1,'no','one'),
	(961,446,'8850635001031',48,3.36,1,'no','one'),
	(962,446,'8851932262729',29,2.03,1,'no','one'),
	(963,446,'8851932262293',29,2.03,1,'no','one'),
	(964,446,'42172581',36,2.52,1,'no','one'),
	(965,446,'8851818182646',94,6.58,1,'no','one'),
	(966,447,'8850581111044',52,3.64,1,'no','one'),
	(967,449,'42172581',1,0.07,36,'no','one'),
	(968,449,'8851932202428',1,0.07,50,'no','one'),
	(969,450,'8850175046141',1,0.07,32,'no','one'),
	(970,450,'8850175046141',1,0.07,32,'no','one'),
	(971,450,'8851993623019',1,0.07,25,'no','one'),
	(972,451,'6920890701181',1,0.07,5,'no','one'),
	(973,451,'6920890701181',1,0.07,5,'no','one'),
	(974,451,'6920890701181',1,0.07,5,'no','one'),
	(975,452,'8851952301101',1,0.07,28,'no','one'),
	(976,453,'8850999141008',47,3.29,1,'no','one'),
	(977,453,'8850999141008',47,3.29,1,'no','one'),
	(978,453,'8850999141008',47,3.29,1,'no','one'),
	(979,453,'8851952301101',26,1.82,1,'no','one'),
	(980,454,'8854698005043',20,1.40,1,'no','one'),
	(981,454,'8851012103058',12,0.84,1,'no','one'),
	(982,454,'8851012103058',12,0.84,1,'no','one'),
	(983,455,'8851123795029',36,2.52,1,'no','one'),
	(984,455,'8850987101489',15,1.05,1,'no','one'),
	(985,456,'8850987101489',15,1.05,1,'no','one'),
	(986,456,'8851123795029',36,2.52,1,'no','one'),
	(987,457,'8850987101489',15,1.05,1,'no','one'),
	(988,457,'8850987101472',15,1.05,1,'no','one'),
	(989,457,'8851123795029',36,2.52,1,'no','one'),
	(990,457,'2200237817855',10,0.70,1,'no','one'),
	(991,457,'8850338000973',20,1.40,1,'no','one'),
	(992,458,'8850999143002',29,2.03,1,'no','one'),
	(993,458,'8850718805594',20,1.40,1,'no','one'),
	(994,459,'8850999000251',39,2.73,1,'no','one'),
	(995,460,'8853333010015',16,1.12,1,'no','one'),
	(996,460,'8853333010015',16,1.12,1,'no','one'),
	(997,460,'8853333010015',16,1.12,1,'no','one'),
	(998,460,'8850228001424',12,0.84,1,'no','one'),
	(999,460,'8850228001424',12,0.84,1,'no','one'),
	(1000,461,'8850425000305',5,0.35,1,'no','one'),
	(1001,461,'8850425000312',5,0.35,1,'no','one'),
	(1002,461,'8858638000051',12,0.84,1,'no','one'),
	(1003,461,'8851727001021',5,0.35,1,'no','one'),
	(1004,461,'8852052110303',5,0.35,1,'no','one'),
	(1005,461,'8850425002910',5,0.35,1,'no','one'),
	(1006,462,'8850548003825',20,1.40,1,'no','one'),
	(1007,463,'8850999143002',29,2.03,1,'no','one'),
	(1008,463,'8850999143002',29,2.03,1,'no','one'),
	(1009,463,'8850180020020',45,3.15,1,'no','one'),
	(1010,464,'8857200070010',12,0.84,1,'no','one'),
	(1011,465,'6920890701181',5,0.35,1,'no','one'),
	(1012,466,'9556001132420',75,5.25,1,'no','one'),
	(1013,468,'8850228000083',10,0.70,1,'no','one'),
	(1014,468,'8850250000365',12,0.84,1,'no','one'),
	(1015,469,'8850175046158',5,0.35,3,'no','one'),
	(1016,469,'8852023664224',26,1.82,1,'no','one'),
	(1017,469,'8851019010137',15,1.05,1,'no','one'),
	(1018,469,'8851019010137',15,1.05,1,'no','one'),
	(1019,469,'8850718805594',20,1.40,1,'no','one'),
	(1020,469,'8851952555214',18,1.26,1,'no','one'),
	(1021,469,'8851952555214',18,1.26,1,'no','one'),
	(1022,469,'8850718801473',20,1.40,1,'no','one'),
	(1023,469,'8850718801473',20,1.40,1,'no','one'),
	(1024,470,'8851932028103',17,1.19,1,'no','one'),
	(1025,470,'8857200070010',12,0.84,1,'no','one'),
	(1026,471,'8851012103706',12,0.84,1,'no','one'),
	(1027,471,'8851989080185',22,1.54,1,'no','one'),
	(1028,471,'8992304018503',18,1.26,1,'no','one'),
	(1029,471,'8854698005043',20,1.40,1,'no','one'),
	(1030,472,'8850267112129',10,0.70,1,'no','one'),
	(1031,472,'8850188420204',10,0.70,1,'no','one'),
	(1032,473,'8851717100048',10,0.70,1,'no','one'),
	(1033,474,'8854698005043',20,1.40,1,'no','one'),
	(1034,475,'8850820303308',5,0.35,1,'no','one'),
	(1035,476,'8850731000020',12,0.84,1,'no','one'),
	(1036,476,'8850731000020',12,0.84,1,'no','one'),
	(1037,476,'8850999320007',15,1.05,1,'no','one'),
	(1038,476,'8858638000051',12,0.84,1,'no','one'),
	(1039,476,'8858638000051',12,0.84,1,'no','one'),
	(1040,476,'8851932275606',17,1.19,1,'no','one'),
	(1041,477,'8851932043687',8,0.56,1,'no','one'),
	(1042,477,'8851932043687',8,0.56,1,'no','one'),
	(1043,478,'8851932043687',8,0.56,1,'no','one'),
	(1044,478,'8851932043687',8,0.56,1,'no','one'),
	(1045,478,'8851004801054',5,0.35,1,'no','one'),
	(1046,479,'8852052110402',10,0.70,1,'no','one'),
	(1047,479,'8852052110402',10,0.70,1,'no','one'),
	(1048,479,'8851959156018',15,1.05,1,'no','one'),
	(1049,480,'8850620888289',26,1.82,1,'no','one'),
	(1050,481,'8850250007166',6,0.42,1,'no','one'),
	(1051,481,'8850250007166',6,0.42,1,'no','one'),
	(1052,482,'8850092283025',3,0.21,1,'no','one'),
	(1053,483,'8850987101021',6,0.42,1,'no','one'),
	(1054,483,'8850987128301',6,0.42,1,'no','one'),
	(1055,483,'8850100101075',6,0.42,1,'no','one'),
	(1056,483,'8850100101143',6,0.42,1,'no','one'),
	(1057,483,'8850100003713',6,0.42,1,'no','one'),
	(1058,483,'8850100121011',6,0.42,1,'no','one'),
	(1059,483,'8851932263962',20,1.40,1,'no','one'),
	(1060,483,'9771686492007',10,0.70,1,'no','one'),
	(1061,484,'8851019010137',15,1.05,1,'no','one'),
	(1062,484,'8851019010137',15,1.05,1,'no','one'),
	(1063,484,'8850124091963',5,0.35,1,'no','one'),
	(1064,485,'8858705601167',20,1.40,1,'no','one'),
	(1065,486,'8850124065407',18,1.26,1,'no','one'),
	(1066,486,'8850545777552',25,1.75,1,'no','one'),
	(1067,486,'8850256100106',25,1.75,1,'no','one'),
	(1068,486,'8850250007166',6,0.42,1,'no','one'),
	(1069,486,'8850250007166',6,0.42,1,'no','one'),
	(1070,487,'8850007371731',9,0.63,1,'no','one'),
	(1071,488,'8850620888289',26,1.82,1,'no','one'),
	(1072,488,'8850635001031',48,3.36,1,'no','one'),
	(1073,488,'8851954100689',37,2.59,1,'no','one'),
	(1074,488,'8851818602304',17,1.19,1,'no','one'),
	(1075,488,'8850163000377',35,2.45,1,'no','one'),
	(1076,489,'8850987364037',10,0.70,1,'no','one'),
	(1077,489,'8851932188104',12,0.84,1,'no','one'),
	(1078,490,'8850250002994',6,0.42,1,'no','one'),
	(1079,491,'8850999113005',35,2.45,1,'no','one'),
	(1080,492,'9771686492007',10,0.70,1,'no','one'),
	(1081,492,'8850987351280',5,0.35,1,'no','one'),
	(1082,492,'8850987351280',5,0.35,1,'no','one'),
	(1083,492,'8850987351365',5,0.35,1,'no','one'),
	(1084,492,'8850987351365',5,0.35,1,'no','one'),
	(1085,492,'8850250001669',10,0.70,1,'no','one'),
	(1086,492,'8850581111044',50,3.50,1,'no','one'),
	(1087,492,'8850487037141',28,1.96,1,'no','one'),
	(1088,492,'8850487037141',28,1.96,1,'no','one'),
	(1089,492,'8858891300011',20,1.40,1,'no','one'),
	(1090,492,'8858891300011',20,1.40,1,'no','one'),
	(1091,492,'8850228002087',12,0.84,1,'no','one'),
	(1092,492,'8850228002087',12,0.84,1,'no','one'),
	(1093,492,'8850228001424',12,0.84,1,'no','one'),
	(1094,492,'8850250006411',20,1.40,1,'no','one'),
	(1095,493,'8851111100415',12,0.84,1,'no','one'),
	(1096,493,'8850999321004',7,0.49,1,'no','one'),
	(1097,494,'8850425002910',5,0.35,1,'no','one'),
	(1098,494,'8850039600069',15,1.05,1,'no','one'),
	(1099,494,'8851028001423',13,0.91,1,'no','one'),
	(1100,496,'6920890701181',5,0.35,1,'no','one'),
	(1101,497,'2200237817855',10,0.70,1,'no','one'),
	(1102,498,'8850999320007',15,1.05,1,'no','one'),
	(1103,499,'8858638001638',12,0.84,1,'no','one'),
	(1104,500,'8850388541167',16,1.12,1,'no','one'),
	(1105,501,'9771686000004',10,0.70,1,'no','one'),
	(1106,502,'8850999143002',29,2.03,1,'no','one'),
	(1107,502,'8850999143002',29,2.03,1,'no','one'),
	(1108,503,'8858659412017',20,1.40,1,'no','one'),
	(1109,504,'8850851703191',19,1.33,1,'no','one'),
	(1110,504,'8850046100019',8,0.56,1,'no','one'),
	(1111,504,'8851929000990',12,0.84,1,'no','one'),
	(1112,504,'8851929000990',12,0.84,1,'no','one'),
	(1113,504,'8850185000188',16,1.12,1,'no','one'),
	(1114,504,'8851989070018',36,2.52,1,'no','one'),
	(1115,505,'8851123212021',10,0.70,1,'no','one'),
	(1116,505,'8850175046158',5,0.35,1,'no','one'),
	(1117,505,'8850999321004',7,0.49,1,'no','one'),
	(1118,506,'8851959144015',26,1.82,1,'no','one'),
	(1119,507,'8850228000403',10,0.70,10,'no','one'),
	(1120,507,'8851123212021',10,0.70,6,'no','one'),
	(1121,507,'8850228000106',10,0.70,4,'no','one'),
	(1122,507,'8850250000365',12,0.84,4,'no','one'),
	(1123,507,'8850127004441',107,7.49,1,'no','one'),
	(1124,508,'8850800461011',10,0.70,1,'no','one'),
	(1125,508,'8851929000174',5,0.35,1,'no','one'),
	(1126,508,'8850175046158',5,0.35,1,'no','one'),
	(1127,509,'8854698005043',20,1.40,1,'no','one'),
	(1128,509,'8851959156018',15,1.05,1,'no','one'),
	(1129,510,'9771686492007',10,0.70,1,'no','one'),
	(1130,511,'8850157100144',5,0.35,1,'no','one'),
	(1131,512,'8850170000476',45,3.15,1,'no','one'),
	(1132,512,'8850388541167',16,1.12,1,'no','one'),
	(1133,512,'8850388547145',16,1.12,1,'no','one'),
	(1134,513,'8850175046158',5,0.35,1,'no','one'),
	(1135,513,'8852044110243',10,0.70,1,'no','one'),
	(1136,513,'8852044110243',10,0.70,1,'no','one'),
	(1137,513,'8858638000051',12,0.84,1,'no','one'),
	(1138,514,'8850157130820',5,0.35,1,'no','one'),
	(1139,515,'8852001100010',42,2.94,1,'no','one'),
	(1140,515,'8852742000099',10,0.70,1,'no','one'),
	(1141,515,'8852742000099',10,0.70,1,'no','one'),
	(1142,515,'8852742000099',10,0.70,1,'no','one'),
	(1143,515,'8850338003950',5,0.35,1,'no','one'),
	(1144,515,'8850175046158',5,0.35,1,'no','one'),
	(1145,515,'2200209057692',6,0.42,1,'no','one'),
	(1146,515,'2200209057692',6,0.42,1,'no','one'),
	(1147,516,'8850175046158',5,0.35,1,'no','one'),
	(1148,516,'9771686492007',10,0.70,1,'no','one'),
	(1149,516,'9771686492007',10,0.70,1,'no','one'),
	(1150,517,'8850175046158',5,0.35,1,'no','one'),
	(1151,517,'8850175046158',5,0.35,1,'no','one'),
	(1152,518,'9771686492007',10,0.70,1,'no','one'),
	(1153,519,'8857200070027',10,0.70,1,'no','one'),
	(1154,519,'8851932275606',17,1.19,1,'no','one'),
	(1155,520,'8857200070027',10,0.70,1,'no','one'),
	(1156,520,'8850175046158',5,0.35,1,'no','one'),
	(1157,520,'8850175046158',5,0.35,1,'no','one'),
	(1158,521,'8850175046158',5,0.35,10,'no','one'),
	(1159,522,'8851952301309',13,0.91,1,'no','one'),
	(1160,522,'8850124003850',7,0.49,1,'no','one'),
	(1161,523,'8850188421201',45,3.15,1,'no','one'),
	(1162,523,'8851717200687',38,2.66,1,'no','one'),
	(1163,523,'8853002301864',38,2.66,1,'no','one'),
	(1164,523,'8853002301864',38,2.66,1,'no','one'),
	(1165,524,'8850274020004',10,0.70,1,'no','one'),
	(1166,524,'8852537012160',58,4.06,1,'no','one'),
	(1167,526,'8850124034519',4,0.28,1,'no','one'),
	(1168,527,'8851932043687',8,0.56,1,'no','one'),
	(1169,528,'8851111102136',12,0.84,1,'no','one'),
	(1170,529,'8851989060354',12,0.84,1,'no','one'),
	(1171,529,'8851954101211',20,1.40,1,'no','one'),
	(1172,529,'8855629362464',28,1.96,1,'no','one'),
	(1173,529,'8888826016564',23,1.61,1,'no','one'),
	(1174,530,'8850002001220',29,2.03,1,'no','one'),
	(1175,531,'9771686492007',10,0.70,1,'no','one'),
	(1176,532,'8851806007395',24,1.68,1,'no','one'),
	(1177,532,'8852197110039',16,1.12,1,'no','one'),
	(1178,532,'8850718801473',20,1.40,1,'no','one'),
	(1179,532,'8850425000305',5,0.35,1,'no','one'),
	(1180,533,'8850175046158',5,0.35,1,'no','one'),
	(1181,533,'8850175046158',5,0.35,1,'no','one'),
	(1182,534,'8850338003950',5,0.35,1,'no','one'),
	(1183,534,'8850250000365',12,0.84,1,'no','one'),
	(1184,535,'8857200070027',10,0.70,1,'no','one'),
	(1185,535,'8850267112129',10,0.70,1,'no','one'),
	(1186,535,'8851717030239',6,0.42,1,'no','one'),
	(1187,536,'8850175046158',5,0.35,1,'no','one'),
	(1188,536,'8850175046158',5,0.35,1,'no','one'),
	(1189,537,'8850250000365',12,0.84,1,'no','one'),
	(1190,538,'8851952350147',15,1.05,1,'no','one'),
	(1191,539,'8850124080875',148,10.36,1,'no','one'),
	(1192,539,'8858891300073',15,1.05,1,'no','one'),
	(1193,539,'8858891300073',15,1.05,1,'no','one'),
	(1194,540,'8851959144190',29,2.03,1,'no','one'),
	(1195,541,'8851932028103',17,1.19,1,'no','one'),
	(1196,541,'8851932267540',10,0.70,1,'no','one'),
	(1197,541,'8852052140201',5,0.35,1,'no','one'),
	(1198,541,'8850375001216',5,0.35,1,'no','one'),
	(1199,541,'8851959156018',15,1.05,1,'no','one'),
	(1200,542,'8852232101138',4,0.28,10,'no','one'),
	(1201,543,'8850338020124',16,1.12,1,'no','one'),
	(1202,543,'8850338020124',16,1.12,1,'no','one'),
	(1203,543,'8850124003850',7,0.49,1,'no','one'),
	(1204,544,'8851959132364',13,0.91,1,'no','one'),
	(1205,545,'8850228002087',12,0.84,1,'no','one'),
	(1206,546,'8850250000365',12,0.84,1,'no','one'),
	(1207,547,'8850309150188',10,0.70,1,'no','one'),
	(1208,547,'8850157511650',5,0.35,1,'no','one'),
	(1209,548,'8850228000106',10,0.70,1,'no','one'),
	(1210,548,'8850228000106',10,0.70,1,'no','one'),
	(1211,548,'8851123212021',10,0.70,1,'no','one'),
	(1212,548,'8850228002001',10,0.70,1,'no','one'),
	(1213,549,'8851932028103',17,1.19,1,'no','one'),
	(1214,549,'8850175046158',5,0.35,1,'no','one'),
	(1215,549,'8850175046158',5,0.35,1,'no','one'),
	(1216,549,'8850731000020',12,0.84,1,'no','one'),
	(1217,550,'8850175046158',5,0.35,1,'no','one'),
	(1218,551,'8850175046158',5,0.35,1,'no','one'),
	(1219,552,'8851932211611',27,1.89,1,'no','one'),
	(1220,552,'8850002022805',20,1.40,1,'no','one'),
	(1221,552,'8850250002499',34,2.38,1,'no','one'),
	(1222,552,'8850038100027',18,1.26,1,'no','one'),
	(1223,553,'2200237817855',10,0.70,1,'no','one'),
	(1224,553,'8850175046158',5,0.35,1,'no','one'),
	(1225,553,'8850175046158',5,0.35,1,'no','one'),
	(1226,554,'8850999141008',47,3.29,1,'no','one'),
	(1227,554,'8850999141008',47,3.29,1,'no','one'),
	(1228,555,'8852537011163',58,4.06,1,'no','one'),
	(1229,556,'8850127005158',38,2.66,1,'no','one'),
	(1230,557,'8850144206Des',1886352491,999.99,1157649152,'no','one'),
	(1231,616,'8851123795029',36,2.52,1,'no','one'),
	(1232,616,'8850709141120',35,2.45,1,'no','one'),
	(1233,617,'8851123782005',32,2.24,1,'no','one'),
	(1234,618,'8851123389198',54,3.78,1,'no','one'),
	(1235,619,'8851123784276',0,0.00,1,'no','one'),
	(1236,620,'751',950,66.50,1,'no','one'),
	(1237,620,'756',950,66.50,1,'no','one'),
	(1238,620,'757',950,66.50,1,'no','one'),
	(1239,621,'756',950,66.50,1,'no','one'),
	(1240,621,'757',950,66.50,1,'no','one'),
	(1241,621,'758',950,66.50,1,'no','one'),
	(1242,622,'756',950,66.50,1,'no','one'),
	(1243,622,'758',950,66.50,1,'no','one'),
	(1244,622,'760',1050,73.50,1,'no','one'),
	(1245,622,'751',950,66.50,1,'no','one'),
	(1246,622,'756',950,66.50,1,'no','one'),
	(1247,622,'757',950,66.50,1,'no','one'),
	(1248,622,'751',950,66.50,1,'no','one'),
	(1249,623,'751',950,66.50,1,'no','one'),
	(1250,623,'756',950,66.50,1,'no','one'),
	(1251,623,'757',950,66.50,1,'no','one'),
	(1252,623,'758',950,66.50,1,'no','one'),
	(1253,623,'759',950,66.50,1,'no','one'),
	(1254,623,'751',950,66.50,1,'no','one'),
	(1255,623,'756',950,66.50,1,'no','one'),
	(1256,623,'757',950,66.50,1,'no','one'),
	(1257,623,'758',950,66.50,1,'no','one'),
	(1258,623,'760',1050,73.50,1,'no','one'),
	(1259,624,'710',950,66.50,1,'no','one'),
	(1260,624,'757',950,66.50,2,'no','one'),
	(1261,625,'751',950,66.50,1,'no','one'),
	(1262,625,'756',950,66.50,1,'no','one'),
	(1263,625,'758',950,66.50,20,'no','one'),
	(1264,625,'710',950,66.50,11,'no','one'),
	(1265,625,'759',950,66.50,21,'no','one'),
	(1266,625,'757',950,66.50,1,'no','one'),
	(1267,625,'760',1050,73.50,1,'no','one'),
	(1268,625,'712',0,0.00,1,'no','one'),
	(1269,626,'751',950,66.50,1,'no','one'),
	(1270,626,'756',950,66.50,1,'no','one'),
	(1271,626,'757',950,66.50,1,'no','one'),
	(1272,626,'758',950,66.50,1,'no','one'),
	(1273,626,'759',950,66.50,1,'no','one'),
	(1274,627,'710',950,66.50,1,'no','one'),
	(1275,627,'711',0,0.00,1,'no','one'),
	(1276,627,'713',0,0.00,1,'no','one'),
	(1277,628,'709',1050,73.50,5,'no','one'),
	(1278,629,'709',1050,73.50,5,'no','one'),
	(1279,629,'778',1300,91.00,5,'no','one'),
	(1280,630,'708',1050,73.50,1,'no','one'),
	(1281,630,'766',1100,77.00,13,'no','one'),
	(1282,632,'708',1050,73.50,1,'no','one'),
	(1283,632,'766',1100,77.00,13,'no','one'),
	(1284,633,'708',1050,73.50,1,'no','one'),
	(1285,633,'766',1100,77.00,13,'no','one'),
	(1286,635,'766',1100,77.00,13,'no','one'),
	(1287,635,'708',1050,73.50,1,'no','one'),
	(1288,636,'708',1050,73.50,1,'no','one'),
	(1289,636,'766',1100,77.00,13,'no','one'),
	(1290,637,'751',950,66.50,1,'no','one'),
	(1291,637,'751',800,56.00,1,'no','one'),
	(1387,744,'818',780,54.60,1,'no','one'),
	(1293,644,'780',0,0.00,5,'no','one'),
	(1294,645,'770',1000,70.00,5,'no','one'),
	(1295,646,'770',1000,70.00,5,'no','one'),
	(1296,647,'770',1000,70.00,5,'no','one'),
	(1297,648,'770',1000,70.00,5,'no','one'),
	(1298,649,'770',1000,70.00,5,'no','one'),
	(1299,650,'770',1000,70.00,5,'no','one'),
	(1386,743,'815',780,54.60,5,'no','one'),
	(1385,742,'818',800,56.00,2,'no','one'),
	(1384,741,'818',800,56.00,2,'no','one'),
	(1383,740,'818',800,56.00,1,'no','one'),
	(1382,738,'818',800,56.00,1,'no','one'),
	(1381,737,'817',820,57.40,2,'no','one'),
	(1380,736,'817',780,54.60,10,'no','one'),
	(1379,735,'817',780,54.60,10,'no','one'),
	(1378,732,'817',780,54.60,10,'no','one'),
	(1309,663,'782',1050,73.50,5,'no','one'),
	(1377,731,'818',780,54.60,10,'no','one'),
	(1376,730,'818',800,56.00,2,'no','one'),
	(1375,729,'818',800,56.00,1,'no','one'),
	(1374,728,'817',800,56.00,5,'no','one'),
	(1373,728,'818',780,54.60,5,'no','one'),
	(1372,727,'818',780,54.60,10,'no','one'),
	(1371,726,'817',820,57.40,2,'no','one'),
	(1370,725,'818',800,56.00,2,'no','one'),
	(1369,724,'818',780,54.60,10,'no','one'),
	(1319,674,'764',1030,72.10,6,'no','one'),
	(1320,677,'764',1030,72.10,6,'no','one'),
	(1321,680,'764',1030,72.10,6,'no','one'),
	(1322,681,'768',1030,72.10,5,'no','one'),
	(1323,682,'768',0,0.00,6,'no','one'),
	(1324,683,'768',1100,77.00,5,'no','one'),
	(1325,684,'818',800,56.00,10,'no','one'),
	(1326,684,'817',800,56.00,10,'no','one'),
	(1360,715,'819',740,51.80,1,'no','one'),
	(1328,686,'818',800,56.00,5,'no','one'),
	(1329,687,'815',800,56.00,5,'no','one'),
	(1330,687,'817',800,56.00,5,'no','one'),
	(1331,687,'818',800,56.00,5,'no','one'),
	(1332,687,'819',720,50.40,5,'no','one'),
	(1333,688,'815',800,56.00,5,'no','one'),
	(1334,689,'818',800,56.00,10,'no','one'),
	(1335,690,'818',800,56.00,5,'no','one'),
	(1336,690,'819',720,50.40,5,'no','one'),
	(1337,691,'815',800,56.00,5,'no','one'),
	(1338,692,'818',800,56.00,10,'no','one'),
	(1359,714,'818',800,56.00,2,'no','one'),
	(1358,713,'818',780,54.60,5,'no','one'),
	(1357,710,'818',780,54.60,5,'no','one'),
	(1342,696,'818',780,54.60,10,'no','one'),
	(1343,697,'818',780,54.60,10,'no','one'),
	(1356,693,'817',820,57.40,2,'no','one'),
	(1345,699,'818',780,54.60,10,'no','one'),
	(1346,700,'818',780,54.60,5,'no','one'),
	(1347,700,'819',720,50.40,5,'no','one'),
	(1368,723,'815',800,56.00,5,'no','one'),
	(1367,722,'817',820,57.40,2,'no','one'),
	(1366,721,'818',820,57.40,2,'no','one'),
	(1365,720,'818',780,54.60,10,'no','one'),
	(1364,719,'817',820,57.40,2,'no','one'),
	(1363,718,'817',820,57.40,1,'no','one'),
	(1362,717,'817',820,57.40,1,'no','one'),
	(1361,716,'817',820,57.40,1,'no','one'),
	(1388,744,'819',720,50.40,1,'no','one'),
	(1389,744,'815',780,54.60,1,'no','one'),
	(1390,744,'817',780,54.60,1,'no','one'),
	(1391,746,'818',800,56.00,5,'no','one'),
	(1392,747,'818',780,54.60,5,'no','one'),
	(1393,748,'818',800,56.00,2,'no','one'),
	(1394,749,'818',780,54.60,10,'no','one'),
	(1395,750,'815',780,54.60,10,'no','one'),
	(1396,751,'817',820,57.40,2,'no','one'),
	(1397,752,'818',800,56.00,2,'no','one'),
	(1398,753,'815',780,54.60,5,'no','one'),
	(1399,754,'815',780,54.60,5,'no','one'),
	(1400,755,'818',780,54.60,6,'no','one'),
	(1401,755,'815',780,54.60,3,'no','one'),
	(1402,755,'817',780,54.60,4,'no','one'),
	(1403,756,'818',780,54.60,10,'no','one'),
	(1404,757,'815',780,54.60,5,'no','one'),
	(1405,757,'817',780,54.60,5,'no','one'),
	(1406,758,'818',800,56.00,2,'no','one'),
	(1407,759,'817',820,57.40,2,'no','one'),
	(1408,760,'819',720,50.40,6,'no','one'),
	(1409,761,'815',780,54.60,5,'no','one'),
	(1410,761,'817',780,54.60,5,'no','one'),
	(1411,761,'818',780,54.60,5,'no','one'),
	(1412,762,'818',780,54.60,10,'no','one'),
	(1413,763,'815',780,54.60,10,'no','one'),
	(1414,764,'818',800,56.00,2,'no','one'),
	(1415,765,'818',780,54.60,10,'no','one'),
	(1416,766,'818',780,54.60,10,'no','one'),
	(1417,767,'818',780,54.60,10,'no','one'),
	(1418,768,'818',770,53.90,10,'no','one'),
	(1419,769,'818',780,54.60,5,'no','one'),
	(1420,770,'818',780,54.60,5,'no','one'),
	(1421,771,'818',780,54.60,5,'no','one'),
	(1422,772,'818',800,56.00,2,'no','one'),
	(1423,773,'818',780,54.60,10,'no','one'),
	(1424,773,'817',780,54.60,5,'no','one'),
	(1425,774,'815',800,56.00,1,'no','one'),
	(1426,775,'818',780,54.60,15,'no','one'),
	(1427,776,'817',800,56.00,2,'no','one'),
	(1428,777,'815',770,53.90,10,'no','one'),
	(1429,778,'815',780,54.60,5,'no','one'),
	(1430,779,'819',720,50.40,2,'no','one'),
	(1431,780,'818',780,54.60,10,'no','one'),
	(1432,781,'818',780,54.60,14,'no','one'),
	(1433,782,'815',820,57.40,1,'no','one'),
	(1434,783,'815',770,53.90,8,'no','one'),
	(1435,784,'817',770,53.90,7,'no','one'),
	(1436,785,'819',700,49.00,10,'no','one'),
	(1437,786,'817',820,57.40,1,'no','one'),
	(1438,787,'817',770,53.90,15,'no','one'),
	(1439,787,'819',700,49.00,5,'no','one'),
	(1440,788,'817',800,56.00,5,'no','one'),
	(1441,789,'821',450,31.50,5,'no','one'),
	(1442,789,'822',450,31.50,5,'no','one'),
	(1443,790,'817',800,56.00,2,'no','one'),
	(1444,791,'817',770,53.90,1,'no','one'),
	(1445,792,'718',800,56.00,5,'no','one'),
	(1446,793,'824',930,65.10,5,'no','one'),
	(1447,794,'718',800,56.00,3,'no','one'),
	(1448,797,'824',930,65.10,5,'no','one'),
	(1449,798,'824',930,65.10,5,'no','one'),
	(1450,799,'824',930,65.10,5,'no','one'),
	(1451,800,'718',800,56.00,3,'no','one'),
	(1452,801,'718',800,56.00,2,'no','one'),
	(1453,802,'824',930,65.10,5,'no','one'),
	(1454,803,'718',800,56.00,1,'no','one'),
	(1455,804,'718',800,56.00,3,'no','one'),
	(1456,805,'718',780,54.60,5,'no','one'),
	(1457,806,'824',830,58.10,1,'no','one'),
	(1458,807,'718',800,56.00,5,'no','one'),
	(1459,808,'824',930,65.10,3,'no','one'),
	(1460,809,'824',930,65.10,5,'no','one'),
	(1461,810,'718',780,54.60,10,'no','one'),
	(1462,811,'718',780,54.60,5,'no','one'),
	(1463,812,'718',800,56.00,1,'no','one'),
	(1464,813,'718',800,56.00,1,'no','one'),
	(1465,814,'718',800,56.00,9,'no','one'),
	(1466,815,'718',800,56.00,1,'no','one'),
	(1467,816,'718',800,56.00,6,'no','one'),
	(1468,817,'718',800,56.00,1,'no','one'),
	(1469,818,'824',930,65.10,5,'no','one'),
	(1470,818,'718',780,54.60,5,'no','one'),
	(1471,819,'718',780,54.60,5,'no','one'),
	(1472,820,'819',700,49.00,5,'no','one'),
	(1473,821,'718',780,54.60,5,'no','one'),
	(1474,822,'718',800,56.00,1,'no','one'),
	(1475,823,'824',950,66.50,1,'no','one'),
	(1476,824,'718',780,54.60,3,'no','one'),
	(1477,825,'824',950,66.50,2,'no','one'),
	(1478,825,'817',770,53.90,2,'no','one'),
	(1479,825,'718',800,56.00,4,'no','one'),
	(1480,826,'718',780,54.60,5,'no','one'),
	(1481,827,'817',770,53.90,10,'no','one'),
	(1482,827,'824',930,65.10,5,'no','one'),
	(1483,828,'817',770,53.90,10,'no','one'),
	(1484,828,'824',930,65.10,5,'no','one'),
	(1485,829,'718',780,54.60,5,'no','one'),
	(1486,830,'824',930,65.10,5,'no','one'),
	(1487,831,'718',800,56.00,5,'no','one'),
	(1488,832,'718',800,56.00,3,'no','one'),
	(1489,833,'824',950,66.50,1,'no','one'),
	(1490,834,'824',950,66.50,1,'no','one'),
	(1491,834,'718',800,56.00,1,'no','one'),
	(1492,835,'824',950,66.50,5,'no','one'),
	(1493,836,'718',780,54.60,5,'no','one'),
	(1494,837,'718',800,56.00,1,'no','one'),
	(1495,838,'824',950,66.50,10,'no','one'),
	(1496,839,'725',780,54.60,10,'no','one'),
	(1497,840,'725',780,54.60,5,'no','one'),
	(1498,841,'725',780,54.60,10,'no','one'),
	(1499,842,'725',780,54.60,5,'no','one'),
	(1500,843,'824',930,65.10,10,'no','one'),
	(1501,844,'718',800,56.00,1,'no','one'),
	(1502,845,'718',800,56.00,5,'no','one'),
	(1503,846,'725',780,54.60,10,'no','one'),
	(1504,846,'718',780,54.60,5,'no','one'),
	(1505,847,'725',780,54.60,10,'no','one'),
	(1506,847,'718',780,54.60,5,'no','one'),
	(1507,848,'718',800,56.00,3,'no','one'),
	(1508,849,'718',780,54.60,3,'no','one'),
	(1509,850,'718',780,54.60,3,'no','one'),
	(1510,851,'718',780,54.60,3,'no','one'),
	(1511,852,'718',800,56.00,2,'no','one'),
	(1512,853,'725',780,54.60,10,'no','one'),
	(1513,854,'725',780,54.60,5,'no','one'),
	(1514,855,'718',780,54.60,5,'no','one'),
	(1515,856,'725',780,54.60,5,'no','one'),
	(1516,856,'824',930,65.10,5,'no','one'),
	(1517,856,'718',780,54.60,5,'no','one'),
	(1518,857,'725',780,54.60,5,'no','one'),
	(1519,858,'725',780,54.60,5,'no','one'),
	(1520,859,'824',920,64.40,2,'no','one'),
	(1521,859,'725',780,54.60,5,'no','one'),
	(1522,859,'817',770,53.90,5,'no','one'),
	(1523,860,'725',780,54.60,5,'no','one'),
	(1524,861,'718',800,56.00,1,'no','one'),
	(1525,862,'718',800,56.00,1,'no','one'),
	(1526,863,'718',800,56.00,1,'no','one'),
	(1527,864,'718',800,56.00,3,'no','one'),
	(1528,866,'718',800,56.00,3,'no','one'),
	(1529,868,'824',950,66.50,1,'no','one'),
	(1530,869,'824',950,66.50,3,'no','one'),
	(1531,870,'824',950,66.50,3,'no','one'),
	(1532,871,'824',930,65.10,5,'no','one'),
	(1533,872,'718',800,56.00,5,'no','one'),
	(1534,873,'725',780,54.60,5,'no','one'),
	(1535,874,'718',800,56.00,3,'no','one'),
	(1536,875,'824',930,65.10,5,'no','one'),
	(1537,876,'824',930,65.10,5,'no','one'),
	(1538,877,'718',800,56.00,5,'no','one'),
	(1539,878,'718',800,56.00,2,'no','one'),
	(1540,879,'718',800,56.00,2,'no','one'),
	(1541,880,'824',950,66.50,5,'no','one'),
	(1542,881,'719',800,56.00,1,'no','one'),
	(1543,882,'719',800,56.00,1,'no','one'),
	(1544,883,'719',780,54.60,10,'no','one'),
	(1545,884,'824',930,65.10,5,'no','one'),
	(1546,885,'719',780,54.60,7,'no','one'),
	(1547,886,'719',780,54.60,5,'no','one'),
	(1548,887,'718',800,56.00,3,'no','one'),
	(1549,888,'718',800,56.00,5,'no','one'),
	(1550,889,'718',800,56.00,1,'no','one'),
	(1551,890,'741',950,66.50,1,'no','one'),
	(1552,891,'741',900,63.00,5,'no','one'),
	(1553,892,'819',680,47.60,5,'no','one'),
	(1554,892,'817',730,51.10,5,'no','one'),
	(1555,893,'824',930,65.10,5,'no','one'),
	(1556,894,'718',780,54.60,5,'no','one'),
	(1557,895,'718',780,54.60,5,'no','one'),
	(1558,896,'718',780,54.60,5,'no','one'),
	(1559,897,'718',780,54.60,3,'no','one'),
	(1560,897,'824',930,65.10,3,'no','one'),
	(1561,898,'718',800,56.00,3,'no','one'),
	(1562,899,'718',800,56.00,2,'no','one'),
	(1563,900,'718',780,54.60,10,'no','one'),
	(1564,901,'718',780,54.60,10,'no','one'),
	(1565,902,'718',800,56.00,4,'no','one'),
	(1566,903,'718',800,56.00,1,'no','one'),
	(1567,904,'718',780,54.60,20,'no','one'),
	(1568,905,'718',800,56.00,4,'no','one'),
	(1569,906,'718',800,56.00,1,'no','one'),
	(1570,906,'824',950,66.50,1,'no','one'),
	(1571,907,'718',780,54.60,10,'no','one'),
	(1572,908,'718',780,54.60,10,'no','one'),
	(1573,909,'718',780,54.60,10,'no','one'),
	(1574,910,'718',800,56.00,3,'no','one'),
	(1575,911,'718',800,56.00,3,'no','one'),
	(1576,912,'718',780,54.60,10,'no','one'),
	(1577,913,'718',780,54.60,10,'no','one'),
	(1578,914,'718',800,56.00,3,'no','one'),
	(1579,915,'718',780,54.60,7,'no','one'),
	(1580,916,'824',930,65.10,5,'no','one'),
	(1581,917,'817',720,50.40,10,'no','one'),
	(1582,918,'819',680,47.60,10,'no','one'),
	(1583,919,'819',680,47.60,5,'no','one'),
	(1584,920,'824',950,66.50,1,'no','one'),
	(1585,921,'824',950,66.50,1,'no','one'),
	(1586,922,'824',930,65.10,2,'no','one'),
	(1587,923,'824',930,65.10,5,'no','one'),
	(1588,924,'718',780,54.60,10,'no','one'),
	(1589,925,'718',780,54.60,10,'no','one'),
	(1590,926,'828',780,54.60,10,'no','one'),
	(1591,927,'828',780,54.60,10,'no','one'),
	(1592,927,'819',670,46.90,5,'no','one'),
	(1593,928,'828',780,54.60,10,'no','one'),
	(1594,929,'828',780,54.60,5,'no','one'),
	(1595,930,'828',800,56.00,3,'no','one'),
	(1596,931,'828',800,56.00,1,'no','one'),
	(1597,932,'828',800,56.00,1,'no','one'),
	(1598,933,'828',780,54.60,5,'no','one'),
	(1599,934,'828',780,54.60,10,'no','one'),
	(1600,934,'828',780,54.60,10,'no','one'),
	(1601,935,'828',780,54.60,10,'no','one'),
	(1602,935,'824',930,65.10,5,'no','one'),
	(1603,936,'828',780,54.60,5,'no','one'),
	(1604,937,'828',800,56.00,2,'no','one'),
	(1605,938,'828',800,56.00,5,'no','one'),
	(1606,939,'828',780,54.60,2,'no','one'),
	(1607,939,'824',930,65.10,1,'no','one'),
	(1608,939,'817',720,50.40,1,'no','one'),
	(1609,940,'828',780,54.60,15,'no','one'),
	(1610,941,'828',780,54.60,3,'no','one'),
	(1611,942,'828',780,54.60,10,'no','one'),
	(1612,943,'828',800,56.00,5,'no','one'),
	(1613,944,'828',800,56.00,2,'no','one'),
	(1614,945,'828',780,54.60,15,'no','one'),
	(1615,946,'828',780,54.60,5,'no','one'),
	(1616,947,'819',650,45.50,5,'no','one'),
	(1617,947,'817',700,49.00,5,'no','one'),
	(1618,948,'828',780,54.60,2,'no','one'),
	(1619,948,'817',700,49.00,2,'no','one'),
	(1620,949,'817',720,50.40,3,'no','one'),
	(1621,950,'828',780,54.60,10,'no','one'),
	(1622,951,'828',780,54.60,5,'no','one'),
	(1623,952,'828',780,54.60,2,'no','one'),
	(1624,953,'828',780,54.60,2,'no','one'),
	(1625,954,'828',780,54.60,10,'no','one'),
	(1626,955,'828',780,54.60,15,'no','one'),
	(1627,956,'828',780,54.60,10,'no','one'),
	(1628,957,'828',780,54.60,5,'no','one'),
	(1629,958,'828',800,56.00,5,'no','one'),
	(1630,959,'828',780,54.60,30,'no','one'),
	(1631,960,'828',800,56.00,1,'no','one'),
	(1632,961,'828',780,54.60,10,'no','one'),
	(1633,962,'828',800,56.00,1,'no','one'),
	(1634,963,'817',700,49.00,10,'no','one'),
	(1635,964,'828',780,54.60,5,'no','one'),
	(1636,965,'828',780,54.60,5,'no','one'),
	(1637,966,'828',780,54.60,3,'no','one'),
	(1638,966,'824',930,65.10,3,'no','one'),
	(1639,966,'824',930,65.10,3,'no','one'),
	(1640,967,'790',580,40.60,5,'no','one'),
	(1641,968,'790',580,40.60,5,'no','one'),
	(1642,969,'790',580,40.60,5,'no','one'),
	(1643,970,'824',900,63.00,1,'no','one'),
	(1644,970,'790',580,40.60,1,'no','one'),
	(1645,971,'790',550,38.50,20,'no','one'),
	(1646,972,'790',550,38.50,5,'no','one'),
	(1647,973,'790',550,38.50,5,'no','one'),
	(1648,974,'790',550,38.50,5,'no','one'),
	(1649,975,'790',550,38.50,10,'no','one'),
	(1650,975,'828',750,52.50,10,'no','one'),
	(1651,976,'790',550,38.50,5,'no','one'),
	(1652,977,'790',550,38.50,10,'no','one'),
	(1653,977,'828',750,52.50,15,'no','one'),
	(1654,978,'790',550,38.50,10,'no','one'),
	(1655,978,'828',750,52.50,10,'no','one'),
	(1656,979,'828',780,54.60,1,'no','one'),
	(1657,979,'824',930,65.10,2,'no','one'),
	(1658,980,'790',580,40.60,2,'no','one'),
	(1659,981,'790',580,40.60,2,'no','one'),
	(1660,982,'790',580,40.60,2,'no','one'),
	(1661,983,'790',580,40.60,2,'no','one'),
	(1662,984,'790',580,40.60,2,'no','one'),
	(1663,985,'790',550,38.50,10,'no','one'),
	(1664,986,'790',550,38.50,10,'no','one'),
	(1665,987,'790',550,38.50,10,'no','one'),
	(1666,987,'828',750,52.50,10,'no','one'),
	(1667,988,'790',580,40.60,2,'no','one'),
	(1668,989,'790',550,38.50,10,'no','one'),
	(1669,990,'828',750,52.50,5,'no','one'),
	(1670,991,'790',580,40.60,5,'no','one'),
	(1671,992,'790',580,40.60,2,'no','one'),
	(1672,992,'790',580,40.60,3,'no','one'),
	(1673,992,'828',800,56.00,1,'no','one'),
	(1674,993,'790',580,40.60,1,'no','one'),
	(1675,994,'790',580,40.60,6,'no','one'),
	(1676,995,'828',780,54.60,2,'no','one'),
	(1677,996,'828',750,52.50,10,'no','one'),
	(1678,997,'824',900,63.00,5,'no','one'),
	(1679,998,'790',550,38.50,10,'no','one'),
	(1680,999,'790',580,40.60,1,'no','one'),
	(1681,1000,'790',550,38.50,5,'no','one'),
	(1682,1001,'828',750,52.50,10,'no','one'),
	(1683,1002,'828',780,54.60,5,'no','one'),
	(1684,1003,'828',750,52.50,10,'no','one'),
	(1685,1004,'828',750,52.50,5,'no','one'),
	(1686,1005,'790',550,38.50,10,'no','one'),
	(1687,1006,'817',600,42.00,2,'no','one'),
	(1688,1006,'828',750,52.50,1,'no','one'),
	(1689,1006,'824',870,60.90,1,'no','one'),
	(1690,1006,'790',550,38.50,2,'no','one'),
	(1691,1007,'790',580,40.60,3,'no','one'),
	(1692,1008,'790',580,40.60,1,'no','one'),
	(1693,1009,'828',750,52.50,10,'no','one'),
	(1694,1010,'828',750,52.50,10,'no','one'),
	(1695,1011,'790',550,38.50,10,'no','one'),
	(1696,1012,'828',750,52.50,10,'no','one'),
	(1697,1013,'790',550,38.50,10,'no','one'),
	(1698,1014,'828',750,52.50,5,'no','one'),
	(1699,1015,'828',780,54.60,1,'no','one'),
	(1700,1016,'828',780,54.60,3,'no','one'),
	(1701,1017,'828',750,52.50,15,'no','one'),
	(1702,1018,'828',750,52.50,5,'no','one'),
	(1703,1019,'824',870,60.90,10,'no','one'),
	(1704,1020,'828',750,52.50,10,'no','one'),
	(1705,1021,'828',750,52.50,20,'no','one'),
	(1706,1023,'828',780,54.60,3,'no','one'),
	(1707,1024,'828',750,52.50,10,'no','one'),
	(1708,1025,'828',750,52.50,10,'no','one'),
	(1709,1026,'828',750,52.50,10,'no','one'),
	(1710,1027,'828',750,52.50,15,'no','one'),
	(1711,1028,'828',800,56.00,1,'no','one'),
	(1712,1028,'817',700,49.00,3,'no','one'),
	(1713,1029,'828',750,52.50,10,'no','one'),
	(1714,1030,'828',750,52.50,10,'no','one'),
	(1715,1031,'828',750,52.50,10,'no','one'),
	(1716,1032,'828',750,52.50,10,'no','one'),
	(1717,1033,'828',750,52.50,15,'no','one'),
	(1718,1034,'828',750,52.50,5,'no','one'),
	(1719,1034,'790',520,36.40,10,'no','one'),
	(1720,1035,'828',780,54.60,5,'no','one'),
	(1721,1036,'828',750,52.50,30,'no','one'),
	(1722,1037,'828',750,52.50,5,'no','one'),
	(1723,1038,'817',780,54.60,10,'no','one'),
	(1724,1038,'828',750,52.50,5,'no','one'),
	(1725,1039,'828',750,52.50,10,'no','one'),
	(1726,1040,'828',750,52.50,10,'no','one'),
	(1727,1041,'828',750,52.50,10,'no','one'),
	(1728,1042,'790',550,38.50,5,'no','one'),
	(1729,1043,'824',900,63.00,2,'no','one'),
	(1730,1044,'817',600,42.00,2,'no','one'),
	(1731,1044,'824',900,63.00,1,'no','one'),
	(1732,1045,'824',900,63.00,10,'no','one'),
	(1733,1046,'824',900,63.00,5,'no','one'),
	(1734,1047,'790',450,31.50,10,'no','one'),
	(1735,1048,'824',900,63.00,1,'no','one'),
	(1736,1048,'790',480,33.60,1,'no','one'),
	(1737,1048,'817',700,49.00,2,'no','one'),
	(1738,1049,'790',420,29.40,5,'no','one'),
	(1739,1050,'790',420,29.40,5,'no','one'),
	(1740,1051,'790',400,28.00,5,'no','one'),
	(1741,1052,'790',400,28.00,5,'no','one'),
	(1742,1053,'790',430,30.10,3,'no','one'),
	(1743,1054,'790',400,28.00,12,'no','one'),
	(1744,1054,'817',600,42.00,3,'no','one'),
	(1745,1055,'824',870,60.90,4,'no','one'),
	(1746,1056,'790',400,28.00,10,'no','one'),
	(1747,1057,'790',400,28.00,5,'no','one'),
	(1748,1058,'824',900,63.00,1,'no','one'),
	(1749,1059,'824',850,59.50,2,'no','one'),
	(1750,1060,'790',370,25.90,175,'no','one'),
	(1751,1061,'790',360,25.20,93,'no','one'),
	(1752,1062,'829',870,60.90,10,'no','one'),
	(1753,1063,'829',870,60.90,5,'no','one'),
	(1754,1064,'829',920,64.40,1,'no','one'),
	(1755,1065,'829',840,58.80,10,'no','one'),
	(1756,1066,'829',840,58.80,30,'no','one'),
	(1757,1067,'829',840,58.80,5,'no','one'),
	(1758,1068,'829',840,58.80,20,'no','one'),
	(1759,1069,'829',840,58.80,10,'no','one'),
	(1760,1070,'829',840,58.80,5,'no','one'),
	(1761,1071,'829',840,58.80,10,'no','one'),
	(1762,1072,'829',840,58.80,10,'no','one'),
	(1763,1073,'829',840,58.80,20,'no','one'),
	(1764,1074,'829',840,58.80,10,'no','one'),
	(1765,1075,'829',840,58.80,5,'no','one'),
	(1766,1076,'829',840,58.80,10,'no','one'),
	(1767,1077,'829',840,58.80,20,'no','one'),
	(1768,1078,'829',840,58.80,5,'no','one'),
	(1769,1078,'830',470,32.90,10,'no','one'),
	(1770,1078,'774',570,39.90,10,'no','one'),
	(1771,1079,'774',570,39.90,10,'no','one'),
	(1772,1080,'774',570,39.90,10,'no','one'),
	(1773,1081,'774',570,39.90,10,'no','one'),
	(1774,1082,'774',570,39.90,10,'no','one'),
	(1775,1083,'774',570,39.90,5,'no','one'),
	(1776,1083,'830',470,32.90,5,'no','one'),
	(1777,1084,'829',840,58.80,30,'no','one'),
	(1778,1084,'774',570,39.90,10,'no','one'),
	(1779,1084,'830',470,32.90,10,'no','one'),
	(1780,1085,'774',570,39.90,10,'no','one'),
	(1781,1086,'774',570,39.90,10,'no','one'),
	(1782,1087,'830',470,32.90,10,'no','one'),
	(1783,1087,'774',570,39.90,10,'no','one'),
	(1784,1088,'774',570,39.90,10,'no','one'),
	(1785,1089,'774',570,39.90,20,'no','one'),
	(1786,1090,'830',470,32.90,20,'no','one'),
	(1787,1091,'774',570,39.90,15,'no','one'),
	(1788,1092,'829',840,58.80,20,'no','one'),
	(1789,1093,'774',570,39.90,10,'no','one'),
	(1790,1094,'774',570,39.90,10,'no','one'),
	(1791,1095,'829',840,58.80,5,'no','one'),
	(1792,1096,'830',470,32.90,5,'no','one'),
	(1793,1097,'829',840,58.80,10,'no','one'),
	(1794,1098,'829',840,58.80,10,'no','one'),
	(1795,1099,'774',590,41.30,3,'no','one'),
	(1796,1100,'829',840,58.80,10,'no','one'),
	(1797,1100,'774',570,39.90,15,'no','one'),
	(1798,1101,'774',570,39.90,8,'no','one'),
	(1799,1102,'774',570,39.90,5,'no','one'),
	(1800,1103,'774',570,39.90,20,'no','one'),
	(1806,1110,'829',840,58.80,15,'no','one'),
	(1802,1105,'774',570,39.90,5,'no','one'),
	(1803,1106,'830',470,32.90,10,'no','one'),
	(1805,1109,'774',570,39.90,1,'no','one'),
	(1807,1111,'829',840,58.80,15,'no','one'),
	(1808,1112,'829',920,64.40,1,'no','one'),
	(1809,1112,'774',590,41.30,2,'no','one'),
	(1810,1113,'829',840,58.80,25,'no','one'),
	(1811,1114,'829',840,58.80,7,'no','one'),
	(1812,1115,'774',570,39.90,20,'no','one'),
	(1813,1115,'830',470,32.90,10,'no','one'),
	(1814,1116,'774',570,39.90,20,'no','one'),
	(1815,1116,'830',470,32.90,10,'no','one'),
	(1816,1117,'774',570,39.90,20,'no','one'),
	(1817,1118,'774',570,39.90,40,'no','one'),
	(1818,1119,'831',600,42.00,30,'no','one'),
	(1819,1119,'774',570,39.90,20,'no','one'),
	(1820,1119,'824',800,56.00,10,'no','one'),
	(1821,1120,'774',570,39.90,10,'no','one'),
	(1822,1121,'774',570,39.90,10,'no','one'),
	(1823,1122,'774',570,39.90,20,'no','one'),
	(1825,1124,'774',570,39.90,15,'no','one'),
	(1826,1125,'832',1000,70.00,5,'no','one'),
	(1827,1126,'774',570,39.90,10,'no','one'),
	(1828,1127,'774',570,39.90,10,'no','one'),
	(1829,1128,'774',570,39.90,2,'no','one'),
	(1830,1128,'824',800,56.00,2,'no','one'),
	(1831,1129,'832',1000,70.00,3,'no','one'),
	(1832,1130,'774',570,39.90,10,'no','one'),
	(1833,1131,'774',570,39.90,10,'no','one'),
	(1834,1132,'830',470,32.90,20,'no','one'),
	(1835,1133,'830',470,32.90,20,'no','one'),
	(1836,1134,'830',470,32.90,15,'no','one'),
	(1837,1135,'831',600,42.00,10,'no','one'),
	(1838,1135,'774',570,39.90,15,'no','one'),
	(1839,1136,'774',570,39.90,10,'no','one'),
	(1840,1137,'774',590,41.30,5,'no','one'),
	(1841,1138,'774',570,39.90,20,'no','one'),
	(1842,1138,'831',600,42.00,6,'no','one'),
	(1843,1138,'824',800,56.00,5,'no','one'),
	(1844,1139,'830',450,31.50,20,'no','one'),
	(1845,1140,'774',550,38.50,15,'no','one'),
	(1846,1141,'824',820,57.40,1,'no','one'),
	(1847,1142,'774',500,35.00,20,'no','one'),
	(1848,1143,'774',500,35.00,10,'no','one'),
	(1849,1144,'774',570,39.90,1,'no','one'),
	(1850,1145,'774',550,38.50,5,'no','one'),
	(1851,1146,'774',500,35.00,30,'no','one'),
	(1852,1146,'830',400,28.00,10,'no','one'),
	(1853,1147,'830',400,28.00,10,'no','one'),
	(1854,1148,'774',500,35.00,10,'no','one'),
	(1855,1148,'830',400,28.00,30,'no','one'),
	(1856,1149,'774',500,35.00,10,'no','one'),
	(1857,1150,'774',550,38.50,1,'no','one'),
	(1858,1151,'832',950,66.50,1,'no','one'),
	(1859,1152,'832',900,63.00,10,'no','one'),
	(1860,1154,'832',900,63.00,10,'no','one'),
	(1861,1155,'774',500,35.00,10,'no','one'),
	(1862,1156,'774',500,35.00,30,'no','one'),
	(1863,1157,'830',400,28.00,10,'no','one'),
	(1864,1158,'774',500,35.00,10,'no','one'),
	(1865,1159,'830',400,28.00,10,'no','one'),
	(1866,1160,'774',500,35.00,10,'no','one'),
	(1867,1161,'774',550,38.50,10,'no','one'),
	(1868,1163,'774',500,35.00,15,'no','one'),
	(1869,1164,'830',400,28.00,20,'no','one'),
	(1870,1165,'774',500,35.00,5,'no','one'),
	(1871,1165,'830',400,28.00,5,'no','one'),
	(1872,1166,'824',800,56.00,10,'no','one'),
	(1873,1167,'774',500,35.00,10,'no','one'),
	(1874,1168,'774',500,35.00,10,'no','one'),
	(1875,1169,'832',900,63.00,10,'no','one'),
	(1876,1170,'774',500,35.00,10,'no','one'),
	(1877,1171,'830',400,28.00,25,'no','one'),
	(1878,1172,'774',500,35.00,10,'no','one'),
	(1879,1173,'830',400,28.00,57,'no','one'),
	(1880,1175,'774',500,35.00,20,'no','one'),
	(1881,1176,'774',500,35.00,10,'no','one'),
	(1882,1177,'774',500,35.00,20,'no','one'),
	(1883,1178,'774',500,35.00,20,'no','one'),
	(1884,1180,'830',400,28.00,56,'no','one'),
	(1885,1181,'774',500,35.00,5,'no','one'),
	(1886,1182,'774',500,35.00,10,'no','one'),
	(1887,1183,'774',500,35.00,20,'no','one'),
	(1888,1184,'774',500,35.00,10,'no','one'),
	(1889,1186,'774',500,35.00,20,'no','one'),
	(1890,1187,'800',0,0.00,5,'no','one'),
	(1891,1188,'824',800,56.00,5,'no','one'),
	(1892,1189,'774',500,35.00,10,'no','one'),
	(1893,1190,'774',500,35.00,15,'no','one'),
	(1894,1191,'774',500,35.00,20,'no','one'),
	(1895,1192,'774',450,31.50,10,'no','one'),
	(1896,1193,'774',450,31.50,10,'no','one'),
	(1897,1194,'774',450,31.50,10,'no','one'),
	(1898,1196,'774',500,35.00,35,'no','one'),
	(1899,1197,'824',800,56.00,1,'no','one'),
	(1900,1198,'774',450,31.50,10,'no','one'),
	(1901,1199,'774',450,31.50,10,'no','one'),
	(1902,1200,'774',450,31.50,20,'no','one'),
	(1903,1201,'774',450,31.50,20,'no','one'),
	(1904,1202,'774',470,32.90,5,'no','one'),
	(1905,1203,'774',470,32.90,1,'no','one'),
	(1906,1204,'774',450,31.50,10,'no','one'),
	(1907,1205,'824',800,56.00,10,'no','one'),
	(1908,1206,'774',450,31.50,3,'no','one'),
	(1909,1207,'774',400,28.00,10,'no','one'),
	(1910,1208,'774',400,28.00,5,'no','one'),
	(1911,1209,'774',400,28.00,10,'no','one'),
	(1912,1210,'774',400,28.00,10,'no','one'),
	(1913,1211,'774',400,28.00,20,'no','one'),
	(1914,1212,'774',400,28.00,20,'no','one'),
	(1915,1213,'774',400,28.00,20,'no','one'),
	(1916,1214,'774',400,28.00,10,'no','one'),
	(1917,1215,'774',400,28.00,30,'no','one'),
	(1918,1216,'774',400,28.00,10,'no','one'),
	(1919,1217,'774',400,28.00,50,'no','one'),
	(1920,1218,'824',800,56.00,5,'no','one'),
	(1921,1219,'774',400,28.00,10,'no','one'),
	(1922,1220,'774',400,28.00,10,'no','one'),
	(1923,1221,'774',400,28.00,10,'no','one'),
	(1924,1222,'774',400,28.00,10,'no','one'),
	(1925,1223,'824',800,56.00,10,'no','one'),
	(1926,1224,'774',400,28.00,10,'no','one'),
	(1927,1225,'774',400,28.00,5,'no','one'),
	(1928,1226,'774',400,28.00,10,'no','one'),
	(1929,1227,'774',400,28.00,10,'no','one'),
	(1930,1228,'774',400,28.00,10,'no','one'),
	(1931,1229,'774',400,28.00,10,'no','one'),
	(1932,1231,'774',400,28.00,10,'no','one'),
	(1933,1232,'774',400,28.00,10,'no','one'),
	(1934,1233,'774',400,28.00,10,'no','one'),
	(1935,1234,'774',400,28.00,20,'no','one'),
	(1936,1235,'774',400,28.00,5,'no','one'),
	(1937,1236,'774',400,28.00,10,'no','one'),
	(1938,1237,'774',400,28.00,10,'no','one'),
	(1939,1239,'774',400,28.00,10,'no','one'),
	(1940,1240,'832',880,61.60,2,'no','one'),
	(1941,1241,'774',400,28.00,10,'no','one'),
	(1942,1242,'774',400,28.00,10,'no','one'),
	(1943,1243,'774',400,28.00,10,'no','one'),
	(1944,1244,'774',400,28.00,10,'no','one'),
	(1945,1245,'774',400,28.00,16,'no','one'),
	(1946,1246,'831',500,35.00,10,'no','one'),
	(1947,1247,'832',390,27.30,5,'no','one'),
	(1948,1247,'835',390,27.30,10,'no','one'),
	(1949,1248,'832',390,27.30,10,'no','one'),
	(1950,1249,'835',390,27.30,20,'no','one'),
	(1951,1250,'835',390,27.30,10,'no','one'),
	(1952,1251,'832',390,27.30,80,'no','one'),
	(1953,1252,'835',390,27.30,50,'no','one'),
	(1954,1253,'835',390,27.30,30,'no','one'),
	(1955,1254,'835',390,27.30,20,'no','one'),
	(1956,1255,'835',390,27.30,10,'no','one'),
	(1957,1256,'824',800,56.00,5,'no','one'),
	(1958,1257,'835',390,27.30,10,'no','one'),
	(1959,1258,'835',390,27.30,30,'no','one'),
	(1960,1259,'835',390,27.30,20,'no','one'),
	(1961,1260,'835',390,27.30,20,'no','one'),
	(1962,1261,'835',390,27.30,15,'no','one'),
	(1963,1262,'835',390,27.30,3,'no','one'),
	(1964,1263,'835',390,27.30,50,'no','one'),
	(1965,1264,'835',390,27.30,20,'no','one'),
	(1966,1265,'835',390,27.30,30,'no','one'),
	(1967,1266,'835',390,27.30,30,'no','one'),
	(1968,1267,'835',390,27.30,30,'no','one'),
	(1969,1268,'835',390,27.30,14,'no','one'),
	(1970,1269,'835',390,27.30,50,'no','one'),
	(1971,1270,'835',390,27.30,20,'no','one'),
	(1972,1271,'824',800,56.00,7,'no','one'),
	(1973,1272,'835',390,27.30,50,'no','one'),
	(1974,1273,'835',390,27.30,10,'no','one'),
	(1975,1274,'835',420,29.40,1,'no','one'),
	(1976,1275,'835',420,29.40,2,'no','one'),
	(1977,1276,'835',390,27.30,30,'no','one'),
	(1978,1277,'835',390,27.30,3,'no','one'),
	(1979,1278,'835',390,27.30,53,'no','one'),
	(1980,1279,'838',390,27.30,20,'no','one'),
	(1981,1280,'839',480,33.60,5,'no','one'),
	(1982,1281,'839',480,33.60,1,'no','one'),
	(1983,1283,'839',480,33.60,1,'no','one'),
	(1984,1284,'838',390,27.30,1,'no','one'),
	(1985,1285,'838',390,27.30,100,'no','one'),
	(1986,1286,'838',390,27.30,20,'no','one'),
	(1987,1287,'838',390,27.30,20,'no','one'),
	(1988,1288,'838',390,27.30,10,'no','one'),
	(1989,1289,'837',450,31.50,1,'no','one'),
	(1990,1290,'843',450,31.50,1,'no','one'),
	(1991,1291,'839',450,31.50,10,'no','one'),
	(1992,1291,'842',380,26.60,10,'no','one'),
	(1993,1292,'839',450,31.50,10,'no','one'),
	(1994,1293,'838',390,27.30,60,'no','one'),
	(1995,1294,'838',390,27.30,10,'no','one'),
	(1996,1295,'842',380,26.60,10,'no','one'),
	(1997,1295,'839',450,31.50,10,'no','one'),
	(1998,1296,'839',450,31.50,20,'no','one'),
	(1999,1297,'838',390,27.30,20,'no','one'),
	(2000,1298,'838',390,27.30,20,'no','one'),
	(2001,1299,'838',390,27.30,20,'no','one'),
	(2002,1300,'842',380,26.60,10,'no','one'),
	(2003,1301,'842',380,26.60,10,'no','one'),
	(2004,1302,'838',390,27.30,20,'no','one'),
	(2005,1303,'843',450,31.50,1,'no','one'),
	(2006,1304,'839',480,33.60,2,'no','one'),
	(2007,1305,'842',380,26.60,20,'no','one'),
	(2008,1306,'842',380,26.60,20,'no','one'),
	(2009,1307,'842',380,26.60,20,'no','one'),
	(2010,1308,'838',390,27.30,30,'no','one'),
	(2011,1309,'839',450,31.50,10,'no','one'),
	(2012,1310,'841',370,25.90,10,'no','one'),
	(2013,1311,'841',370,25.90,5,'no','one'),
	(2014,1312,'841',370,25.90,10,'no','one'),
	(2015,1313,'838',390,27.30,20,'no','one'),
	(2016,1313,'840',370,25.90,5,'no','one'),
	(2017,1314,'838',390,27.30,20,'no','one'),
	(2018,1315,'838',390,27.30,10,'no','one'),
	(2019,1316,'839',500,35.00,2,'no','one'),
	(2020,1317,'838',390,27.30,30,'no','one'),
	(2021,1318,'838',390,27.30,30,'no','one'),
	(2022,1319,'842',380,26.60,10,'no','one'),
	(2023,1320,'839',450,31.50,10,'no','one'),
	(2024,1321,'839',450,31.50,10,'no','one'),
	(2025,1321,'840',370,25.90,5,'no','one'),
	(2026,1321,'841',370,25.90,5,'no','one'),
	(2027,1322,'838',390,27.30,20,'no','one'),
	(2028,1323,'838',390,27.30,30,'no','one'),
	(2029,1324,'838',390,27.30,20,'no','one'),
	(2030,1324,'839',450,31.50,10,'no','one'),
	(2031,1324,'840',370,25.90,5,'no','one'),
	(2032,1324,'841',370,25.90,5,'no','one'),
	(2033,1325,'838',390,27.30,20,'no','one'),
	(2034,1325,'842',380,26.60,10,'no','one'),
	(2035,1325,'840',370,25.90,5,'no','one'),
	(2036,1325,'841',370,25.90,5,'no','one'),
	(2037,1326,'838',390,27.30,50,'no','one'),
	(2038,1327,'838',390,27.30,100,'no','one'),
	(2039,1328,'838',420,29.40,10,'no','one'),
	(2040,1329,'838',420,29.40,10,'no','one'),
	(2041,1330,'839',450,31.50,10,'no','one'),
	(2042,1331,'842',380,26.60,20,'no','one'),
	(2043,1332,'838',390,27.30,15,'no','one'),
	(2044,1332,'842',380,26.60,10,'no','one'),
	(2045,1332,'840',370,25.90,5,'no','one'),
	(2046,1333,'842',380,26.60,10,'no','one'),
	(2047,1334,'838',420,29.40,4,'no','one'),
	(2048,1334,'839',480,33.60,4,'no','one'),
	(2049,1335,'838',420,29.40,1,'no','one'),
	(2050,1336,'838',420,29.40,1,'no','one'),
	(2051,1337,'837',450,31.50,20,'no','one'),
	(2052,1338,'837',400,28.00,20,'no','one'),
	(2053,1339,'842',380,26.60,15,'no','one'),
	(2054,1340,'837',400,28.00,80,'no','one'),
	(2055,1341,'837',400,28.00,20,'no','one'),
	(2056,1341,'839',450,31.50,10,'no','one'),
	(2057,1342,'842',380,26.60,10,'no','one'),
	(2058,1343,'837',400,28.00,10,'no','one'),
	(2059,1344,'837',400,28.00,10,'no','one'),
	(2060,1345,'837',400,28.00,80,'no','one'),
	(2061,1346,'837',400,28.00,20,'no','one'),
	(2062,1346,'839',450,31.50,10,'no','one'),
	(2063,1347,'842',380,26.60,10,'no','one'),
	(2064,1348,'837',400,28.00,10,'no','one'),
	(2065,1349,'842',380,26.60,5,'no','one'),
	(2066,1350,'837',400,28.00,30,'no','one'),
	(2067,1351,'837',400,28.00,50,'no','one'),
	(2068,1352,'839',450,31.50,10,'no','one'),
	(2069,1352,'837',400,28.00,20,'no','one'),
	(2070,1353,'837',400,28.00,10,'no','one'),
	(2071,1354,'837',400,28.00,20,'no','one'),
	(2072,1355,'837',400,28.00,16,'no','one'),
	(2073,1355,'838',390,27.30,10,'no','one'),
	(2074,1355,'837',400,28.00,1,'no','one'),
	(2075,1356,'839',480,33.60,2,'no','one'),
	(2076,1357,'838',420,29.40,1,'no','one'),
	(2077,1358,'838',420,29.40,1,'no','one'),
	(2078,1359,'837',400,28.00,30,'no','one'),
	(2079,1360,'839',480,33.60,2,'no','one'),
	(2080,1361,'841',400,28.00,3,'no','one'),
	(2081,1362,'837',400,28.00,100,'no','one'),
	(2082,1363,'842',380,26.60,5,'no','one'),
	(2083,1364,'838',390,27.30,12,'no','one'),
	(2084,1365,'837',400,28.00,50,'no','one'),
	(2085,1366,'837',400,28.00,20,'no','one'),
	(2086,1367,'837',400,28.00,10,'no','one'),
	(2087,1369,'842',380,26.60,5,'no','one'),
	(2088,1369,'839',450,31.50,5,'no','one'),
	(2089,1369,'837',400,28.00,40,'no','one'),
	(2090,1370,'839',450,31.50,10,'no','one'),
	(2091,1371,'842',380,26.60,10,'no','one'),
	(2092,1372,'837',400,28.00,60,'no','one'),
	(2093,1373,'839',450,31.50,6,'no','one'),
	(2094,1374,'837',400,28.00,30,'no','one'),
	(2095,1375,'840',400,28.00,3,'no','one'),
	(2096,1376,'840',400,28.00,1,'no','one'),
	(2097,1377,'840',400,28.00,3,'no','one'),
	(2098,1378,'852',420,29.40,20,'no','one'),
	(2099,1379,'852',420,29.40,20,'no','one'),
	(2100,1380,'851',400,28.00,10,'no','one'),
	(2101,1380,'852',420,29.40,10,'no','one'),
	(2102,1381,'853',370,25.90,10,'no','one'),
	(2103,1382,'852',420,29.40,40,'no','one'),
	(2104,1383,'853',370,25.90,5,'no','one'),
	(2105,1383,'852',420,29.40,10,'no','one'),
	(2106,1383,'851',400,28.00,10,'no','one'),
	(2107,1383,'850',400,28.00,20,'no','one'),
	(2108,1384,'852',420,29.40,40,'no','one'),
	(2109,1384,'853',370,25.90,10,'no','one'),
	(2110,1385,'852',420,29.40,15,'no','one'),
	(2111,1386,'852',420,29.40,15,'no','one'),
	(2112,1387,'852',420,29.40,20,'no','one'),
	(2113,1387,'851',400,28.00,5,'no','one'),
	(2114,1387,'853',370,25.90,10,'no','one'),
	(2115,1388,'849',350,24.50,5,'no','one'),
	(2116,1389,'853',400,28.00,3,'no','one'),
	(2117,1389,'840',400,28.00,2,'no','one'),
	(2118,1390,'852',420,29.40,15,'no','one'),
	(2119,1391,'852',420,29.40,15,'no','one'),
	(2120,1392,'852',420,29.40,30,'no','one'),
	(2121,1393,'852',420,29.40,15,'no','one'),
	(2122,1394,'852',420,29.40,40,'no','one'),
	(2123,1394,'850',400,28.00,10,'no','one'),
	(2124,1394,'853',370,25.90,20,'no','one'),
	(2125,1395,'849',350,24.50,20,'no','one'),
	(2126,1395,'853',370,25.90,10,'no','one'),
	(2127,1395,'852',420,29.40,10,'no','one'),
	(2128,1396,'852',420,29.40,20,'no','one'),
	(2129,1397,'852',420,29.40,20,'no','one'),
	(2130,1398,'849',350,24.50,30,'no','one'),
	(2131,1399,'849',350,24.50,30,'no','one'),
	(2132,1400,'850',400,28.00,5,'no','one'),
	(2133,1401,'849',350,24.50,15,'no','one'),
	(2134,1402,'850',400,28.00,13,'no','one'),
	(2135,1403,'850',400,28.00,2,'no','one'),
	(2136,1404,'852',420,29.40,10,'no','one'),
	(2137,1404,'853',370,25.90,5,'no','one'),
	(2138,1405,'840',370,25.90,10,'no','one'),
	(2139,1406,'852',470,32.90,1,'no','one'),
	(2140,1407,'852',420,29.40,50,'no','one'),
	(2141,1407,'853',370,25.90,15,'no','one'),
	(2142,1408,'852',420,29.40,20,'no','one'),
	(2143,1409,'852',420,29.40,40,'no','one'),
	(2144,1410,'852',420,29.40,20,'no','one'),
	(2145,1410,'851',400,28.00,30,'no','one'),
	(2146,1411,'852',420,29.40,10,'no','one'),
	(2147,1412,'852',450,31.50,10,'no','one'),
	(2148,1412,'853',400,28.00,5,'no','one'),
	(2149,1413,'852',420,29.40,20,'no','one'),
	(2150,1414,'853',370,25.90,5,'no','one'),
	(2151,1415,'851',400,28.00,50,'no','one'),
	(2152,1415,'852',420,29.40,50,'no','one'),
	(2153,1416,'853',370,25.90,10,'no','one'),
	(2154,1417,'852',420,29.40,50,'no','one'),
	(2155,1419,'852',420,29.40,50,'no','one'),
	(2156,1420,'853',370,25.90,10,'no','one'),
	(2157,1421,'853',370,25.90,10,'no','one'),
	(2158,1422,'853',370,25.90,15,'no','one'),
	(2159,1423,'853',370,25.90,15,'no','one'),
	(2160,1424,'853',370,25.90,5,'no','one'),
	(2161,1425,'853',370,25.90,1,'no','one'),
	(2162,1426,'853',370,25.90,10,'no','one'),
	(2163,1427,'849',350,24.50,100,'no','one'),
	(2164,1428,'851',450,31.50,3,'no','one'),
	(2165,1428,'849',380,26.60,3,'no','one'),
	(2166,1429,'853',370,25.90,10,'no','one'),
	(2167,1430,'854',350,24.50,10,'no','one'),
	(2168,1431,'858',370,25.90,3,'no','one'),
	(2169,1432,'849',350,24.50,20,'no','one'),
	(2170,1433,'852',420,29.40,30,'no','one'),
	(2171,1434,'851',400,28.00,10,'no','one'),
	(2172,1435,'853',370,25.90,10,'no','one'),
	(2173,1436,'851',400,28.00,50,'no','one'),
	(2174,1437,'840',400,28.00,2,'no','one'),
	(2175,1437,'841',400,28.00,3,'no','one'),
	(2176,1438,'853',370,25.90,10,'no','one'),
	(2177,1439,'853',370,25.90,20,'no','one'),
	(2178,1440,'853',370,25.90,20,'no','one'),
	(2179,1441,'852',420,29.40,10,'no','one'),
	(2180,1442,'852',420,29.40,30,'no','one'),
	(2181,1442,'854',350,24.50,10,'no','one'),
	(2182,1443,'854',350,24.50,10,'no','one'),
	(2183,1443,'852',420,29.40,30,'no','one'),
	(2184,1444,'849',350,24.50,100,'no','one'),
	(2185,1444,'850',400,28.00,20,'no','one'),
	(2186,1444,'853',370,25.90,20,'no','one'),
	(2187,1445,'853',370,25.90,5,'no','one'),
	(2188,1446,'852',420,29.40,20,'no','one'),
	(2189,1447,'849',350,24.50,10,'no','one'),
	(2190,1448,'849',350,24.50,10,'no','one'),
	(2191,1449,'853',370,25.90,10,'no','one'),
	(2192,1450,'858',320,22.40,5,'no','one'),
	(2193,1451,'851',450,31.50,5,'no','one'),
	(2194,1451,'840',400,28.00,3,'no','one'),
	(2195,1451,'841',400,28.00,3,'no','one'),
	(2196,1452,'851',380,26.60,20,'no','one'),
	(2197,1453,'853',370,25.90,20,'no','one'),
	(2327,1558,'2001',16,1.12,1,'','one'),
	(2199,1455,'852',400,28.00,30,'no','one'),
	(2200,1455,'853',370,25.90,10,'no','one'),
	(2201,1456,'853',400,28.00,10,'no','one'),
	(2202,1457,'840',400,28.00,3,'no','one'),
	(2203,1457,'841',400,28.00,3,'no','one'),
	(2204,1457,'851',400,28.00,10,'no','one'),
	(2205,1458,'854',320,22.40,10,'no','one'),
	(2206,1458,'852',400,28.00,20,'no','one'),
	(2207,1459,'854',320,22.40,5,'no','one'),
	(2208,1460,'852',400,28.00,30,'no','one'),
	(2209,1461,'849',350,24.50,10,'no','one'),
	(2210,1461,'851',380,26.60,10,'no','one'),
	(2211,1462,'854',320,22.40,20,'no','one'),
	(2212,1462,'853',370,25.90,20,'no','one'),
	(2213,1463,'852',400,28.00,10,'no','one'),
	(2214,1464,'851',380,26.60,30,'no','one'),
	(2215,1465,'851',380,26.60,20,'no','one'),
	(2216,1466,'852',400,28.00,10,'no','one'),
	(2217,1467,'851',380,26.60,50,'no','one'),
	(2218,1468,'858',320,22.40,10,'no','one'),
	(2219,1469,'852',400,28.00,40,'no','one'),
	(2220,1470,'858',320,22.40,20,'no','one'),
	(2221,1471,'858',320,22.40,20,'no','one'),
	(2222,1472,'849',350,24.50,20,'no','one'),
	(2223,1473,'852',400,28.00,27,'no','one'),
	(2224,1473,'851',380,26.60,20,'no','one'),
	(2225,1474,'858',320,22.40,10,'no','one'),
	(2226,1475,'849',350,24.50,20,'no','one'),
	(2227,1476,'851',400,28.00,50,'no','one'),
	(2228,1477,'851',380,26.60,50,'no','one'),
	(2229,1478,'852',400,28.00,30,'no','one'),
	(2230,1479,'849',350,24.50,107,'no','one'),
	(2231,1480,'852',400,28.00,20,'no','one'),
	(2232,1481,'852',400,28.00,10,'no','one'),
	(2233,1481,'853',370,25.90,5,'no','one'),
	(2234,1482,'853',370,25.90,5,'no','one'),
	(2235,1483,'857',350,24.50,5,'no','one'),
	(2236,1484,'858',320,22.40,20,'no','one'),
	(2237,1485,'858',320,22.40,5,'no','one'),
	(2238,1486,'853',370,25.90,10,'no','one'),
	(2239,1487,'853',370,25.90,10,'no','one'),
	(2240,1488,'858',350,24.50,5,'no','one'),
	(2241,1488,'853',400,28.00,3,'no','one'),
	(2242,1488,'840',400,28.00,3,'no','one'),
	(2243,1489,'854',320,22.40,10,'no','one'),
	(2244,1490,'852',400,28.00,20,'no','one'),
	(2245,1491,'853',370,25.90,10,'no','one'),
	(2246,1492,'853',370,25.90,10,'no','one'),
	(2247,1493,'853',370,25.90,10,'no','one'),
	(2248,1493,'852',400,28.00,32,'no','one'),
	(2249,1494,'853',370,25.90,10,'no','one'),
	(2250,1495,'858',320,22.40,10,'no','one'),
	(2251,1496,'857',320,22.40,10,'no','one'),
	(2252,1496,'858',320,22.40,10,'no','one'),
	(2253,1497,'858',320,22.40,20,'no','one'),
	(2254,1498,'853',370,25.90,20,'no','one'),
	(2255,1499,'851',400,28.00,2,'no','one'),
	(2256,1500,'851',380,26.60,20,'no','one'),
	(2257,1501,'853',370,25.90,20,'no','one'),
	(2259,1503,'853',370,25.90,10,'no','one'),
	(2260,1504,'851',380,26.60,15,'no','one'),
	(2261,1505,'851',380,26.60,15,'no','one'),
	(2262,1506,'853',370,25.90,10,'no','one'),
	(2288,1529,'857',450,31.50,5,'no','one'),
	(2267,1520,'857',450,31.50,2,'no','one'),
	(2266,1520,'857',450,31.50,1,'no','one'),
	(2268,1521,'857',450,31.50,1,'no','one'),
	(2269,1521,'857',450,31.50,1,'no','one'),
	(2270,1521,'857',450,31.50,1,'no','one'),
	(2271,1522,'857',450,31.50,2,'no','one'),
	(2272,1522,'857',450,31.50,3,'no','one'),
	(2273,1522,'857',450,31.50,1,'no','one'),
	(2274,1523,'v',0,0.00,0,'no','one'),
	(2275,1523,'a',0,0.00,0,'no','one'),
	(2276,1523,'c',0,0.00,0,'no','one'),
	(2277,1524,'v',0,0.00,0,'no','one'),
	(2278,1524,'a',0,0.00,0,'no','one'),
	(2279,1524,'c',0,0.00,0,'no','one'),
	(2280,1525,'857',450,31.50,1,'no','one'),
	(2281,1525,'857',450,31.50,2,'no','one'),
	(2282,1525,'857',450,31.50,3,'no','one'),
	(2283,1526,'857',450,31.50,10,'no','one'),
	(2284,1527,'857',450,31.50,1,'no','one'),
	(2287,1529,'857',450,31.50,1,'no','one'),
	(2292,1531,'860',0,0.00,1,'no','one'),
	(2291,1531,'857',450,31.50,1,'no','one'),
	(2293,1532,'857',450,31.50,1,'no','one'),
	(2294,1533,'857',450,31.50,1,'no','one'),
	(2295,1534,'857',450,31.50,1,'no','one'),
	(2296,1535,'857',450,31.50,1,'no','one'),
	(2297,1536,'857',450,31.50,1,'no','one'),
	(2298,1537,'2001',16,1.12,1,'no','one'),
	(2299,1537,'3001',690,48.30,1,'no','one'),
	(2300,1538,'2001',16,1.12,1,'no','one'),
	(2301,1538,'3001',690,48.30,1,'no','one'),
	(2302,1539,'2001',16,1.12,1,'no','one'),
	(2303,1539,'3001',690,48.30,1,'no','one'),
	(2304,1540,'2001',16,1.12,1,'no','one'),
	(2305,1541,'2001',16,1.12,1,'no','one'),
	(2306,1542,'2001',16,1.12,1,'no','one'),
	(2307,1550,'2001',16,1.12,1,'no','one'),
	(2308,1550,'858',0,0.00,1,'no','one'),
	(2309,1550,'3001',690,48.30,1,'no','one'),
	(2310,1551,'2001',16,1.12,1,'no','one'),
	(2311,1551,'858',0,0.00,1,'no','one'),
	(2312,1551,'3001',690,48.30,1,'no','one'),
	(2313,1552,'2001',16,1.12,1,'no','one'),
	(2314,1552,'858',0,0.00,1,'no','one'),
	(2315,1552,'3001',690,48.30,1,'no','one'),
	(2316,1553,'756',950,66.50,1,'no','one'),
	(2317,1554,'857',450,31.50,1,'no','one'),
	(2318,1554,'2001',16,1.12,6,'no','one'),
	(2319,1554,'857',450,31.50,1,'no','one'),
	(2320,1554,'2001',16,1.12,1,'no','one'),
	(2321,1555,'2001',16,1.12,1,'no','one'),
	(2322,1556,'2001',16,1.12,20,'no','one'),
	(2323,1556,'2001',16,1.12,1,'no','one'),
	(2329,1558,'0310293001387113039',900,63.00,1,'','one'),
	(2325,1557,'857',450,31.50,3,'no','one'),
	(2328,1558,'857',450,31.50,1,'','one'),
	(2330,1559,'2001',16,1.12,1,'','one'),
	(2331,1559,'857',450,31.50,1,'','one'),
	(2332,1559,'0310293001387113039',900,63.00,1,'','one'),
	(2333,1560,'3001',690,48.30,2,'no','one'),
	(2334,1560,'3001',690,48.30,1,'no','one'),
	(2335,1560,'3001',690,48.30,1,'no','one'),
	(2336,1560,'3001',690,48.30,1,'no','one'),
	(2337,1561,'109745TH',850,59.50,1,'','one'),
	(2338,1561,'3001',690,48.30,1,'','one'),
	(2339,1561,'0310293001387113039',900,63.00,1,'','one'),
	(2340,1562,'109745TH',850,59.50,1,'','one'),
	(2341,1562,'3001',690,48.30,1,'','one'),
	(2342,1563,'109745TH',850,59.50,1,'','one'),
	(2343,1563,'3001',690,48.30,1,'','one'),
	(2344,1564,'109745TH',850,59.50,1,'','one'),
	(2345,1564,'2001',16,1.12,1,'','one'),
	(2346,1565,'109745TH',850,59.50,1,'','one'),
	(2347,1565,'3001',690,48.30,1,'','one'),
	(2348,1566,'109745TH',850,59.50,1,'','one'),
	(2349,1566,'3001',690,48.30,1,'','one'),
	(2350,1567,'109745TH',850,59.50,1,'','one'),
	(2351,1567,'3001',690,48.30,1,'','one'),
	(2352,1568,'109745TH',850,59.50,1,'','one'),
	(2353,1569,'109745TH',850,59.50,1,'','one'),
	(2354,1570,'109745TH',850,59.50,1,'','one'),
	(2355,1571,'109745TH',850,59.50,1,'','one'),
	(2356,1571,'3001',690,48.30,1,'','one'),
	(2357,1571,'0310293001387113039',900,63.00,1,'','one'),
	(2358,1572,'109745TH',850,59.50,1,'','one'),
	(2359,1572,'3001',690,48.30,1,'','one'),
	(2360,1573,'0310293001387113039',900,63.00,1,'','one'),
	(2361,1574,'109745TH',850,59.50,1,'','one'),
	(2362,1575,'3001',690,48.30,1,'','one'),
	(2363,1575,'3001',690,48.30,1,'','one'),
	(2364,1576,'3001',690,48.30,1,'','one'),
	(2365,1576,'3001',690,48.30,1,'','one'),
	(2366,1577,'3001',690,48.30,1,'','one'),
	(2367,1577,'3001',690,48.30,1,'','one'),
	(2368,1578,'3001',690,48.30,1,'','one'),
	(2369,1578,'3001',690,48.30,1,'','one'),
	(2370,1578,'3001',690,48.30,1,'','one'),
	(2371,1579,'3001',690,48.30,1,'','one'),
	(2372,1580,'3001',690,48.30,1,'','one'),
	(2373,1581,'3001',690,48.30,1,'','one'),
	(2374,1581,'3001',690,48.30,1,'','one'),
	(2375,1582,'3001',690,48.30,1,'','one'),
	(2376,1583,'3001',630,44.10,1,'','one'),
	(2377,1584,'109745TH',820,57.40,1,'','one'),
	(2378,1584,'3001',630,44.10,1,'','one'),
	(2379,1585,'3001',3500,245.00,1,'','one'),
	(2380,1585,'3001',3500,245.00,1,'','one'),
	(2381,1585,'0310293001387113039',836,58.56,1,'','one'),
	(2382,1586,'3001',3500,245.00,1,'','one'),
	(2383,1587,'3001',3500,245.00,1,'','one'),
	(2384,1587,'3001',3500,245.00,1,'','one'),
	(2385,1587,'3001',3500,245.00,1,'','one'),
	(2386,1588,'3001',3500,245.00,1,'','one'),
	(2387,1588,'3001',3500,245.00,1,'','one'),
	(2388,1588,'3001',3500,245.00,1,'','one'),
	(2389,1589,'0310293001387113039',836,58.56,1,'','one'),
	(2390,1589,'850',-5,-0.38,1,'','one'),
	(2391,1589,'109745TH',806,56.48,1,'','one'),
	(2392,1590,'3001',3500,245.00,2,'no','one'),
	(2393,1590,'109745TH',806,56.48,3,'no','one'),
	(2394,1590,'3001',3500,245.00,1,'','one'),
	(2395,1591,'3001',3500,245.00,1,'','one'),
	(2396,1592,'3001',3500,245.00,1,'','one'),
	(2397,1592,'2001',11,0.77,1,'','one'),
	(2398,1593,'998887',20,1.40,1,'','one'),
	(2399,1594,'8854698010009',15,1.05,1,'','one'),
	(2400,1594,'8854698011119',120,8.40,1,'','one'),
	(2401,1595,'109745TH',806,56.48,1,'','one'),
	(2402,1596,'109745TH',806.85,56.48,1,'','one'),
	(2403,1596,'0310293001387113039',836.55,58.56,1,'','one'),
	(2404,1597,'3001',3500,245.00,1,'','one'),
	(2405,1597,'8850188251105',10,0.70,1,'','one'),
	(2406,1597,'8854698010009',15,1.05,1,'','one'),
	(2407,1597,'109745TH',806.85,56.48,1,'','one'),
	(2408,1597,'998887',20,1.40,1,'','one'),
	(2409,1597,'8850188251105',9.5,0.66,10,'','one'),
	(2410,1597,'8850188251105',9.5,0.66,15,'','one'),
	(2411,1597,'8850188251105',9,0.63,25,'','one'),
	(2412,1597,'8850188251105',9,0.63,35,'','one'),
	(2413,1597,'8850188251105',8.8,0.62,45,'','one'),
	(2414,1598,'3001',3500,245.00,1,'','one'),
	(2415,1598,'998887',20,1.40,1,'','one'),
	(2416,1599,'8850188251105',10,0.70,1,'','one'),
	(2417,1599,'109745TH',806.85,56.48,1,'','one');

/*!40000 ALTER TABLE `tb_bill_sale_detail` ENABLE KEYS */;
UNLOCK TABLES;


# Dump of table tb_bill_sale_temp
# ------------------------------------------------------------

DROP TABLE IF EXISTS `tb_bill_sale_temp`;

CREATE TABLE `tb_bill_sale_temp` (
  `product_total` int(11) DEFAULT NULL,
  `product_name` varchar(255) DEFAULT NULL,
  `product_price` int(5) DEFAULT NULL,
  `bill_id` int(11) DEFAULT NULL
) ENGINE=InnoDB DEFAULT CHARSET=utf8;



# Dump of table tb_box
# ------------------------------------------------------------

DROP TABLE IF EXISTS `tb_box`;

CREATE TABLE `tb_box` (
  `box_id` int(11) NOT NULL AUTO_INCREMENT,
  `box_name` varchar(255) COLLATE utf8_unicode_ci NOT NULL,
  `box_total_per_unit` int(5) NOT NULL,
  `box_detail` text COLLATE utf8_unicode_ci NOT NULL,
  `box_created_date` datetime NOT NULL,
  PRIMARY KEY (`box_id`)
) ENGINE=MyISAM DEFAULT CHARSET=utf8 COLLATE=utf8_unicode_ci;

LOCK TABLES `tb_box` WRITE;
/*!40000 ALTER TABLE `tb_box` DISABLE KEYS */;

INSERT INTO `tb_box` (`box_id`, `box_name`, `box_total_per_unit`, `box_detail`, `box_created_date`)
VALUES
	(1,'แพค 24 ชิ้น',24,'','2011-04-04 13:37:35'),
	(2,'แพค 6 ชิ้น',6,'','2011-04-04 13:38:44'),
	(4,'แพค 12 ชิ้น',12,'','2011-04-05 02:47:09'),
	(5,'แพค 36 ชิ้น',36,'','2011-04-05 02:47:22');

/*!40000 ALTER TABLE `tb_box` ENABLE KEYS */;
UNLOCK TABLES;


# Dump of table tb_branch
# ------------------------------------------------------------

DROP TABLE IF EXISTS `tb_branch`;

CREATE TABLE `tb_branch` (
  `branch_id` int(11) NOT NULL AUTO_INCREMENT,
  `branch_name` varchar(255) DEFAULT NULL,
  `branch_tel` varchar(255) DEFAULT NULL,
  `branch_email` varchar(255) DEFAULT NULL,
  `branch_address` text,
  `branch_created_date` datetime DEFAULT NULL,
  PRIMARY KEY (`branch_id`)
) ENGINE=InnoDB DEFAULT CHARSET=utf8;

LOCK TABLES `tb_branch` WRITE;
/*!40000 ALTER TABLE `tb_branch` DISABLE KEYS */;

INSERT INTO `tb_branch` (`branch_id`, `branch_name`, `branch_tel`, `branch_email`, `branch_address`, `branch_created_date`)
VALUES
	(1,'สำนักงานใหญ่','074214139','','อ.หาดใหญ่','2011-12-17 15:29:54'),
	(2,'ตลาดพงษ์เจริญ','074582441','','ตลาดพงศ์เจริญ','2011-12-17 17:06:34'),
	(3,'สาขาวารินชำราบ','0123456789','','53 หมู่ 7 ถนนวาริน เดชอุดม ตำบลนาเจริญ อำเภอวารินชำราบ จังหวัดอุบลราชธานี','2013-12-15 13:16:29');

/*!40000 ALTER TABLE `tb_branch` ENABLE KEYS */;
UNLOCK TABLES;


# Dump of table tb_client
# ------------------------------------------------------------

DROP TABLE IF EXISTS `tb_client`;

CREATE TABLE `tb_client` (
  `id` int(11) NOT NULL AUTO_INCREMENT,
  `client_name` varchar(255) DEFAULT NULL,
  `client_score` int(11) DEFAULT NULL,
  `client_regis_date` date DEFAULT NULL,
  `client_serial` varchar(20) DEFAULT NULL,
  PRIMARY KEY (`id`)
) ENGINE=InnoDB DEFAULT CHARSET=utf8;

LOCK TABLES `tb_client` WRITE;
/*!40000 ALTER TABLE `tb_client` DISABLE KEYS */;

INSERT INTO `tb_client` (`id`, `client_name`, `client_score`, `client_regis_date`, `client_serial`)
VALUES
	(1,'A1001',2896,'2012-08-16',NULL);

/*!40000 ALTER TABLE `tb_client` ENABLE KEYS */;
UNLOCK TABLES;


# Dump of table tb_customer
# ------------------------------------------------------------

DROP TABLE IF EXISTS `tb_customer`;

CREATE TABLE `tb_customer` (
  `id` int(11) NOT NULL AUTO_INCREMENT,
  `customer_name` varchar(255) NOT NULL,
  `customer_tel` varchar(255) NOT NULL,
  `customer_email` varchar(255) NOT NULL,
  `customer_code` varchar(13) NOT NULL,
  `customer_sex` enum('f','m') NOT NULL,
  `customer_created_date` datetime NOT NULL,
  `customer_birth_date` date NOT NULL,
  PRIMARY KEY (`id`)
) ENGINE=InnoDB DEFAULT CHARSET=utf8;



# Dump of table tb_farmer
# ------------------------------------------------------------

DROP TABLE IF EXISTS `tb_farmer`;

CREATE TABLE `tb_farmer` (
  `farmer_id` int(11) NOT NULL AUTO_INCREMENT,
  `farmer_name` varchar(500) COLLATE utf8_unicode_ci NOT NULL,
  `farmer_tel` varchar(50) COLLATE utf8_unicode_ci NOT NULL,
  `farmer_address` text COLLATE utf8_unicode_ci NOT NULL,
  `farmer_created_date` datetime NOT NULL,
  PRIMARY KEY (`farmer_id`)
) ENGINE=MyISAM DEFAULT CHARSET=utf8 COLLATE=utf8_unicode_ci;

LOCK TABLES `tb_farmer` WRITE;
/*!40000 ALTER TABLE `tb_farmer` DISABLE KEYS */;

INSERT INTO `tb_farmer` (`farmer_id`, `farmer_name`, `farmer_tel`, `farmer_address`, `farmer_created_date`)
VALUES
	(5,'ดีมาร์ท','','','2011-08-13 14:44:02'),
	(4,'เฮียตุ่น','0818638208','ตลาดไทย','2011-08-13 11:07:51'),
	(6,'CTG','0125085044','PINANG / MALAYSIA','2012-04-25 08:38:19'),
	(8,'ร้านโฮปอะไหล่การยนต์','','','2013-12-16 18:46:25');

/*!40000 ALTER TABLE `tb_farmer` ENABLE KEYS */;
UNLOCK TABLES;


# Dump of table tb_group_product
# ------------------------------------------------------------

DROP TABLE IF EXISTS `tb_group_product`;

CREATE TABLE `tb_group_product` (
  `group_product_id` int(5) NOT NULL AUTO_INCREMENT,
  `group_product_code` varchar(50) COLLATE utf8_unicode_ci NOT NULL,
  `group_product_name` varchar(255) COLLATE utf8_unicode_ci NOT NULL,
  `group_product_detail` text COLLATE utf8_unicode_ci NOT NULL,
  `group_product_created_date` datetime NOT NULL,
  `group_product_last_update` datetime NOT NULL,
  PRIMARY KEY (`group_product_id`)
) ENGINE=MyISAM DEFAULT CHARSET=utf8 COLLATE=utf8_unicode_ci;

LOCK TABLES `tb_group_product` WRITE;
/*!40000 ALTER TABLE `tb_group_product` DISABLE KEYS */;

INSERT INTO `tb_group_product` (`group_product_id`, `group_product_code`, `group_product_name`, `group_product_detail`, `group_product_created_date`, `group_product_last_update`)
VALUES
	(93,'101','ROYAL GALA','','2011-09-16 14:18:12','2011-09-16 14:18:12'),
	(94,'102','PINK','','2011-09-16 14:19:33','2011-09-16 14:19:33'),
	(95,'103','Green Apple','','2011-09-16 14:19:56','2011-09-16 14:19:56'),
	(96,'104','FUJI','','2011-09-16 14:20:36','2011-09-16 14:20:36'),
	(97,'105','พลับ','','2011-09-16 14:21:06','2011-09-16 14:21:06'),
	(98,'106','ทับทิม','','2011-09-16 14:21:15','2011-09-16 14:21:15'),
	(99,'107','เชอรี่','','2011-09-16 14:21:29','2011-09-16 14:21:29'),
	(100,'108','ส้ม','','2011-09-16 14:21:42','2011-09-16 14:21:42'),
	(101,'109','องุ่น','','2011-09-16 14:22:01','2011-09-16 14:22:01'),
	(102,'110','ลูกแพร่','','2011-09-16 14:22:31','2011-09-16 14:22:31'),
	(103,'109','องุ่นแดง [ไม่มีเมล็ด] กล่องโฟม','','2011-09-22 07:30:11','2011-09-22 07:30:11'),
	(104,'111','apple','','2010-01-01 18:56:50','2010-01-01 18:56:50'),
	(105,'1112','สาลี่','','2010-01-01 18:57:04','2010-01-01 18:57:04'),
	(106,'113','แก้วมังกร','','2010-01-01 18:57:23','2010-01-01 18:57:23'),
	(107,'114','แตงจีน','','2010-01-01 18:57:37','2010-01-01 18:57:37'),
	(108,'015','อาหาร - เครื่องดื่ม','','2014-09-15 19:19:17','2014-09-15 19:19:17');

/*!40000 ALTER TABLE `tb_group_product` ENABLE KEYS */;
UNLOCK TABLES;


# Dump of table tb_group_product_box
# ------------------------------------------------------------

DROP TABLE IF EXISTS `tb_group_product_box`;

CREATE TABLE `tb_group_product_box` (
  `group_product_id` int(11) NOT NULL,
  `box_id` int(11) NOT NULL
) ENGINE=MyISAM DEFAULT CHARSET=utf8 COLLATE=utf8_unicode_ci;

LOCK TABLES `tb_group_product_box` WRITE;
/*!40000 ALTER TABLE `tb_group_product_box` DISABLE KEYS */;

INSERT INTO `tb_group_product_box` (`group_product_id`, `box_id`)
VALUES
	(1,5),
	(2,4),
	(2,1),
	(2,5),
	(1,1);

/*!40000 ALTER TABLE `tb_group_product_box` ENABLE KEYS */;
UNLOCK TABLES;


# Dump of table tb_import_product
# ------------------------------------------------------------

DROP TABLE IF EXISTS `tb_import_product`;

CREATE TABLE `tb_import_product` (
  `import_product_id` int(11) NOT NULL AUTO_INCREMENT,
  `product_id` int(11) NOT NULL,
  `import_product_total` int(5) NOT NULL,
  `import_product_price` int(4) NOT NULL,
  `import_product_created_date` datetime NOT NULL,
  `farmer_id` int(11) NOT NULL,
  `box_id` int(11) NOT NULL,
  PRIMARY KEY (`import_product_id`)
) ENGINE=MyISAM DEFAULT CHARSET=utf8 COLLATE=utf8_unicode_ci;

LOCK TABLES `tb_import_product` WRITE;
/*!40000 ALTER TABLE `tb_import_product` DISABLE KEYS */;

INSERT INTO `tb_import_product` (`import_product_id`, `product_id`, `import_product_total`, `import_product_price`, `import_product_created_date`, `farmer_id`, `box_id`)
VALUES
	(4,6,3,200,'2011-04-06 10:38:11',1,5),
	(5,8,20,200,'2011-04-06 10:38:34',1,1),
	(6,8,5,250,'2011-04-08 12:21:07',1,4),
	(7,8,3,199,'2011-08-13 11:09:40',4,4);

/*!40000 ALTER TABLE `tb_import_product` ENABLE KEYS */;
UNLOCK TABLES;


# Dump of table tb_member
# ------------------------------------------------------------

DROP TABLE IF EXISTS `tb_member`;

CREATE TABLE `tb_member` (
  `member_id` int(11) NOT NULL AUTO_INCREMENT,
  `member_code` varchar(50) COLLATE utf8_unicode_ci NOT NULL,
  `member_name` varchar(255) COLLATE utf8_unicode_ci NOT NULL,
  `member_tel` varchar(255) COLLATE utf8_unicode_ci NOT NULL,
  `member_address` varchar(255) COLLATE utf8_unicode_ci NOT NULL,
  `member_created_date` datetime NOT NULL,
  `branch_id` int(11) NOT NULL,
  PRIMARY KEY (`member_id`)
) ENGINE=MyISAM DEFAULT CHARSET=utf8 COLLATE=utf8_unicode_ci;

LOCK TABLES `tb_member` WRITE;
/*!40000 ALTER TABLE `tb_member` DISABLE KEYS */;

INSERT INTO `tb_member` (`member_id`, `member_code`, `member_name`, `member_tel`, `member_address`, `member_created_date`, `branch_id`)
VALUES
	(4,'1001','ร้านโส-ตี๋ ผลไม้','081-897-2017','ตลาดพงศ์เจริญ','2011-07-30 06:56:18',0),
	(5,'1002','ร้านพี่แขก','081-766-4747','ตลาดทวีทรัพย์','2011-07-30 06:56:56',0),
	(6,'1003','ร้านอู๊ดผลไม้','089-978-9169','ตลาดทวีทรัพย์','2011-07-30 06:58:03',0),
	(7,'1004','ร้านอ๊อด(เจ๊หลั่น)ผลไม้','083-653-4080','ตลาดทวีทรัพย์','2011-07-30 06:59:35',0),
	(8,'1005','ร้านตุ่ม-ตุ้ย ผลไม้ (แม่ถวิล)','086-963-3163','ตลาดทวีทรัพย์','2011-07-30 07:02:38',0),
	(9,'1006','ร้านบังลอย','081-897-0881','ตลาดทวีทรัพย์','2011-07-30 07:14:24',0),
	(10,'1007','ร้านเจ๊นิด ผลไม้ ','074-233-458','ตลาดทวีทรัพย์','2011-07-30 07:15:19',0),
	(11,'1008','ร้านเจ๊นิดผลไม้','089-876-7690','ตลาดพงศ์เจริญ','2011-07-30 07:16:14',0),
	(12,'1009','ร้านอัญ โชคไทรทอง','081-690-5561','ตลาดทวีทรัพย์','2011-07-30 07:17:15',0),
	(13,'1010','ร้านโบว์','086-969-1188','ตลาดทวีทรัพย์','2011-07-30 07:18:48',0),
	(14,'1011','ร้านโบ๊ต (น้าแวว)','086-697-7088','ตลาดทวีทรัพย์','2011-07-30 07:19:48',0),
	(15,'1012','ร้านเจ๊ลาภ 222','081-679-9964','ตลาดทวีทรัพย์','2011-07-30 07:20:52',0),
	(16,'1013','ร้านปรีชาผลไม้','081-716-8102','ตลาดทวีทรัพย์','2011-07-30 07:21:55',0),
	(17,'1041','ร้านน้าน้อย เบอร์5','0815987152','ปาดังเบซาร์','2011-07-30 07:22:50',0),
	(18,'1015','ร้านยอด (แม่ลำไย)','086-490-4224','ตลาดทวีทรัพย์','2011-07-30 07:23:39',0),
	(19,'1016','ร้านพี่หมู','084-044-2215','ตลาดสด','2011-07-30 07:24:22',0),
	(20,'1017','ร้านพี่ตุ๋ม','0819590264','ตลาดพงศ์เจริญ','2011-09-22 12:03:18',0),
	(21,'1018','ร้านรีแปะส่วน','0815994662','ตลาดพงศ์เจริญ','2012-03-19 10:20:59',0),
	(22,'1019','พี่แอ๋ม','089-877-5654','ร้านสายลม ตลาดกิมหยง','2012-03-19 10:59:25',0),
	(23,'1020','พี่อิ๋ว','089-975-2285','แม่จอย (โกลก)','2012-03-19 13:51:15',0),
	(24,'1021','พี่อิ๋ว','089-975-2285','พี่เรียม (โกลก)','2012-03-19 13:51:52',0),
	(25,'1022','ร้านพี่เขียว','0812770693','ตลาดกิมหยง','2012-03-20 08:53:15',0),
	(26,'1023','ร้านพี่เซาะห์','','แผงนิพัทธ์อุทิศ 2','2012-03-20 10:05:28',0),
	(27,'1024','ร้านม๊ะ','','ทางข้าม (ใกล็ธ.กสิกรไทยกิมหยง)','2012-03-20 10:06:21',0),
	(28,'1025','ร้านน้าเฟาะห์','','ทางข้าม(ใกล้ธ.กสิกรไทยกิมหยง)','2012-03-20 10:07:31',0),
	(29,'1026','ร้านน้าฟีหย๊ะ','','ทางข้าม(ใกล้ธ.กสิกรไทยกิมหยง)','2012-03-20 10:08:17',0),
	(30,'1027','ร้านพี่บ๊ะ','','แผงนิพัทธ์อุทิศ 2','2012-03-20 10:08:51',0),
	(31,'1028','ร้านพี่นีเลาะห์','','แผงนิพัทธ์อุทิศ 2','2012-03-20 10:09:28',0),
	(32,'1029','ร้านพี่พจน์','086-297-8423','แผงนิพัทธ์อุทิศ 2','2012-03-20 10:10:27',0),
	(33,'1030','ร้านพี่หน๊ะ','080-710-6318','แผงนิพัทธ์อุทิศ 2','2012-03-20 10:11:40',0),
	(34,'1031','ร้านพี่ซอด๊ะ','','แผงนิพัทธ์อุทิศ 2 ติดร้านพี่เซาะห์','2012-03-20 10:20:06',0),
	(35,'1032','ร้านพี่ปู (แสงเพชร)','','หลังตลาดกิมหยง','2012-03-24 08:00:15',0),
	(36,'1033','แผงพี่หนู','','หลังตลาดกิมหยง','2012-03-24 08:00:40',0),
	(37,'1034','แผงพี่ติ๊ก','','หลังตลาดกิมหยง','2012-03-24 08:01:14',0),
	(38,'1035','เฮียเล็ก','089-989-6768','ตลาดโพธิ์หวาย  สุราษฎร์','2012-03-25 13:53:43',0),
	(39,'1036','คุณยินดี  ทองชุมนุม','081-969-1652','ปาดังเบซาร์','2012-03-27 09:55:40',0),
	(40,'1037','bui','','สุราษฎร์','2012-04-02 12:52:18',0),
	(41,'1038','พี่เรียม (กิมหยง)','','ตลาดกิมหยง','2012-05-17 10:07:43',0),
	(42,'1039','พี่ป้อม','','ตลาดกิมหยง','2012-05-17 10:08:04',0),
	(43,'1040','ร้านเฮียอ้วน','0819592629','ตลาดพงศ์เจริญ','2012-06-28 11:20:49',0),
	(44,'1041','ร้านน้าน้อย เบอร์5','','ปาดังเบซาร์','2012-06-28 11:32:27',0),
	(45,'1042','ร้านกอบกาญน์ค้าส่งผลไม้','0818962052','ตลาดพงศ์เจริญ','2012-06-30 08:17:38',0),
	(46,'1043','ร้านพี่ติ๋ม(เจ้หลั่น)','','ตลาดพงศ์เจริญ','2012-06-30 12:52:16',0),
	(47,'1044','ร้านเฮียไข่','0815986446','ตลาดพงศ์เจริญ','2012-07-01 10:46:19',0),
	(48,'1045','ร้านโกหิ้นผลไม้','0815987152','ตลาดทวีทรัพย์','2012-08-13 09:54:42',0),
	(49,'1046','ร้านพี่ด๊ะ','0815982353','ตลาดทวีทรัพย์','2012-08-13 10:00:47',0),
	(50,'1047','แป๊บ (โชคไทรทอง)','','','2012-08-24 13:41:38',0),
	(52,'90011','วิศวกร วิสัย','','','2013-12-16 23:01:44',1);

/*!40000 ALTER TABLE `tb_member` ENABLE KEYS */;
UNLOCK TABLES;


# Dump of table tb_organization
# ------------------------------------------------------------

DROP TABLE IF EXISTS `tb_organization`;

CREATE TABLE `tb_organization` (
  `org_id` int(11) NOT NULL AUTO_INCREMENT,
  `org_name` varchar(255) COLLATE utf8_unicode_ci NOT NULL,
  `org_address_1` varchar(255) COLLATE utf8_unicode_ci NOT NULL,
  `org_address_2` varchar(255) COLLATE utf8_unicode_ci NOT NULL,
  `org_address_3` varchar(255) COLLATE utf8_unicode_ci NOT NULL,
  `org_address_4` varchar(255) COLLATE utf8_unicode_ci NOT NULL,
  `org_tel` varchar(255) COLLATE utf8_unicode_ci NOT NULL,
  `org_fax` varchar(255) COLLATE utf8_unicode_ci NOT NULL,
  `org_tax_code` varchar(100) COLLATE utf8_unicode_ci NOT NULL,
  `org_current_version` varchar(10) COLLATE utf8_unicode_ci DEFAULT NULL,
  `org_name_eng` varchar(255) COLLATE utf8_unicode_ci DEFAULT NULL,
  `org_logo_show_on_bill` enum('no','yes') COLLATE utf8_unicode_ci NOT NULL,
  `org_logo` varchar(255) COLLATE utf8_unicode_ci NOT NULL,
  PRIMARY KEY (`org_id`)
) ENGINE=MyISAM DEFAULT CHARSET=utf8 COLLATE=utf8_unicode_ci;

LOCK TABLES `tb_organization` WRITE;
/*!40000 ALTER TABLE `tb_organization` DISABLE KEYS */;

INSERT INTO `tb_organization` (`org_id`, `org_name`, `org_address_1`, `org_address_2`, `org_address_3`, `org_address_4`, `org_tel`, `org_fax`, `org_tax_code`, `org_current_version`, `org_name_eng`, `org_logo_show_on_bill`, `org_logo`)
VALUES
	(1,'ร้านถาวร มินิมาร์ท','35/2 ถนนรัถการ  ต.คลองแห  อ.หาดใหญ่ จ.สงขลา 90110','','','','081-609-9911 / 074-214-139','074-214-139','-',NULL,'','yes','logo1.png');

/*!40000 ALTER TABLE `tb_organization` ENABLE KEYS */;
UNLOCK TABLES;


# Dump of table tb_percen_sale
# ------------------------------------------------------------

DROP TABLE IF EXISTS `tb_percen_sale`;

CREATE TABLE `tb_percen_sale` (
  `percen_sale_id` int(11) NOT NULL AUTO_INCREMENT,
  `percen_sale_total` int(3) NOT NULL,
  `percen_sale_created_date` datetime NOT NULL,
  PRIMARY KEY (`percen_sale_id`)
) ENGINE=MyISAM DEFAULT CHARSET=utf8 COLLATE=utf8_unicode_ci;

LOCK TABLES `tb_percen_sale` WRITE;
/*!40000 ALTER TABLE `tb_percen_sale` DISABLE KEYS */;

INSERT INTO `tb_percen_sale` (`percen_sale_id`, `percen_sale_total`, `percen_sale_created_date`)
VALUES
	(1,40,'2011-08-18 23:27:26');

/*!40000 ALTER TABLE `tb_percen_sale` ENABLE KEYS */;
UNLOCK TABLES;


# Dump of table tb_product
# ------------------------------------------------------------

DROP TABLE IF EXISTS `tb_product`;

CREATE TABLE `tb_product` (
  `product_id` int(11) NOT NULL AUTO_INCREMENT COMMENT 'PK สินค้า',
  `group_product_id` int(5) NOT NULL COMMENT 'รหัส หมวดสินค้า',
  `product_code` varchar(50) COLLATE utf8_unicode_ci NOT NULL DEFAULT '' COMMENT 'บาโค้ด',
  `product_name` varchar(255) COLLATE utf8_unicode_ci NOT NULL DEFAULT '' COMMENT 'ชื่อสินค้า',
  `product_detail` text COLLATE utf8_unicode_ci NOT NULL COMMENT 'รายละเอียด',
  `product_created_date` datetime DEFAULT NULL COMMENT 'วันที่บันทึก',
  `product_last_update` datetime DEFAULT NULL COMMENT 'วันที่อัพเดตล่าสุด',
  `product_quantity` int(6) DEFAULT '0' COMMENT 'จำนวน',
  `product_pack_barcode` varchar(255) COLLATE utf8_unicode_ci NOT NULL DEFAULT '' COMMENT 'รหัสแพค',
  `product_total_per_pack` int(5) NOT NULL COMMENT 'จำนวนต่อแพค',
  `product_expire` enum('expire','fresh') COLLATE utf8_unicode_ci NOT NULL DEFAULT 'expire' COMMENT 'สินค้าสด/ไม่สด',
  `product_return` enum('in','out') COLLATE utf8_unicode_ci NOT NULL DEFAULT 'in' COMMENT 'สินค้าของร้าน',
  `product_expire_date` date DEFAULT NULL COMMENT 'วันหมดอายุ',
  `product_sale_condition` enum('sale','prompt') COLLATE utf8_unicode_ci DEFAULT NULL COMMENT 'เงื่อนไขการขาย',
  `product_price` float NOT NULL COMMENT 'ราคาจำหน่าย',
  `product_price_send` float NOT NULL COMMENT 'ราคาขายส่ง',
  `product_price_per_pack` int(6) NOT NULL COMMENT 'ราคาต่อแพค',
  `product_quantity_of_pack` int(5) NOT NULL COMMENT 'จำนวนคงเหลือ แพค',
  `product_price_buy` float NOT NULL COMMENT 'ต้นทุนเฉลีย',
  `product_tag` int(1) NOT NULL DEFAULT '0',
  `product_pic` varchar(255) COLLATE utf8_unicode_ci DEFAULT NULL,
  `weight` int(11) NOT NULL DEFAULT '0',
  PRIMARY KEY (`product_id`)
) ENGINE=MyISAM DEFAULT CHARSET=utf8 COLLATE=utf8_unicode_ci;

LOCK TABLES `tb_product` WRITE;
/*!40000 ALTER TABLE `tb_product` DISABLE KEYS */;

INSERT INTO `tb_product` (`product_id`, `group_product_id`, `product_code`, `product_name`, `product_detail`, `product_created_date`, `product_last_update`, `product_quantity`, `product_pack_barcode`, `product_total_per_pack`, `product_expire`, `product_return`, `product_expire_date`, `product_sale_condition`, `product_price`, `product_price_send`, `product_price_per_pack`, `product_quantity_of_pack`, `product_price_buy`, `product_tag`, `product_pic`, `weight`)
VALUES
	(645,93,'001','Royal Gala กาล่า Tru-cape ขนาด 150 ลูก','','2011-09-16 14:24:08','2012-04-26 09:13:19',1,'001',1,'expire','in',NULL,'sale',-5.5,0,0,0,0,0,NULL,0),
	(646,93,'002','Royal Gala กาล่า Tru-cape ขนาด 180 ลูก','','2011-09-16 14:25:48','2012-04-26 09:13:53',0,'002',1,'expire','in',NULL,'sale',-5.5,0,0,0,0,0,NULL,0),
	(647,93,'003','Royal Gala กาล่า Tru-cape ขนาด 198 ลูก','','2011-09-16 14:27:02','2012-04-26 09:14:48',0,'003',1,'expire','in',NULL,'sale',-5.5,0,0,0,0,0,NULL,0),
	(648,93,'004','Royal Gala กาล่า Tru-cape ขนาด 216 ลูก','','2011-09-16 14:27:53','2012-04-26 09:15:17',0,'004',1,'expire','in',NULL,'sale',-5.5,0,0,0,0,0,NULL,0),
	(649,93,'005','Royal Gala กาล่า Tru-cape ขนาด 321 ลูก','','2011-09-16 14:28:55','2012-04-26 09:16:36',0,'005',1,'expire','in',NULL,'sale',-5.5,0,0,0,0,0,NULL,0),
	(650,93,'006','Royal Gala กาล่า Tru-cape ขนาด 252 ลูก','','2011-09-16 14:29:45','2012-04-26 09:15:48',0,'006',1,'expire','in',NULL,'sale',-5.5,0,0,0,0,0,NULL,0),
	(651,93,'007','Royal Gala กาล่า Cape ขนาด 150 ลูก','','2011-09-16 14:32:25','2012-04-26 08:36:43',0,'007',1,'fresh','in',NULL,'sale',-5.5,0,0,0,0,0,NULL,0),
	(654,93,'009','Royal Gala กาล่า Cape ขนาด 198 ลูก','','2011-09-16 14:34:45','2012-04-26 08:56:28',0,'009',1,'expire','in',NULL,'sale',-5.5,0,0,0,0,0,NULL,0),
	(655,93,'010','Royal Gala กาล่า Cape ขนาด 216 ลูก','','2011-09-16 14:35:10','2012-04-26 08:57:42',0,'010',1,'expire','in',NULL,'sale',-5.5,0,0,0,0,0,NULL,0),
	(656,93,'011','Royal Gala กาล่า Cape ขนาด 231 ลูก','','2011-09-16 14:39:16','2012-04-26 08:58:00',0,'011',1,'expire','in',NULL,'sale',-5.5,0,0,0,0,0,NULL,0),
	(657,93,'012','Royal Gala กาล่า Cape ขนาด 252 ลูก','','2011-09-16 14:40:02','2012-04-26 08:58:23',0,'012',1,'expire','in',NULL,'sale',-5.5,0,0,0,0,0,NULL,0),
	(658,93,'013','Royal Gala กาล่า Fruit Way ขนาด 150 ลูก','','2011-09-16 14:41:03','2012-04-26 09:02:45',0,'013',1,'expire','in',NULL,'sale',-5.5,0,0,0,0,0,NULL,0),
	(659,93,'014','Royal Gala กาล่า Fruit Way ขนาด 180 ลูก','','2011-09-16 14:41:40','2012-04-26 09:03:03',0,'014',1,'expire','in',NULL,'sale',-5.5,0,0,0,0,0,NULL,0),
	(660,93,'015','Royal Gala กาล่า Fruit Way ขนาด 198 ลูก','','2011-09-16 14:42:25','2012-04-26 09:03:25',0,'015',1,'expire','in',NULL,'sale',-5.5,0,0,0,0,0,NULL,0),
	(661,93,'016','Royal Gala กาล่า Fruit Way ขนาด 216 ลูก','','2011-09-16 14:43:12','2012-04-26 09:03:49',0,'016',1,'expire','in',NULL,'sale',-5.5,0,0,0,0,0,NULL,0),
	(662,93,'017','Royal Gala กาล่า Fruit Way ขนาด 231 ลูก','','2011-09-16 14:43:50','2012-04-26 09:04:16',0,'017',1,'expire','in',NULL,'sale',-5.5,0,0,0,0,0,NULL,0),
	(663,93,'018','Royal Gala กาล่า Fruit Way ขนาด 252 ลูก','','2011-09-16 14:44:22','2012-04-26 09:05:16',0,'018',1,'expire','in',NULL,'sale',-5.5,0,0,0,0,0,NULL,0),
	(664,94,'019','PINK Lady จำนวน 150 ลูก','','2011-09-16 14:45:28','2011-09-16 14:45:28',0,'019',1,'fresh','in',NULL,'sale',-5.5,0,0,0,0,0,NULL,0),
	(665,94,'665','Pink Lady ขนาด 180 ลูก','','2011-09-16 15:07:38','2011-09-16 15:07:38',0,'665',1,'fresh','in',NULL,'sale',-5.5,0,0,0,0,0,NULL,0),
	(666,94,'666','Pink Lady ขนาด 198 ลูก','','2011-09-16 15:08:14','2011-09-16 15:08:14',0,'666',1,'fresh','in',NULL,'sale',-5.5,0,0,0,0,0,NULL,0),
	(667,94,'667','Pink Lady ขนาด 216 ลูก','','2011-09-16 15:08:34','2011-09-16 15:08:34',0,'667',1,'fresh','in',NULL,'sale',-5.5,0,0,0,0,0,NULL,0),
	(668,94,'668','Pink Lady ขนาด 231 ลูก','','2011-09-16 15:09:17','2011-09-16 15:09:17',0,'668',1,'fresh','in',NULL,'sale',-5.5,0,0,0,0,0,NULL,0),
	(669,94,'669','Pink Lady ขนาด 252 ลูก','','2011-09-16 15:09:47','2011-09-16 15:09:47',0,'669',1,'fresh','in',NULL,'sale',-5.5,0,0,0,0,0,NULL,0),
	(670,94,'670','Pink Tru Cape ขนาด 150 ลูก','','2011-09-16 15:10:38','2011-09-16 15:10:38',0,'670',1,'fresh','in',NULL,'sale',-5.5,0,0,0,0,0,NULL,0),
	(671,94,'671','Pink Tru Cape ขนาด 180 ลูก','','2011-09-16 15:11:28','2011-09-16 15:11:28',0,'671',1,'fresh','in',NULL,'sale',-5.5,0,0,0,0,0,NULL,0),
	(672,94,'672','Pink Tru Cape ขนาด 198 ลูก','','2011-09-16 15:12:59','2011-09-16 15:12:59',0,'672',1,'fresh','in',NULL,'sale',-5.5,0,0,0,0,0,NULL,0),
	(673,94,'673','Pink Tru Cape ขนาด 216 ลูก','','2011-09-16 15:13:21','2011-09-16 15:13:21',0,'673',1,'fresh','in',NULL,'sale',-5.5,0,0,0,0,0,NULL,0),
	(674,94,'674','Pink Tru Cape ขนาด 231 ลูก','','2011-09-16 15:14:09','2011-09-16 15:14:09',0,'674',1,'fresh','in',NULL,'sale',-5.5,0,0,0,0,0,NULL,0),
	(675,94,'675','Pink Tru Cape ขนาด 252 ลูก','','2011-09-16 15:15:07','2011-09-16 15:15:07',0,'675',1,'fresh','in',NULL,'sale',-5.5,0,0,0,0,0,NULL,0),
	(676,94,'676','Pink พิงค์ Cape ขนาด 150 ลูก','','2011-09-16 15:16:24','2012-04-26 09:50:42',0,'676',1,'expire','in',NULL,'sale',-5.5,0,0,0,0,0,NULL,0),
	(685,94,'685','Pink Fruit Way ขนาด 150 ลูก','','2011-09-16 15:39:56','2011-09-16 15:39:56',0,'685',1,'fresh','in',NULL,'sale',-5.5,0,0,0,0,0,NULL,0),
	(678,94,'678','Pink Cape ขนาด 198 ลูก','','2011-09-16 15:23:09','2011-09-16 15:23:09',0,'678',1,'fresh','in',NULL,'sale',-5.5,0,0,0,0,0,NULL,0),
	(679,94,'679','Pink Cape ขนาด 216 ลูก','','2011-09-16 15:23:28','2011-09-16 15:23:28',0,'679',1,'fresh','in',NULL,'sale',-5.5,0,0,0,0,0,NULL,0),
	(680,94,'680','Pink Cape ขนาด 231 ลูก','','2011-09-16 15:24:08','2011-09-16 15:24:08',0,'680',1,'fresh','in',NULL,'sale',-5.5,0,0,0,0,0,NULL,0),
	(681,94,'681','Pink Cape ขนาด 252 ลูก','','2011-09-16 15:24:29','2011-09-16 15:24:29',0,'681',1,'fresh','in',NULL,'sale',-5.5,0,0,0,0,0,NULL,0),
	(686,94,'686','Pink Fruit Way ขนาด 180 ลูก','','2011-09-16 15:40:13','2011-09-16 15:40:13',0,'686',1,'fresh','in',NULL,'sale',-5.5,0,0,0,0,0,NULL,0),
	(683,94,'683','Pink Cape ขนาด 180 ลูก','','2011-09-16 15:29:54','2011-09-16 15:29:54',0,'683',1,'fresh','in',NULL,'sale',-5.5,0,0,0,0,0,NULL,0),
	(684,94,'684','Pink Cape ขนาด 216 ลูก','','2011-09-16 15:34:20','2011-09-16 15:34:20',0,'684',1,'expire','in',NULL,'sale',-5.5,0,0,0,0,0,NULL,0),
	(687,94,'687','Pink Fruit Way ขนาด 198 ลูก','','2011-09-16 15:40:25','2011-09-16 15:40:25',0,'687',1,'fresh','in',NULL,'sale',-5.5,0,0,0,0,0,NULL,0),
	(688,94,'688','Pink Fruit Way ขนาด 216 ลูก','','2011-09-16 15:40:37','2011-09-16 15:40:37',0,'688',1,'fresh','in',NULL,'sale',-5.5,0,0,0,0,0,NULL,0),
	(689,94,'689','Pink Fruit Way ขนาด 231 ลูก','','2011-09-16 15:40:51','2011-09-16 15:40:51',0,'689',1,'fresh','in',NULL,'sale',-5.5,0,0,0,0,0,NULL,0),
	(690,94,'690','Pink Fruit Way ขนาด 252 ลูก','','2011-09-16 15:41:05','2011-09-16 15:41:05',0,'690',1,'fresh','in',NULL,'sale',-5.5,0,0,0,0,0,NULL,0),
	(691,94,'691','Pink Doji ขนาด 150 ลูก','','2011-09-16 15:48:58','2011-09-16 15:48:58',0,'691',1,'fresh','in',NULL,'sale',-5.5,0,0,0,0,0,NULL,0),
	(692,94,'692','Pink Doji ขนาด 150 ลูก','','2011-09-16 15:52:48','2011-09-16 15:52:48',0,'692',1,'fresh','in',NULL,'sale',-5.5,0,0,0,0,0,NULL,0),
	(693,94,'693','Pink Doji ขนาด 180 ลูก','','2011-09-16 15:53:02','2011-09-16 15:53:02',0,'693',1,'fresh','in',NULL,'sale',-5.5,0,0,0,0,0,NULL,0),
	(694,94,'694','Pink Doji ขนาด 198 ลูก','','2011-09-16 15:53:16','2011-09-16 15:53:16',0,'694',1,'fresh','in',NULL,'sale',-5.5,0,0,0,0,0,NULL,0),
	(695,94,'695','Pink Doji ขนาด 216 ลูก','','2011-09-16 15:53:31','2011-09-16 15:53:31',0,'695',1,'fresh','in',NULL,'sale',-5.5,0,0,0,0,0,NULL,0),
	(696,94,'696','Pink Doji ขนาด 231 ลูก','','2011-09-16 15:53:42','2011-09-16 15:53:42',0,'696',1,'fresh','in',NULL,'sale',-5.5,0,0,0,0,0,NULL,0),
	(697,94,'697','Pink Doji ขนาด 252 ลูก','','2011-09-16 15:53:54','2011-09-16 15:53:54',0,'697',1,'fresh','in',NULL,'sale',-5.5,0,0,0,0,0,NULL,0),
	(698,94,'698','Pink Whale ขนาด 150 ลูก','','2011-09-16 15:55:59','2011-09-16 15:55:59',0,'698',1,'fresh','in',NULL,'sale',-5.5,0,0,0,0,0,NULL,0),
	(699,94,'699','Pink Whale ขนาด 180 ลูก','','2011-09-16 15:56:15','2011-09-16 15:56:15',0,'699',1,'fresh','in',NULL,'sale',-5.5,0,0,0,0,0,NULL,0),
	(700,94,'700','Pink Whale ขนาด 198 ลูก','','2011-09-16 15:56:26','2011-09-16 15:56:26',0,'700',1,'fresh','in',NULL,'sale',-5.5,0,0,0,0,0,NULL,0),
	(701,94,'701','Pink Whale ขนาด 216 ลูก','','2011-09-16 15:56:43','2011-09-16 15:56:43',0,'701',1,'fresh','in',NULL,'sale',-5.5,0,0,0,0,0,NULL,0),
	(702,94,'702','Pink Whale ขนาด 231 ลูก','','2011-09-16 15:56:55','2011-09-16 15:56:55',0,'702',1,'fresh','in',NULL,'sale',-5.5,0,0,0,0,0,NULL,0),
	(703,94,'703','Pink Whale ขนาด 252 ลูก','','2011-09-16 15:57:06','2011-09-16 15:57:06',0,'703',1,'fresh','in',NULL,'sale',-5.5,0,0,0,0,0,NULL,0),
	(704,95,'704','Green Apple แอปเปิ้ลเขียว Tru-cape ขนาด 150 ลูก','','2011-09-16 15:59:20','2012-04-26 09:36:17',0,'704',150,'expire','in',NULL,'sale',-5.5,0,0,0,0,0,NULL,0),
	(705,95,'705','Green Apple แอปเปิ้ลเขียว Tru-cape ขนาด 180 ลูก','','2011-09-16 15:59:32','2012-04-26 09:36:49',0,'705',180,'expire','in',NULL,'sale',-5.5,0,0,0,0,0,NULL,0),
	(706,95,'706','Green Apple แอปเปิ้ลเขียว Tru-cape ขนาด 198 ลูก','','2011-09-16 16:00:07','2012-04-26 09:37:23',0,'706',198,'expire','in',NULL,'sale',-5.5,0,0,0,0,0,NULL,0),
	(707,95,'707','Green Apple แอปเปิ้ลเขียว Tru-cape ขนาด 216 ลูก','','2011-09-16 16:00:22','2012-04-26 09:38:05',0,'707',216,'expire','in',NULL,'sale',-5.5,0,0,0,0,0,NULL,0),
	(708,95,'708','Green Apple แอปเปิ้ลเขียว Tru-cape ขนาด 231 ลูก','','2011-09-16 16:00:33','2012-04-26 09:38:36',0,'708',231,'expire','in',NULL,'sale',-5.5,0,0,0,0,0,NULL,0),
	(709,95,'709','Green Apple แอปเปิ้ลเขียว Tru-cape ขนาด 252 ลูก','','2011-09-16 16:00:46','2012-04-26 09:41:36',0,'709',252,'expire','in',NULL,'sale',-5.5,0,0,0,0,0,NULL,0),
	(710,95,'710','Green Apple แอปเปิ้ลเขียว Cape ขนาด 150 ลูก','','2011-09-16 16:01:27','2012-04-26 09:28:50',0,'710',150,'expire','in',NULL,'sale',-5.5,0,0,0,0,0,NULL,0),
	(715,95,'715','Green Apple แอปเปิ้ลเขียว Cape ขนาด 252 ลูก','','2011-09-16 16:02:34','2012-04-26 09:29:24',0,'715',252,'expire','in',NULL,'sale',-5.5,0,0,0,0,0,NULL,0),
	(716,93,'716','Royal Gala กาล่า DUTOIT ขนาด 150 ลูก','','2011-09-17 02:16:38','2012-04-26 08:58:57',0,'716',1,'expire','in',NULL,'sale',-5.5,0,0,0,0,0,NULL,0),
	(717,93,'717','Royal Gala กาล่า DUTOIT ขนาด 180 ลูก','','2011-09-17 02:16:51','2012-04-26 08:59:24',0,'717',1,'expire','in',NULL,'sale',-5.5,0,0,0,0,0,NULL,0),
	(718,93,'718','Royal Gala กาล่า DUTOIT ขนาด 198 ลูก','','2011-09-17 02:17:03','2012-04-26 09:01:34',0,'718',1,'expire','in',NULL,'sale',-5.5,0,0,0,0,0,NULL,0),
	(719,93,'719','Royal Gala กาล่า DUTOIT ขนาด 216 ลูก','','2011-09-17 02:17:13','2012-04-26 09:02:05',0,'719',1,'expire','in',NULL,'sale',-5.5,0,0,0,0,0,NULL,0),
	(720,93,'720','Royal Gala กาล่า DUTOIT ขนาด 231 ลูก','','2011-09-17 02:17:28','2012-04-26 08:36:05',0,'720',1,'expire','in',NULL,'sale',-5.5,0,0,0,0,0,NULL,0),
	(721,93,'721','Royal Gala กาล่า DUTOIT ขนาด 252 ลูก','','2011-09-17 02:17:41','2012-04-26 09:01:07',0,'721',1,'expire','in',NULL,'sale',-5.5,0,0,0,0,0,NULL,0),
	(722,93,'722','Royal Gala กาล่า GOAL FRUIT ขนาด 150 ลูก','','2011-09-17 02:18:03','2012-05-01 12:43:50',0,'722',1,'expire','in',NULL,'sale',-5.5,0,0,0,0,0,NULL,0),
	(723,93,'723','Royal Gala กาล่า GOAL FRUIT r ขนาด 180 ลูก','','2011-09-17 02:18:13','2012-05-01 12:44:18',0,'723',1,'expire','in',NULL,'sale',-5.5,0,0,0,0,0,NULL,0),
	(724,93,'724','Royal Gala กาล่า GOAL FRUIT ขนาด 198 ลูก','','2011-09-17 02:18:23','2012-05-01 12:44:47',0,'724',1,'expire','in',NULL,'sale',-5.5,0,0,0,0,0,NULL,0),
	(725,93,'725','Royal Gala กาล่า GOAL FRUIT ขนาด 216 ลูก','','2011-09-17 02:18:33','2012-05-01 13:26:00',0,'725',216,'expire','in',NULL,'sale',-5.5,0,0,0,0,0,NULL,0),
	(726,93,'726','Royal Gala กาล่า GOAL FRUIT ขนาด 231 ลูก','','2011-09-17 02:18:42','2012-05-01 12:45:29',0,'726',1,'expire','in',NULL,'sale',-5.5,0,0,0,0,0,NULL,0),
	(727,93,'727','Royal Gala กาล่า GOAL FRUIT ขนาด 252 ลูก','','2011-09-17 02:18:51','2012-05-01 12:45:48',0,'727',1,'expire','in',NULL,'sale',-5.5,0,0,0,0,0,NULL,0),
	(728,93,'728','Royal Gala กาล่า Whale ขนาด 150 ลูก','','2011-09-17 02:19:12','2012-04-26 09:19:22',0,'728',150,'expire','in',NULL,'sale',-5.5,0,0,0,0,0,NULL,0),
	(729,93,'729','Royal Gala กาล่า Whale ขนาด 180 ลูก','','2011-09-17 02:19:22','2012-04-26 09:19:52',0,'729',180,'expire','in',NULL,'sale',-5.5,0,0,0,0,0,NULL,0),
	(730,93,'730','Royal Gala กาล่า Whale ขนาด 198 ลูก','','2011-09-17 02:19:32','2012-04-26 09:20:13',0,'730',198,'expire','in',NULL,'sale',-5.5,0,0,0,0,0,NULL,0),
	(731,93,'731','Royal Gala กาล่า Whale ขนาด 231 ลูก','','2011-09-17 02:19:43','2012-04-26 09:20:47',0,'731',231,'expire','in',NULL,'sale',-5.5,0,0,0,0,0,NULL,0),
	(732,93,'732','Royal Gala กาล่า Whale ขนาด 252 ลูก','','2011-09-17 02:19:51','2012-04-26 09:21:07',0,'732',252,'expire','in',NULL,'sale',-5.5,0,0,0,0,0,NULL,0),
	(733,95,'733','Green Apple แอปเปิ้ลเขียว  Fruit Way ขนาด 150 ลูก','','2011-09-17 02:25:11','2012-04-26 09:32:50',0,'733',150,'expire','in',NULL,'sale',-5.5,0,0,0,0,0,NULL,0),
	(734,95,'734','Green Apple แอปเปิ้ลเขียว  Fruit Way ขนาด 180 ลูก','','2011-09-17 02:25:29','2012-04-26 09:33:23',0,'734',180,'expire','in',NULL,'sale',-5.5,0,0,0,0,0,NULL,0),
	(735,95,'735','Green Apple แอปเปิ้ลเขียว Fruit Way ขนาด 198 ลูก','','2011-09-17 02:25:36','2012-04-26 09:33:52',0,'735',198,'expire','in',NULL,'sale',-5.5,0,0,0,0,0,NULL,0),
	(736,95,'736','Green Apple แอปเปิ้ลเขียว Fruit Way ขนาด 216 ลูก','','2011-09-17 02:25:45','2012-04-26 09:34:18',0,'736',216,'expire','in',NULL,'sale',-5.5,0,0,0,0,0,NULL,0),
	(737,95,'737','Green Apple แอปเปิ้ลเขียว Fruit Way ขนาด 231 ลูก','','2011-09-17 02:25:55','2012-04-26 09:34:40',0,'737',231,'expire','in',NULL,'sale',-5.5,0,0,0,0,0,NULL,0),
	(738,95,'738','Green Apple แอปเปิ้ลเขียว Fruit Way ขนาด 252 ลูก','','2011-09-17 02:26:05','2012-04-26 09:35:11',0,'738',252,'expire','in',NULL,'sale',-5.5,0,0,0,0,0,NULL,0),
	(739,95,'739','Green Apple แอปเปิ้ลเขียว DUTOIT ขนาด 150 ลูก','','2011-09-17 02:26:34','2012-04-26 09:29:55',0,'739',150,'expire','in',NULL,'sale',-5.5,0,0,0,0,0,NULL,0),
	(740,95,'740','Green Apple แอปเปิ้ลเขียว DUTOIT ขนาด 180 ลูก','','2011-09-17 02:26:42','2012-04-26 09:30:21',0,'740',180,'expire','in',NULL,'sale',-5.5,0,0,0,0,0,NULL,0),
	(741,95,'741','Green Apple แอปเปิ้ลเขียว DUTOIT ขนาด 198 ลูก','','2011-09-17 02:26:51','2012-04-26 09:31:04',0,'741',198,'expire','in',NULL,'sale',-5.5,0,0,0,0,0,NULL,0),
	(742,95,'742','Green Apple แอปเปิ้ลเขียว DUTOIT ขนาด 216 ลูก','','2011-09-17 02:26:59','2012-04-26 09:31:34',0,'742',216,'expire','in',NULL,'sale',-5.5,0,0,0,0,0,NULL,0),
	(743,95,'743','Green Apple แอปเปิ้ลเขียว DUTOITi ขนาด 231 ลูก','','2011-09-17 02:27:08','2012-04-26 09:32:21',0,'743',231,'expire','in',NULL,'sale',-5.5,0,0,0,0,0,NULL,0),
	(744,95,'744','Green Apple แอปเปิ้ลเขียว DUTOIT ขนาด 252 ลูก','','2011-09-17 02:27:18','2012-04-26 09:31:57',0,'744',252,'expire','in',NULL,'sale',-5.5,0,0,0,0,0,NULL,0),
	(745,95,'745','Green Apple แอปเปิ้ลเขียว Whale ขนาด 150 ลูก','','2011-09-17 02:27:37','2012-04-26 09:42:02',0,'745',150,'expire','in',NULL,'sale',-5.5,0,0,0,0,0,NULL,0),
	(746,95,'746','Green Apple แอปเปิ้ลเขียว Whale ขนาด 180 ลูก','','2011-09-17 02:27:45','2012-04-26 09:42:24',0,'746',180,'expire','in',NULL,'sale',-5.5,0,0,0,0,0,NULL,0),
	(747,95,'747','Green Apple แอปเปิ้ลเขียว Whale ขนาด 198 ลูก','','2011-09-17 02:27:53','2012-04-26 09:42:46',0,'747',198,'expire','in',NULL,'sale',-5.5,0,0,0,0,0,NULL,0),
	(748,95,'748','Green Apple แอปเปิ้ลเขขียว Whale ขนาด 216 ลูก','','2011-09-17 02:28:04','2012-04-26 09:43:14',0,'748',216,'expire','in',NULL,'sale',-5.5,0,0,0,0,0,NULL,0),
	(749,95,'749','Green Apple แอปเปิ้ลเขียว Whale ขนาด 231 ลูก','','2011-09-17 02:28:14','2012-04-26 09:43:39',0,'749',231,'expire','in',NULL,'sale',-5.5,0,0,0,0,0,NULL,0),
	(750,95,'750','Green Apple แอปเปิ้ลเขียว Whale ขนาด 252 ลูก','','2011-09-17 02:28:21','2012-04-26 09:44:02',0,'750',252,'expire','in',NULL,'sale',-5.5,0,0,0,0,0,NULL,0),
	(755,96,'751','Fuji แอปเปิ้ลฟูจิ ขนาด 150 ลูก','','2011-09-17 13:46:01','2012-04-26 08:29:08',0,'751',1,'expire','in',NULL,'sale',-5.5,0,0,0,0,0,NULL,0),
	(756,96,'756','Fuji แอปเปิ้ลฟูจิ ขนาด 180 ลูก','','2011-09-17 13:46:18','2012-04-26 08:28:40',0,'756',1,'fresh','in',NULL,'sale',-5.5,0,0,0,0,0,NULL,0),
	(758,96,'758','Fuji แอปเปิ้ลฟูจิ ขนาด 216 ลูก','','2011-09-17 13:46:33','2012-04-26 08:30:36',0,'758',1,'fresh','in',NULL,'sale',-5.5,0,0,0,0,0,NULL,0),
	(759,96,'759','FujiI แอปเปิ้ลฟูจิ ขนาด 231 ลูก','','2011-09-17 13:46:41','2012-04-26 08:31:22',0,'759',1,'fresh','in',NULL,'sale',-5.5,0,0,0,0,0,NULL,0),
	(760,96,'760','Fuji แอปเปิ้ลฟูจิ ขนาด 252 ลูก','','2011-09-17 13:46:52','2012-04-26 08:31:50',0,'760',1,'fresh','in',NULL,'sale',-5.5,0,0,0,0,0,NULL,0),
	(761,99,'761','เชอรี่ขนาด 2 kg','','2011-09-17 13:51:05','2011-09-17 13:51:05',0,'761',1,'fresh','in',NULL,'sale',-5.5,0,0,0,0,0,NULL,0),
	(762,99,'762','เชอรี่ขนาด 5 kg','','2011-09-17 13:51:15','2011-09-17 13:51:15',0,'762',1,'fresh','in',NULL,'sale',-5.5,0,0,0,0,0,NULL,0),
	(763,99,'763','เชอรี่ขนาด 9 kg','','2011-09-17 13:51:23','2011-09-17 13:51:23',0,'763',1,'fresh','in',NULL,'sale',-5.5,0,0,0,0,0,NULL,0),
	(764,100,'764','ส้มซันควิส No.60 ลูก','','2011-09-17 13:52:01','2011-09-17 13:52:01',0,'764',1,'fresh','in',NULL,'sale',-5.5,0,0,0,0,0,NULL,0),
	(765,100,'765','ส้มซันควิส No.72 ลูก','','2011-09-17 13:52:12','2011-09-17 13:52:12',0,'765',1,'fresh','in',NULL,'sale',-5.5,0,0,0,0,0,NULL,0),
	(766,100,'766','ส้ม Cri tru 44 ลูก','','2011-09-17 13:52:42','2011-09-17 13:52:42',0,'766',1,'fresh','in',NULL,'sale',-5.5,0,0,0,0,0,NULL,0),
	(767,100,'767','ส้ม Cri tru 54 ลูก','','2011-09-17 13:52:50','2011-09-17 13:52:50',0,'767',1,'fresh','in',NULL,'sale',-5.5,0,0,0,0,0,NULL,0),
	(768,100,'768','ส้ม Cri tru 60 ลูก','','2011-09-17 13:52:58','2011-09-17 13:52:58',0,'768',1,'fresh','in',NULL,'sale',-5.5,0,0,0,0,0,NULL,0),
	(769,101,'769','องุ่นแดง แบบตะกร้า','','2011-09-17 14:06:33','2011-09-17 14:06:33',0,'769',1,'fresh','in',NULL,'sale',-5.5,0,0,0,0,0,NULL,0),
	(771,101,'771','องุ่นแดง แบบไม้','','2011-09-17 14:06:52','2011-09-17 14:06:52',0,'771',1,'fresh','in',NULL,'sale',-5.5,0,0,0,0,0,NULL,0),
	(772,101,'772','องุ่นแดง แบบคู่','','2011-09-17 14:07:00','2011-09-17 14:07:00',0,'772',1,'fresh','in',NULL,'sale',-5.5,0,0,0,0,0,NULL,0),
	(773,101,'773','องุ่นแดงจีน แบบตะกร้า','','2011-09-17 14:07:30','2011-09-17 14:07:30',0,'773',1,'fresh','in',NULL,'sale',-5.5,0,0,0,0,0,NULL,0),
	(834,101,'774','องุ่นแดงจีน แบบโฟม XL','','2012-07-16 11:34:41','2010-01-01 00:08:22',0,'',1,'expire','in',NULL,'sale',-5.5,0,0,0,0,0,NULL,0),
	(775,101,'775','องุ่นแดงจีน แบบไม้','','2011-09-17 14:27:48','2011-09-17 14:27:48',0,'775',1,'fresh','in',NULL,'sale',-5.5,0,0,0,0,0,NULL,0),
	(776,101,'776','องุ่นแดงจีน แบบคู่','','2011-09-17 14:28:10','2011-09-17 14:28:10',0,'776',1,'fresh','in',NULL,'sale',-5.5,0,0,0,0,0,NULL,0),
	(777,101,'777','องุ่นแดง (ไม่มีเมล็ด) แบบตะกร้า','','2011-09-17 14:28:41','2011-09-17 14:28:41',0,'777',1,'fresh','in',NULL,'sale',-5.5,0,0,0,0,0,NULL,0),
	(779,101,'779','องุ่นแดง (ไม่มีเมล็ด) แบบไม้','','2011-09-17 14:28:54','2011-09-17 14:28:54',0,'779',1,'fresh','in',NULL,'sale',-5.5,0,0,0,0,0,NULL,0),
	(780,101,'780','องุ่นแดงจีน (ไม่มีเมล็ด) แบบคู่','','2011-09-17 14:29:01','2011-09-17 14:29:01',0,'780',1,'fresh','in',NULL,'sale',-5.5,0,0,0,0,0,NULL,0),
	(781,101,'781','องุ่นแดง 222 จีน แบบตะกร้า','','2011-09-17 14:29:15','2011-09-17 14:29:15',0,'781',1,'fresh','in',NULL,'sale',-5.5,0,0,0,0,0,NULL,0),
	(782,101,'782','องุ่นแดงจีน (ไม่มีเมล็ด) แบบโฟม','','2011-09-17 14:29:22','2011-12-22 15:40:12',0,'782',1,'fresh','in',NULL,'sale',-5.5,0,0,0,0,0,NULL,0),
	(783,101,'783','องุ่นแดงจีน (ไม่มีเมล็ด) แบบไม้','','2011-09-17 14:29:28','2011-09-17 14:29:28',0,'783',1,'fresh','in',NULL,'sale',-5.5,0,0,0,0,0,NULL,0),
	(785,101,'785','องุ่นดำ แบบตะกร้า','','2011-09-17 14:38:43','2011-09-17 14:38:43',0,'785',1,'fresh','in',NULL,'sale',-5.5,0,0,0,0,0,NULL,0),
	(787,101,'787','องุ่นดำ แบบไม้','','2011-09-17 14:39:00','2011-09-17 14:39:00',0,'787',1,'fresh','in',NULL,'sale',-5.5,0,0,0,0,0,NULL,0),
	(788,101,'788','องุ่นดำ แบบคู่','','2011-09-17 14:39:07','2011-09-17 14:39:07',0,'788',1,'fresh','in',NULL,'sale',-5.5,0,0,0,0,0,NULL,0),
	(789,101,'789','องุ่นดำ จีน แบบตะกร้า','','2011-09-17 14:46:48','2011-09-17 14:46:48',0,'789',1,'fresh','in',NULL,'sale',-5.5,0,0,0,0,0,NULL,0),
	(790,101,'790','องุ่นดำ แบบโฟม GOLD BLACK GRAPE','','2011-09-17 14:46:56','2012-05-24 12:26:55',0,'790',1,'expire','in',NULL,'sale',-5.5,0,0,0,0,0,NULL,0),
	(791,101,'791','องุ่นดำ จีน แบบไม้','','2011-09-17 14:47:05','2011-09-17 14:47:05',0,'791',1,'fresh','in',NULL,'sale',-5.5,0,0,0,0,0,NULL,0),
	(792,101,'792','องุ่นดำ จีน แบบคู่','','2011-09-17 14:47:14','2011-09-17 14:47:14',0,'792',1,'fresh','in',NULL,'sale',-5.5,0,0,0,0,0,NULL,0),
	(793,101,'793','องุ่นเขียว แบบตะกร้า','','2011-09-17 14:47:32','2011-09-17 14:47:32',0,'793',1,'fresh','in',NULL,'sale',-5.5,0,0,0,0,0,NULL,0),
	(794,101,'794','องุ่นเขียว แบบโฟม','','2011-09-17 14:47:42','2011-09-17 14:47:42',0,'794',1,'fresh','in',NULL,'sale',-5.5,0,0,0,0,0,NULL,0),
	(795,101,'795','องุ่นเขียว แบบไม้','','2011-09-17 14:47:48','2011-09-17 14:47:48',0,'795',1,'fresh','in',NULL,'sale',-5.5,0,0,0,0,0,NULL,0),
	(796,101,'796','องุ่นเขียว แบบคู่','','2011-09-17 14:47:54','2011-09-17 14:47:54',0,'796',1,'fresh','in',NULL,'sale',-5.5,0,0,0,0,0,NULL,0),
	(797,101,'797','องุ่นเขียว จีน แบบตะกร้า','','2011-09-17 14:48:10','2011-09-17 14:48:10',0,'797',1,'fresh','in',NULL,'sale',-5.5,0,0,0,0,0,NULL,0),
	(798,101,'798','องุ่นเขียว จีน แบบโฟม','','2011-09-17 14:48:18','2011-09-17 14:48:18',0,'798',1,'fresh','in',NULL,'sale',-5.5,0,0,0,0,0,NULL,0),
	(799,101,'799','องุ่นเขียว จีน แบบไม้','','2011-09-17 14:48:24','2011-09-17 14:48:24',0,'799',1,'fresh','in',NULL,'sale',-5.5,0,0,0,0,0,NULL,0),
	(800,101,'800','องุ่นเขียว จีน แบบคู่','','2011-09-17 14:48:29','2011-09-17 14:48:29',0,'800',1,'fresh','in',NULL,'sale',-5.5,0,0,0,0,0,NULL,0),
	(801,102,'801','ลูกแพร่เขียวแบบ S','','2011-09-17 14:48:56','2011-09-17 14:48:56',0,'801',1,'fresh','in',NULL,'sale',-5.5,0,0,0,0,0,NULL,0),
	(802,102,'802','ลูกแพร่เขียวแบบ M','','2011-09-17 14:49:02','2011-09-17 14:49:02',0,'802',1,'fresh','in',NULL,'sale',-5.5,0,0,0,0,0,NULL,0),
	(803,102,'803','ลูกแพร่แดงแบบ S','','2011-09-17 14:49:15','2011-09-17 14:49:15',0,'803',1,'fresh','in',NULL,'sale',-5.5,0,0,0,0,0,NULL,0),
	(804,102,'804','ลูกแพร่แดงแบบ M','','2011-09-17 14:49:20','2011-09-17 14:49:20',0,'804',1,'fresh','in',NULL,'sale',-5.5,0,0,0,0,0,NULL,0),
	(816,96,'815','Fuji แอปเปิ้ลฟูจิ ขนาด 80 ลูก','','2012-03-18 15:16:47','2012-04-26 08:34:08',0,'815',1,'expire','in',NULL,'sale',-5.5,0,0,0,0,0,NULL,0),
	(817,96,'817','Fuji แอปเปิ้ลฟูจิ ขนาด88ลูก','','2012-03-18 15:52:24','2012-04-26 08:34:56',0,'817',1,'expire','in',NULL,'sale',-5.5,0,0,0,0,0,NULL,0),
	(818,96,'818','Fuji แอปเปิ้ลฟูจิ ขนาด 100 ลูก','','2012-03-18 15:53:52','2012-04-26 08:30:04',0,'818',1,'expire','in',NULL,'sale',-5.5,0,0,0,0,0,NULL,0),
	(819,96,'819','Fuji แอปเปิ้ลฟูจิ ขนาด 113ลูก','','2012-03-18 15:56:11','2012-04-26 08:29:50',0,'819',1,'expire','in',NULL,'sale',-5.5,0,0,0,0,0,NULL,0),
	(820,96,'820','Fuji แอปเปิ้ลฟูจิ ขนาด 125 ลูก','','2012-03-18 16:03:39','2012-04-26 08:29:33',0,'820',1,'expire','in',NULL,'sale',-5.5,0,0,0,0,0,NULL,0),
	(821,96,'821','Fuji แอปเปิ้ลฟูจิ ขนาด 32 ลูก','','2012-04-19 10:08:45','2012-04-26 08:33:19',0,'821',1,'expire','in',NULL,'sale',-5.5,0,0,0,0,0,NULL,0),
	(822,96,'822','Fuji แอปเปิ้ลฟูจิ ขนาด 28ลูก','','2012-04-19 10:10:28','2012-04-26 08:32:32',2,'822',1,'expire','in',NULL,'sale',-5.5,0,0,0,0,0,NULL,0),
	(824,95,'824','GRANNY SMIT APPLE แอปเปิ้ลเขียว COOPEX  ขนาด 180 ลูก','','2012-04-25 08:46:45','2012-07-06 10:01:14',0,'824',180,'expire','in',NULL,'sale',-5.5,0,0,0,0,0,NULL,0),
	(825,94,'825','test test','','2012-05-16 14:47:57','2012-05-16 14:47:57',0,'825',1,'expire','in',NULL,'sale',-5.5,0,0,0,0,0,NULL,0),
	(826,97,'826','ppppp','','2012-05-16 14:49:31','2012-05-16 14:49:31',0,'826',1,'expire','in',NULL,'sale',-5.5,0,0,0,0,0,NULL,0),
	(829,93,'829','ROYAL GALA GOLDEN BAY FRUIT กาล่า 198 ลูก','','2012-06-22 08:45:54','2012-06-25 14:32:40',0,'829',1,'expire','in',NULL,'sale',-5.5,0,0,0,0,0,NULL,0),
	(828,93,'828','Royal Gala กาล่า GOEDE HOOP ขนาด 198 ลูก','','2012-05-16 15:06:58','2012-05-28 07:27:28',0,'828',1,'expire','in',NULL,'sale',-5.5,0,0,0,0,0,NULL,0),
	(830,101,'830','องุ่นแดง จีน กล่องโฟม( L)','','2012-06-28 08:48:05','2012-07-07 13:47:12',0,'830',1,'expire','in',NULL,'sale',-5.5,0,0,0,0,0,NULL,0),
	(836,101,'835','องุ่นแดงจีนแบบกล่องโฟม','','2012-08-02 08:32:20','2012-08-02 08:32:20',0,'835',1,'expire','in',NULL,'sale',-5.5,0,0,0,0,0,NULL,0),
	(832,101,'832','องุ่นแดงจีนแบบโฟม (เปลือย)','','2012-07-03 10:46:57','2012-08-02 08:31:01',0,'832',1,'expire','in',NULL,'sale',-5.5,0,0,0,0,0,NULL,0),
	(851,101,'851','องุ่นแดง โฟม (2A)','','2012-08-22 09:10:19','2012-08-28 08:33:15',-9,'851',1,'expire','in',NULL,'sale',-5.5,0,0,0,0,0,NULL,0),
	(849,98,'849','ทับทิม (ขนาด7A)','','2012-08-22 09:08:30','2012-08-23 07:28:11',0,'849',1,'expire','in',NULL,'sale',-5.5,0,0,0,0,0,NULL,0),
	(850,98,'850','ทับทิม (ขนาด 9A)','','2012-08-22 09:09:11','2012-08-23 07:28:25',-1,'850',1,'','',NULL,'',-5.5,0,0,0,0,1,NULL,0),
	(840,93,'840','สาลี่หยก (48ลูก)','','2010-01-01 18:54:45','2012-08-13 08:49:34',0,'840',1,'expire','in',NULL,'sale',-5.5,0,0,0,0,0,NULL,0),
	(841,93,'841','สาลี่หยก (60ลูก)','','2010-01-01 18:55:27','2012-08-13 08:49:45',0,'841',1,'expire','in',NULL,'sale',-5.5,0,0,0,0,0,NULL,0),
	(842,106,'842','แก้วมังกร (ขนาด17ลูก)','','2010-01-01 18:59:10','2012-08-12 09:27:43',0,'842',1,'expire','in',NULL,'sale',-5.5,0,0,0,0,0,NULL,0),
	(843,107,'843','แตงธิเบต (14 KG)','','2010-01-01 18:59:40','2012-08-12 10:34:43',0,'843',1,'expire','in',NULL,'sale',-5.5,0,0,0,0,0,NULL,0),
	(848,101,'837','องุ่นแดงจีน กล่องโฟม (A)','','2012-08-12 11:45:26','2010-01-01 02:03:00',0,'837',1,'expire','in',NULL,'sale',-5.5,0,0,0,0,0,NULL,0),
	(845,101,'838','องุ่นแดงจีน (AA)','','2012-08-12 09:25:42','2012-08-12 09:25:42',0,'838',1,'expire','in',NULL,'sale',-5.5,0,0,0,0,0,NULL,0),
	(846,93,'839','แอ๊บเปิ้ลแคระ (ตระกร้า) ','','2012-08-12 09:25:58','2012-08-12 09:25:58',0,'839',1,'','','0000-00-00','',-5.5,0,0,0,0,0,NULL,0),
	(852,101,'852','องุ่นแดงโฟม (A)','','2012-08-22 09:11:01','2012-08-28 08:33:26',0,'852',1,'','','0000-00-00','',-5.5,0,0,0,0,0,NULL,0),
	(853,97,'853','สาลี่เป็ด','','2012-08-22 09:11:55','2012-08-22 14:52:07',0,'853',1,'','',NULL,'',-5.5,0,0,0,0,1,NULL,0),
	(854,106,'854','แก้วมังกร (ขนาด 14 ลูก)','','2012-08-25 14:57:18','2012-08-28 08:31:27',0,'854',1,'','','0000-00-00','',-5.5,0,0,0,0,0,NULL,0),
	(855,106,'855','แก้วมังกร (ขนาด 16ลูก)','','2012-08-25 14:57:53','2012-08-25 14:57:53',0,'855',1,'','','0000-00-00','',-5.5,0,0,0,0,0,NULL,0),
	(856,98,'855','แก้วมังกร (ขนาด 15ลูก)','','2012-08-25 15:30:05','2012-08-25 15:30:05',0,'855',1,'','','0000-00-00','',-5.5,0,0,0,0,1,NULL,0),
	(858,98,'858','แก้วมังกร(ขนาด 16 ลูก)','','2012-08-25 15:32:18','2012-08-28 08:32:30',-3,'858',1,'','','0000-00-00','',-5.5,0,0,0,0,1,NULL,0),
	(859,98,'859','แก้วมังกร (ขนาด 17 ลูก)','','2012-08-25 15:33:00','2012-08-28 08:32:45',0,'859',1,'','','0000-00-00','',-5.5,0,0,0,0,1,NULL,0),
	(860,98,'860','แก้วมังกร ','','2012-08-25 15:35:57','2012-08-28 08:33:01',-1,'860',1,'','',NULL,'',-5.5,0,0,0,0,1,NULL,0),
	(862,98,'857','แก้วมังกร (ขนาด 15ลูก)','','2012-08-25 15:40:01','2012-08-28 08:32:14',445,'10011',1,'','',NULL,'',-5.5,0,0,0,0,1,NULL,0),
	(865,104,'2001','สติ้กเกอร์ เคลือบใส ยี่ห้อ 3M','','2013-01-25 20:34:29','2013-01-25 20:34:29',500,'3001',50,'','','0000-00-00','',11,8.8,690,10,7,1,NULL,0),
	(866,99,'0310293001387113039','กบผัดพริกไทย','','2013-12-15 20:11:20','2013-12-15 20:11:20',40,'10011',4,'','','2014-07-30','',836.55,787.05,3000,10,700,1,NULL,0),
	(867,104,'3001','เมาส์ Huawei 8699','','2014-07-30 01:14:40','2014-07-30 01:14:40',1,'900876',3,'','',NULL,'',3500,3200,11500,1,500,1,NULL,0),
	(868,104,'109745TH','นิวทริไลท์ ไบโอซีพลัส','อาหารเสริม','2014-08-01 15:27:57','2014-08-01 15:27:57',28,'109745TH',1,'','','2017-08-29','',806.85,767.25,780,30,540,1,NULL,0),
	(869,100,'8854698010009','โออิชิ ฟรุตโต้','',NULL,'2014-09-15 19:21:07',23,'8854698011119',12,'','','0000-00-00','',15,12,120,2,10,1,NULL,0),
	(870,100,'998887','ข้าวหอมมะลิ','ข้าว 1 กระสอบ 50 กิโล',NULL,'2014-09-15 19:28:43',48,'997777',50,'','',NULL,'',20,15,1000,1,13,1,NULL,0),
	(871,100,'8850188251105','นม โฟโมส','',NULL,'2014-09-17 20:05:12',-6,'8850188251115',1,'','','0000-00-00','',10,8,48,1,8,1,NULL,20);

/*!40000 ALTER TABLE `tb_product` ENABLE KEYS */;
UNLOCK TABLES;


# Dump of table tb_product_box
# ------------------------------------------------------------

DROP TABLE IF EXISTS `tb_product_box`;

CREATE TABLE `tb_product_box` (
  `product_id` int(11) NOT NULL,
  `box_id` int(11) NOT NULL
) ENGINE=MyISAM DEFAULT CHARSET=utf8 COLLATE=utf8_unicode_ci;

LOCK TABLES `tb_product_box` WRITE;
/*!40000 ALTER TABLE `tb_product_box` DISABLE KEYS */;

INSERT INTO `tb_product_box` (`product_id`, `box_id`)
VALUES
	(6,5),
	(7,5),
	(6,1),
	(7,2),
	(7,4),
	(9,4),
	(9,2);

/*!40000 ALTER TABLE `tb_product_box` ENABLE KEYS */;
UNLOCK TABLES;


# Dump of table tb_product_price
# ------------------------------------------------------------

DROP TABLE IF EXISTS `tb_product_price`;

CREATE TABLE `tb_product_price` (
  `product_price_id` int(11) NOT NULL AUTO_INCREMENT,
  `product_id` int(11) NOT NULL,
  `box_id` int(11) NOT NULL,
  `product_price_price` int(8) NOT NULL,
  `product_price_barcode` varchar(50) COLLATE utf8_unicode_ci NOT NULL,
  PRIMARY KEY (`product_price_id`)
) ENGINE=MyISAM DEFAULT CHARSET=utf8 COLLATE=utf8_unicode_ci;

LOCK TABLES `tb_product_price` WRITE;
/*!40000 ALTER TABLE `tb_product_price` DISABLE KEYS */;

INSERT INTO `tb_product_price` (`product_price_id`, `product_id`, `box_id`, `product_price_price`, `product_price_barcode`)
VALUES
	(13,7,1,45,'PD10021003'),
	(14,6,1,40,'PD1001001'),
	(15,7,6,50,'PD10021002'),
	(16,6,6,24,'PD1001002'),
	(17,7,2,100,'PD10021001');

/*!40000 ALTER TABLE `tb_product_price` ENABLE KEYS */;
UNLOCK TABLES;


# Dump of table tb_product_price_per_unit
# ------------------------------------------------------------

DROP TABLE IF EXISTS `tb_product_price_per_unit`;

CREATE TABLE `tb_product_price_per_unit` (
  `product_id` int(11) NOT NULL,
  `product_price_per_unit_barcode` varchar(255) COLLATE utf8_unicode_ci DEFAULT NULL,
  `product_price_per_unit_price` int(11) DEFAULT NULL,
  `product_price_per_unit_old_price` float NOT NULL,
  `product_price_per_unit_sent` int(11) DEFAULT NULL,
  `product_price_per_unit_idint` int(11) DEFAULT NULL
) ENGINE=MyISAM DEFAULT CHARSET=utf8 COLLATE=utf8_unicode_ci;

LOCK TABLES `tb_product_price_per_unit` WRITE;
/*!40000 ALTER TABLE `tb_product_price_per_unit` DISABLE KEYS */;

INSERT INTO `tb_product_price_per_unit` (`product_id`, `product_price_per_unit_barcode`, `product_price_per_unit_price`, `product_price_per_unit_old_price`, `product_price_per_unit_sent`, `product_price_per_unit_idint`)
VALUES
	(234,'8850002022812',13,0,NULL,NULL),
	(429,'8851932004183',25,0,NULL,NULL),
	(100,'8851123383080',35,0,NULL,NULL),
	(174,'8851123784276',0,0,NULL,NULL),
	(184,'8851123784337',13,0,NULL,NULL),
	(134,'8851123795029',36,0,NULL,NULL),
	(544,'8851123389198',54,0,NULL,NULL),
	(210,'8851123782005',32,0,NULL,NULL),
	(550,'8851123381178',30,0,NULL,NULL),
	(548,'8851123383073',35,0,NULL,NULL),
	(91,'8851123796026',44,0,NULL,NULL),
	(140,'8851123342049',26,0,NULL,NULL),
	(189,'8850709141137',35,0,NULL,NULL),
	(206,'8850709141120',35,0,NULL,NULL),
	(196,'8850709141106',35,0,NULL,NULL),
	(573,'8855155000700',257,0,NULL,NULL),
	(113,'8853827000096',0,0,NULL,NULL),
	(183,'8850006574089',13,0,NULL,NULL),
	(365,'8854761184019',15,0,NULL,NULL),
	(108,'8851932239165',0,0,NULL,NULL),
	(101,'8851932239172',0,0,NULL,NULL),
	(85,'8851932235587',70,0,NULL,NULL),
	(97,'8851932276504',0,0,NULL,NULL),
	(84,'8851932235563',0,0,NULL,NULL),
	(107,'8850007651840',20,0,NULL,NULL),
	(221,'8851932188005',0,0,NULL,NULL),
	(345,'8851932188104',12,0,NULL,NULL),
	(222,'8851932187985',19,0,NULL,NULL),
	(224,'8851932188111',12,0,NULL,NULL),
	(198,'8851989060354',12,0,NULL,NULL),
	(143,'8850092402020',36,0,NULL,NULL),
	(90,'8850092404024',39,0,NULL,NULL),
	(82,'8851932282901',19,0,NULL,NULL),
	(83,'8851932282888',19,0,NULL,NULL),
	(280,'8850267112129',10,0,NULL,NULL),
	(180,'8851932183550',12,0,NULL,NULL),
	(181,'8851932183574',0,0,NULL,NULL),
	(290,'8851123212021',10,0,NULL,NULL),
	(130,'8853204208039',0,0,NULL,NULL),
	(188,'8851111400119',60,0,NULL,NULL),
	(202,'8851111400010',42,0,NULL,NULL),
	(203,'8851111400447',42,0,NULL,NULL),
	(119,'8855629362464',32,0,NULL,NULL),
	(92,'8855629362969',26,0,NULL,NULL),
	(86,'8855629361627',0,0,NULL,NULL),
	(80,'8850029209586',28,0,NULL,NULL),
	(118,'42184928',20,0,NULL,NULL),
	(135,'42185437',0,0,NULL,NULL),
	(133,'42172581',36,0,NULL,NULL),
	(79,'8850029209593',28,0,NULL,NULL),
	(187,'8850006900543',12,0,NULL,NULL),
	(175,'8850006900925',0,0,NULL,NULL),
	(211,'8851932221634',0,0,NULL,NULL),
	(158,'8851932111805',27,0,NULL,NULL),
	(126,'8851932221566',0,0,NULL,NULL),
	(114,'8851932179577',0,0,NULL,NULL),
	(146,'8851932221627',15,0,NULL,NULL),
	(153,'8851932234603',12,0,NULL,NULL),
	(105,'8851932179638',0,0,NULL,NULL),
	(148,'8851932180184',10,0,NULL,NULL),
	(182,'8850006901083',14,0,NULL,NULL),
	(125,'4902430250160',0,0,NULL,NULL),
	(122,'4800888142948',71,0,NULL,NULL),
	(127,'4800888142924',71,0,NULL,NULL),
	(155,'8850039600069',14,0,NULL,NULL),
	(255,'8851013794989',18,0,NULL,NULL),
	(258,'8851013798987',18,0,NULL,NULL),
	(109,'8851989020938',28,0,NULL,NULL),
	(142,'8851989021294',21,0,NULL,NULL),
	(117,'8851989020877',55,0,NULL,NULL),
	(137,'8851989020259',35,0,NULL,NULL),
	(110,'8851989020723',28,0,NULL,NULL),
	(120,'8851989020266',35,0,NULL,NULL),
	(129,'4987176600776',30,0,NULL,NULL),
	(145,'8851932269339',20,0,NULL,NULL),
	(121,'8851932202428',50,0,NULL,NULL),
	(106,'8851932213691',21,0,NULL,NULL),
	(78,'8851932143325',0,0,NULL,NULL),
	(191,'8850046100019',10,0,NULL,NULL),
	(367,'8851826061216',35,0,NULL,NULL),
	(265,'8850228000106',10,0,NULL,NULL),
	(263,'8850228000083',10,0,NULL,NULL),
	(398,'8857555632925',7,0,NULL,NULL),
	(354,'8850367100019',25,0,NULL,NULL),
	(355,'8851613101378',25,0,NULL,NULL),
	(356,'8850813101102',25,0,NULL,NULL),
	(495,'8850128030111',30,0,NULL,NULL),
	(433,'8858755200105',47,0,NULL,NULL),
	(560,'8850250000365',12,0,NULL,NULL),
	(382,'8858755200013',96,0,NULL,NULL),
	(500,'8850412503024',5,0,NULL,NULL),
	(505,'8850412504021',5,0,NULL,NULL),
	(333,'8852052150101',5,0,NULL,NULL),
	(227,'8850144208433',4,0,NULL,NULL),
	(229,'8850144208457',12,0,NULL,NULL),
	(232,'8850144211778',7,0,NULL,NULL),
	(230,'8850144208822',12,0,NULL,NULL),
	(228,'8850144208099',12,0,NULL,NULL),
	(88,'8850233260069',26,0,NULL,NULL),
	(70,'4902430317924',0,0,NULL,NULL),
	(71,'4902430198288',0,0,NULL,NULL),
	(72,'4902430107365',0,0,NULL,NULL),
	(77,'8851932183758',35,0,NULL,NULL),
	(65,'8851932190060',0,0,NULL,NULL),
	(64,'8851932190046',0,0,NULL,NULL),
	(245,'8851012011315',24,0,NULL,NULL),
	(244,'8858705601167',0,0,NULL,NULL),
	(246,'8850151951018',21,0,NULL,NULL),
	(192,'8850039715091',22,0,NULL,NULL),
	(268,'8850100003713',6,0,NULL,NULL),
	(267,'8850100101075',6,0,NULL,NULL),
	(269,'8850100101143',6,0,NULL,NULL),
	(266,'8850100121011',6,0,NULL,NULL),
	(347,'8850100128362',14,0,NULL,NULL),
	(324,'8851727003018',5,0,NULL,NULL),
	(496,'8850124075901',20,0,NULL,NULL),
	(409,'8850124006103',26,0,NULL,NULL),
	(328,'8852052140201',5,0,NULL,NULL),
	(473,'8850338003950',4,0,NULL,NULL),
	(474,'8850338003813',4,0,NULL,NULL),
	(361,'8850250006411',20,0,NULL,NULL),
	(557,'8855790000011',10,0,NULL,NULL),
	(588,'8850157130592',5,0,NULL,NULL),
	(518,'8850157130561',5,0,NULL,NULL),
	(519,'8850157130820',5,0,NULL,NULL),
	(136,'8850007031109',0,0,NULL,NULL),
	(102,'8850007060314',0,0,NULL,NULL),
	(156,'8850007010104',9,0,NULL,NULL),
	(123,'8850800100019',5,0,NULL,NULL),
	(341,'8850316010024',0,0,NULL,NULL),
	(340,'8850316010031',0,0,NULL,NULL),
	(482,'6920890701198',4,0,NULL,NULL),
	(481,'6920890701181',4,0,NULL,NULL),
	(410,'8888086021001',68,0,NULL,NULL),
	(362,'8992772065023',45,0,NULL,NULL),
	(374,'250066',5,0,NULL,NULL),
	(455,'8851912070139',18,0,NULL,NULL),
	(452,'8850038100027',18,0,NULL,NULL),
	(444,'8851954100689',37,0,NULL,NULL),
	(540,'8851954103116',14,0,NULL,NULL),
	(450,'8851954101211',20,0,NULL,NULL),
	(451,'8850038400011',22,0,NULL,NULL),
	(447,'8850038400028',32,0,NULL,NULL),
	(534,'8850124092823',18,0,NULL,NULL),
	(124,'8851932210089',0,0,NULL,NULL),
	(112,'8851932175685',0,0,NULL,NULL),
	(93,'8851932263979',21,0,NULL,NULL),
	(104,'8851932264051',21,0,NULL,NULL),
	(95,'8851932264020',21,0,NULL,NULL),
	(94,'8851932263986',21,0,NULL,NULL),
	(103,'8851932264068',21,0,NULL,NULL),
	(98,'8851932263962',21,0,NULL,NULL),
	(323,'8850718805334',5,0,NULL,NULL),
	(309,'8850718805334',5,0,NULL,NULL),
	(306,'8850718805327',5,0,NULL,NULL),
	(235,'8851932187411',13,0,NULL,NULL),
	(427,'8851932077699',34,0,NULL,NULL),
	(426,'8851932187428',30,0,NULL,NULL),
	(99,'8851932264044',0,0,NULL,NULL),
	(441,'8850360091475',53,0,NULL,NULL),
	(373,'8850360091017',16,0,NULL,NULL),
	(371,'8850360091130',57,0,NULL,NULL),
	(487,'9556001132420',89,0,NULL,NULL),
	(488,'9556001132536',89,0,NULL,NULL),
	(486,'9556001132093',89,0,NULL,NULL),
	(453,'8850206011124',26,0,NULL,NULL),
	(264,'8850228002001',10,0,NULL,NULL),
	(478,'8852001100027',42,0,NULL,NULL),
	(472,'8851929000174',4,0,NULL,NULL),
	(543,'9557327000790',36,0,NULL,NULL),
	(152,'8851824336378',5,0,NULL,NULL),
	(332,'8851717100048',10,0,NULL,NULL),
	(256,'8851717200670',9,0,NULL,NULL),
	(249,'8853002090065',10,0,NULL,NULL),
	(260,'8853002301857',0,0,NULL,NULL),
	(497,'8851359700859',0,0,NULL,NULL),
	(491,'8851359702921',221,0,NULL,NULL),
	(498,'8851359702839',229,0,NULL,NULL),
	(493,'8851359700835',266,0,NULL,NULL),
	(492,'8851359700842',240,0,NULL,NULL),
	(445,'8851954100726',19,0,NULL,NULL),
	(363,'8850124041517',15,0,NULL,NULL),
	(490,'8850124095022',253,0,NULL,NULL),
	(507,'8850718805976',5,0,NULL,NULL),
	(504,'8850718801916',5,0,NULL,NULL),
	(503,'8850718802005',5,0,NULL,NULL),
	(150,'8851806000297',28,0,NULL,NULL),
	(151,'8887549053740',4,0,NULL,NULL),
	(533,'8850718803590',5,0,NULL,NULL),
	(532,'8850718802319',5,0,NULL,NULL),
	(319,'8850718800209',5,0,NULL,NULL),
	(322,'8850718805013',5,0,NULL,NULL),
	(193,'8850851703191',0,0,NULL,NULL),
	(506,'8850309206076',5,0,NULL,NULL),
	(259,'8851013780982',16,0,NULL,NULL),
	(396,'8852021220019',38,0,NULL,NULL),
	(395,'8852021320016',35,0,NULL,NULL),
	(247,'8850151961116',24,0,NULL,NULL),
	(239,'8850124018205',24,0,NULL,NULL),
	(485,'8850124021991',12,0,NULL,NULL),
	(483,'8858705600009',12,0,NULL,NULL),
	(489,'8850124095084',253,0,NULL,NULL),
	(484,'8851012010004',12,0,NULL,NULL),
	(248,'8850188170604',22,0,NULL,NULL),
	(257,'8850124038937',16,0,NULL,NULL),
	(364,'8858705602713',0,0,NULL,NULL),
	(111,'8850094277145',21,0,NULL,NULL),
	(279,'8851952350147',15,0,NULL,NULL),
	(431,'8857122620850',32,0,NULL,NULL),
	(541,'8858624001024',20,0,NULL,NULL),
	(449,'8850487037141',28,0,NULL,NULL),
	(302,'8858659412017',20,0,NULL,NULL),
	(303,'8858659412024',20,0,NULL,NULL),
	(301,'8858659412079',20,0,NULL,NULL),
	(553,'8850256510004',20,0,NULL,NULL),
	(240,'8850256100137',20,0,NULL,NULL),
	(238,'8854203000037',18,0,NULL,NULL),
	(554,'8850256100106',32,0,NULL,NULL),
	(456,'8850114407514',26,0,NULL,NULL),
	(454,'8850545777552',25,0,NULL,NULL),
	(457,'8850620888104',15,0,NULL,NULL),
	(219,'8851008000743',12,0,NULL,NULL),
	(388,'8850114402809',16,0,NULL,NULL),
	(216,'8850210000022',32,0,NULL,NULL),
	(459,'8850635001031',58,0,NULL,NULL),
	(538,'8858776300259',47,0,NULL,NULL),
	(384,'8850180010175',36,0,NULL,NULL),
	(411,'8850581111112',45,0,NULL,NULL),
	(537,'8850154000041',49,0,NULL,NULL),
	(9,'30005174',0,0,NULL,NULL),
	(397,'8851932217163',0,0,NULL,NULL),
	(430,'8850002852150',20,0,NULL,NULL),
	(416,'8850002022867',23,0,NULL,NULL),
	(419,'8850175040002',32,0,NULL,NULL),
	(420,'8850175040378',37,0,NULL,NULL),
	(408,'8850866249981',20,0,NULL,NULL),
	(218,'8851954102119',12,0,NULL,NULL),
	(389,'8851008000392',10,0,NULL,NULL),
	(278,'8850999320007',15,0,NULL,NULL),
	(276,'8850999321004',7,0,NULL,NULL),
	(277,'8850999322001',10,0,NULL,NULL),
	(89,'8851123782029',0,0,NULL,NULL),
	(546,'42131946',39,0,NULL,NULL),
	(545,'8850029816579',39,0,NULL,NULL),
	(439,'8851932211628',9,0,NULL,NULL),
	(462,'8851932211611',27,0,NULL,NULL),
	(336,'8851932187787',0,0,NULL,NULL),
	(344,'8851932187855',60,0,NULL,NULL),
	(423,'8851932276221',10,0,NULL,NULL),
	(574,'8850360011015',70,0,NULL,NULL),
	(351,'8850100107060',0,0,NULL,NULL),
	(348,'8850100107046',0,0,NULL,NULL),
	(555,'8851989080185',22,0,NULL,NULL),
	(556,'8851989080505',22,0,NULL,NULL),
	(352,'8850069011019',9,0,NULL,NULL),
	(499,'8850511121181',18,0,NULL,NULL),
	(394,'8858463002046',18,0,NULL,NULL),
	(390,'8850035310139',17,0,NULL,NULL),
	(391,'8850081510019',17,0,NULL,NULL),
	(392,'8850088600409',23,0,NULL,NULL),
	(393,'8850088601406',24,0,NULL,NULL),
	(530,'8851162125481',15,0,NULL,NULL),
	(539,'8851019010137',15,0,NULL,NULL),
	(305,'8851004107057',5,0,NULL,NULL),
	(379,'8850002022805',20,0,NULL,NULL),
	(425,'8851932156097',10,0,NULL,NULL),
	(418,'8851826081320',44,0,NULL,NULL),
	(217,'8850035000214',18,0,NULL,NULL),
	(220,'8850035000313',27,0,NULL,NULL),
	(542,'9557327000806',36,0,NULL,NULL),
	(407,'8855720005062',10,0,NULL,NULL),
	(212,'8851932234610',0,0,NULL,NULL),
	(559,'8851959140956',16,0,NULL,NULL),
	(561,'8851959148945',20,0,NULL,NULL),
	(412,'8850369010255',42,0,NULL,NULL),
	(307,'8850718801664',5,0,NULL,NULL),
	(270,'8850987128301',6,0,NULL,NULL),
	(272,'8850987101021',6,0,NULL,NULL),
	(274,'8850987101014',6,0,NULL,NULL),
	(405,'8850987128073',13,0,NULL,NULL),
	(401,'8850987123863',12,0,NULL,NULL),
	(403,'8850987101489',0,0,NULL,NULL),
	(399,'8850987123825',11,0,NULL,NULL),
	(400,'8850987101472',14,0,NULL,NULL),
	(315,'8852052135207',5,0,NULL,NULL),
	(312,'8852052135306',5,0,NULL,NULL),
	(325,'8852052135108',5,0,NULL,NULL),
	(283,'8851959122921',15,0,NULL,NULL),
	(375,'8850175067283',17,0,NULL,NULL),
	(376,'8850419307014',36,0,NULL,NULL),
	(369,'8852526600019',18,0,NULL,NULL),
	(149,'8851447010006',14,0,NULL,NULL),
	(147,'8851847000904',44,0,NULL,NULL),
	(177,'4891338019095',0,0,NULL,NULL),
	(25,'8850002016163',0,0,NULL,NULL),
	(24,'8850002008915',0,0,NULL,NULL),
	(166,'8850006203019',26,0,NULL,NULL),
	(170,'8850006325995',12,0,NULL,NULL),
	(165,'8850006326862',40,0,NULL,NULL),
	(17,'8850006911457',338,0,NULL,NULL),
	(13,'8850006911457',235,0,NULL,NULL),
	(26,'8850006920329',0,0,NULL,NULL),
	(19,'8850006921425',0,0,NULL,NULL),
	(169,'8850002008946',21,0,NULL,NULL),
	(160,'8850348104012',14,0,NULL,NULL),
	(21,'8850348104029',0,0,NULL,NULL),
	(159,'4891338019101',9,0,NULL,NULL),
	(162,'8851228004149',9,0,NULL,NULL),
	(14,'4891338019217',0,0,NULL,NULL),
	(16,'4891338019200',0,0,NULL,NULL),
	(15,'8851228004156',0,0,NULL,NULL),
	(163,'8850886035014',11,0,NULL,NULL),
	(22,'8850886035021',0,0,NULL,NULL),
	(167,'8850002016002',25,0,NULL,NULL),
	(20,'8850002016019',0,0,NULL,NULL),
	(164,'8851932198943',23,0,NULL,NULL),
	(161,'8851932198929',0,0,NULL,NULL),
	(18,'8851932198936',0,0,NULL,NULL),
	(23,'8851932198912',0,0,NULL,NULL),
	(209,'8852197110039',16,0,NULL,NULL),
	(271,'8850250002994',6,0,NULL,NULL),
	(275,'8850250002864',6,0,NULL,NULL),
	(273,'8850250007166',6,0,NULL,NULL),
	(404,'8850250006770',0,0,NULL,NULL),
	(402,'8850250006848',15,0,NULL,NULL),
	(128,'8850800461011',5,0,NULL,NULL),
	(529,'8850425002910',5,0,NULL,NULL),
	(358,'8850250001782',29,0,NULL,NULL),
	(357,'8850250001393',4,0,NULL,NULL),
	(349,'8850250006992',14,0,NULL,NULL),
	(131,'4902430271363',19,0,NULL,NULL),
	(81,'4902430245340',0,0,NULL,NULL),
	(138,'4902430317894',19,0,NULL,NULL),
	(199,'8851818917316',15,0,NULL,NULL),
	(190,'8992727002691',28,0,NULL,NULL),
	(578,'8850999143002',30,0,NULL,NULL),
	(421,'8850092011062',32,0,NULL,NULL),
	(422,'8850092016111',0,0,NULL,NULL),
	(334,'8850092102210',37,0,NULL,NULL),
	(477,'8852001901006',38,0,NULL,NULL),
	(476,'8852001128502',38,0,NULL,NULL),
	(547,'8851989070018',39,0,NULL,NULL),
	(329,'8850122101053',15,0,NULL,NULL),
	(480,'8852007982016',25,0,NULL,NULL),
	(63,'8850360022523',15,0,NULL,NULL),
	(171,'8850360022707',0,0,NULL,NULL),
	(48,'8851932183567',0,0,NULL,NULL),
	(53,'8851932183666',0,0,NULL,NULL),
	(58,'8851932183673',0,0,NULL,NULL),
	(51,'8851932213134',0,0,NULL,NULL),
	(62,'8851932213127',0,0,NULL,NULL),
	(46,'8851932183543',0,0,NULL,NULL),
	(52,'8851932183727',0,0,NULL,NULL),
	(57,'8851932183734',0,0,NULL,NULL),
	(176,'8850006900659',0,0,NULL,NULL),
	(54,'8851929003892',0,0,NULL,NULL),
	(55,'8851929002796',8,0,NULL,NULL),
	(56,'8851929000990',12,0,NULL,NULL),
	(50,'8850006530368',0,0,NULL,NULL),
	(44,'8850006525289',0,0,NULL,NULL),
	(61,'8850169006014',10,0,NULL,NULL),
	(59,'8850169016013',10,0,NULL,NULL),
	(60,'8850169256013',10,0,NULL,NULL),
	(43,'4902430251730',0,0,NULL,NULL),
	(45,'4902430251778',14,0,NULL,NULL),
	(47,'8850360022714',0,0,NULL,NULL),
	(49,'8850360022530',0,0,NULL,NULL),
	(438,'8850006602621',37,0,NULL,NULL),
	(435,'8850006921456',39,0,NULL,NULL),
	(387,'8850006900406',0,0,NULL,NULL),
	(42,'8850006534311',0,0,NULL,NULL),
	(41,'8850006534359',0,0,NULL,NULL),
	(205,'8850185000188',16,0,NULL,NULL),
	(569,'8854792000371',106,0,NULL,NULL),
	(571,'8851707000112',133,0,NULL,NULL),
	(576,'8851707000129',274,0,NULL,NULL),
	(343,'8850002850262',40,0,NULL,NULL),
	(342,'8850002850231',38,0,NULL,NULL),
	(327,'8854923251108',5,0,NULL,NULL),
	(314,'8852052220200',5,0,NULL,NULL),
	(331,'8854923214103',5,0,NULL,NULL),
	(517,'8854923218309',22,0,NULL,NULL),
	(584,'8851959132364',13,0,NULL,NULL),
	(568,'8851959144367',29,0,NULL,NULL),
	(262,'8850180020013',14,0,NULL,NULL),
	(261,'8850180020037',13,0,NULL,NULL),
	(253,'8850180020020',13,491,NULL,NULL),
	(458,'8850581111044',48,0,NULL,NULL),
	(531,'8850088605602',43,0,NULL,NULL),
	(386,'8850210000015',19,0,NULL,NULL),
	(460,'8851932269254',40,0,NULL,NULL),
	(570,'8851994916011',44,0,NULL,NULL),
	(370,'8850273151303',25,0,NULL,NULL),
	(366,'8850273113912',55,0,NULL,NULL),
	(360,'8850250001652',5,0,NULL,NULL),
	(233,'8850250001669',11,0,NULL,NULL),
	(286,'8858638000242',12,0,NULL,NULL),
	(287,'8858638001638',12,0,NULL,NULL),
	(285,'8858638001133',12,0,NULL,NULL),
	(284,'8858638000051',12,0,NULL,NULL),
	(294,'8858891300158',20,0,NULL,NULL),
	(299,'8858891300073',20,0,NULL,NULL),
	(300,'8858891300110',20,0,NULL,NULL),
	(581,'8850999000251',39,0,NULL,NULL),
	(470,'8850338008610',4,0,NULL,NULL),
	(471,'8850338008641',4,0,NULL,NULL),
	(330,'8852052115506',20,0,NULL,NULL),
	(313,'8852052110303',5,0,NULL,NULL),
	(346,'8852052110402',10,0,NULL,NULL),
	(350,'8850069011026',19,0,NULL,NULL),
	(434,'8850069010036',10,0,NULL,NULL),
	(437,'8850273261811',45,0,NULL,NULL),
	(291,'8850389103876',20,0,NULL,NULL),
	(251,'8850389104132',0,0,NULL,NULL),
	(252,'8850389104439',0,0,NULL,NULL),
	(250,'8850389104149',12,0,NULL,NULL),
	(293,'8850389103388',20,0,NULL,NULL),
	(292,'8850389103371',20,0,NULL,NULL),
	(475,'8850338020131',16,0,NULL,NULL),
	(467,'8850338015687',1,0,NULL,NULL),
	(528,'8850338015649',1,0,NULL,NULL),
	(466,'8850338017223',4,0,NULL,NULL),
	(468,'8850338017131',1,0,NULL,NULL),
	(469,'8850338017193',4,0,NULL,NULL),
	(465,'8850338016783',0,0,NULL,NULL),
	(440,'8850273281109',0,0,NULL,NULL),
	(378,'8850273284100',103,0,NULL,NULL),
	(381,'8850273261712',61,0,NULL,NULL),
	(318,'8851004438052',5,0,NULL,NULL),
	(223,'8850124034519',177,0,NULL,NULL),
	(243,'8850127003628',95,0,NULL,NULL),
	(242,'8850127003529',42,0,NULL,NULL),
	(241,'8850127003505',95,0,NULL,NULL),
	(432,'8851705001067',0,0,NULL,NULL),
	(577,'8850999141008',47,0,NULL,NULL),
	(562,'8851994923019',26,0,NULL,NULL),
	(558,'8850571930334',53,0,NULL,NULL),
	(572,'8851993623019',30,0,NULL,NULL),
	(575,'8851993616011',47,0,NULL,NULL),
	(579,'8850999111001',57,0,NULL,NULL),
	(580,'8850999113005',35,0,NULL,NULL),
	(564,'8851952301101',28,0,NULL,NULL),
	(582,'8851952301309',13,0,NULL,NULL),
	(436,'8850002001060',27,0,NULL,NULL),
	(214,'8850228001424',12,0,NULL,NULL),
	(237,'8850228001318',0,0,NULL,NULL),
	(215,'8850228001028',12,0,NULL,NULL),
	(225,'8850228001561',0,0,NULL,NULL),
	(226,'8850228000830',12,0,NULL,NULL),
	(213,'8850228002087',12,0,NULL,NULL),
	(87,'8850233260236',23,0,NULL,NULL),
	(115,'8851989010953',36,0,NULL,NULL),
	(116,'8851989010946',36,0,NULL,NULL),
	(304,'8850718804498',5,0,NULL,NULL),
	(321,'8850718806072',10,0,NULL,NULL),
	(311,'8850718801879',5,0,NULL,NULL),
	(316,'8850718801886',20,0,NULL,NULL),
	(326,'8850718805938',20,0,NULL,NULL),
	(308,'8850718804801',5,0,NULL,NULL),
	(310,'8850718804498',5,0,NULL,NULL),
	(514,'8850718804566',23,0,NULL,NULL),
	(515,'8850718803781',20,0,NULL,NULL),
	(513,'8850718803804',23,0,NULL,NULL),
	(521,'8850332223149',5,0,NULL,NULL),
	(527,'8850332223132',5,0,NULL,NULL),
	(525,'8850987362934',5,0,NULL,NULL),
	(522,'8850987351365',5,0,NULL,NULL),
	(526,'8850987351280',5,0,NULL,NULL),
	(339,'8850002850095',35,0,NULL,NULL),
	(464,'8850002852730',38,0,NULL,NULL),
	(549,'8851989011264',33,0,NULL,NULL),
	(96,'4902430289627',29,0,NULL,NULL),
	(132,'4902430289672',29,0,NULL,NULL),
	(141,'4902430289412',29,0,NULL,NULL),
	(508,'8851004203056',5,0,NULL,NULL),
	(511,'8851016000643',10,0,NULL,NULL),
	(76,'8851932237451',7,0,NULL,NULL),
	(69,'8851932209298',0,0,NULL,NULL),
	(75,'8851932262729',32,0,NULL,NULL),
	(73,'8851932262293',32,0,NULL,NULL),
	(74,'8851932263337',32,0,NULL,NULL),
	(67,'4902430275347',21,0,NULL,NULL),
	(68,'4902430275217',21,0,NULL,NULL),
	(144,'8850172242027',16,0,NULL,NULL),
	(479,'8852001100010',42,0,NULL,NULL),
	(178,'8851123705608',0,0,NULL,NULL),
	(66,'8858668400371',19,0,NULL,NULL),
	(173,'8850007170358',0,0,NULL,NULL),
	(33,'8850007170075',0,0,NULL,NULL),
	(186,'8850007500292',28,0,NULL,NULL),
	(185,'8850007010241',11,0,NULL,NULL),
	(179,'8851123703901',35,0,NULL,NULL),
	(27,'8851123705615',0,0,NULL,NULL),
	(30,'8850007010074',0,0,NULL,NULL),
	(29,'8850007010319',0,0,NULL,NULL),
	(39,'8850007500674',0,0,NULL,NULL),
	(32,'8851123784283',0,0,NULL,NULL),
	(36,'8851123785211',0,0,NULL,NULL),
	(31,'8851123794046',13,0,NULL,NULL),
	(28,'8851932111799',0,0,NULL,NULL),
	(37,'8851123705264',427,0,NULL,NULL),
	(40,'8851123705615',0,0,NULL,NULL),
	(38,'8852086001004',13,0,NULL,NULL),
	(172,'8850006584019',12,0,NULL,NULL),
	(34,'8850006914649',0,0,NULL,NULL),
	(35,'8850006914632',0,0,NULL,NULL),
	(231,'8850180040011',18,0,NULL,NULL),
	(157,'8850006263075',0,0,NULL,NULL),
	(12,'8888826016564',23,0,NULL,NULL),
	(168,'8850006261088',8,0,NULL,NULL),
	(10,'8850006920862',9,0,NULL,NULL),
	(11,'8850006911679',0,0,NULL,NULL),
	(585,'8851959132166',13,0,NULL,NULL),
	(583,'8851959132173',13,0,NULL,NULL),
	(566,'8851959144176',29,0,NULL,NULL),
	(565,'8851959144169',29,0,NULL,NULL),
	(563,'8851959144190',29,0,NULL,NULL),
	(587,'8851959132180',13,0,NULL,NULL),
	(446,'8850124065407',20,0,NULL,NULL),
	(289,'8852742000099',10,0,NULL,NULL),
	(424,'8851818361300',29,0,NULL,NULL),
	(461,'8851818803305',85,0,NULL,NULL),
	(552,'8851818182646',110,0,NULL,NULL),
	(551,'8851818028555',0,0,NULL,NULL),
	(501,'8854923251306',20,0,NULL,NULL),
	(536,'8852023664224',26,0,NULL,NULL),
	(567,'8851959144015',29,0,NULL,NULL),
	(288,'8851959156018',15,0,NULL,NULL),
	(586,'8851959132012',13,0,NULL,NULL),
	(520,'8852008300000',20,0,NULL,NULL),
	(359,'8850987701085',10,0,NULL,NULL),
	(406,'8850144208778',19,0,NULL,NULL),
	(353,'8850987701092',10,0,NULL,NULL),
	(194,'8851111102136',12,0,NULL,NULL),
	(195,'8851111100026',23,0,NULL,NULL),
	(197,'8851111100415',9,0,NULL,NULL),
	(139,'8851932282925',19,0,NULL,NULL),
	(320,'8851004801054',5,0,NULL,NULL),
	(317,'8851727001021',5,0,NULL,NULL),
	(200,'8850007372660',11,0,NULL,NULL),
	(201,'8850007371731',9,0,NULL,NULL),
	(207,'8850007372257',15,0,NULL,NULL),
	(208,'8850007372028',9,0,NULL,NULL),
	(204,'8850007371397',22,0,NULL,NULL),
	(281,'8850188420204',10,0,NULL,NULL),
	(443,'8850511321147',20,0,NULL,NULL),
	(535,'8850511621667',16,0,NULL,NULL),
	(509,'8850309205154',5,0,NULL,NULL),
	(512,'8850309003217',5,0,NULL,NULL),
	(516,'8850309205178',5,0,NULL,NULL),
	(524,'8992760221011',5,0,NULL,NULL),
	(523,'7622300630966',5,0,NULL,NULL),
	(385,'8850635001017',19,0,NULL,NULL),
	(383,'8850635001024',30,0,NULL,NULL),
	(494,'8850086131509',32,0,NULL,NULL),
	(296,'8854698006347',20,0,NULL,NULL),
	(297,'8854698005289',20,0,NULL,NULL),
	(295,'8854698005050',20,0,NULL,NULL),
	(298,'8854698005043',20,0,NULL,NULL),
	(463,'8851932186100',18,0,NULL,NULL),
	(510,'8850284064111',5,0,NULL,NULL),
	(502,'8850284061110',4,0,NULL,NULL),
	(154,'8850583000315',35,0,NULL,NULL),
	(368,'8850175067276',17,0,NULL,NULL),
	(372,'8850175067313',23,0,NULL,NULL),
	(380,'8851705000015',5,0,NULL,NULL),
	(377,'040044',10,0,NULL,NULL),
	(254,'8851012103058',12,0,NULL,NULL),
	(236,'8850002010116',13,0,NULL,NULL),
	(282,'8851028001423',13,0,NULL,NULL),
	(442,'8850343003181',22,0,NULL,NULL),
	(448,'8850343000166',22,0,NULL,NULL),
	(415,'8850092222109',35,0,NULL,NULL),
	(417,'8850092224103',35,0,NULL,NULL),
	(413,'8850092232511',0,0,NULL,NULL),
	(337,'8850092202040',17,0,NULL,NULL),
	(414,'8850092234515',15,0,NULL,NULL),
	(335,'8851818094598',24,0,NULL,NULL),
	(338,'8851818602304',17,0,NULL,NULL),
	(428,'8850002022539',35,0,NULL,NULL),
	(589,'8850124033550',39,0,NULL,NULL),
	(590,'8851753098811',23,0,NULL,NULL),
	(591,'8850127044010',46,0,NULL,NULL),
	(592,'8851753098767',23,0,NULL,NULL),
	(593,'8851753098125',37,0,NULL,NULL),
	(594,'8851753098187',37,0,NULL,NULL),
	(595,'8850124033574',39,0,NULL,NULL),
	(596,'8850837061017',12,0,NULL,NULL),
	(597,'8850866271807',29,0,NULL,NULL),
	(599,'8850511321178',16,0,NULL,NULL),
	(600,'8850002852327',40,0,NULL,NULL),
	(601,'8851818636903',16,0,NULL,NULL),
	(602,'8850388547503',16,0,NULL,NULL),
	(603,'8853002080066',10,0,NULL,NULL),
	(604,'8851717901331',6,0,NULL,NULL),
	(605,'8850388541167',16,0,NULL,NULL),
	(606,'8850731000020',12,0,NULL,NULL),
	(607,'8850388547022',16,0,NULL,NULL),
	(608,'8851717901782',10,0,NULL,NULL),
	(609,'8853333010015',16,0,NULL,NULL),
	(610,'8853333004960',16,0,NULL,NULL),
	(611,'8851717901799',10,0,NULL,NULL),
	(612,'8850388547145',16,0,NULL,NULL),
	(613,'8851013799984',16,0,NULL,NULL),
	(614,'7622300484101',5,0,NULL,NULL),
	(615,'8851989060972',10,0,NULL,NULL),
	(616,'8851123381130',37,0,NULL,NULL),
	(617,'8851123389112',36,0,NULL,NULL),
	(618,'7612100057551',12,0,NULL,NULL),
	(619,'5000299202104',345,0,NULL,NULL),
	(620,'2885038240000',30,580,NULL,NULL),
	(621,'8851473007704',7,105,NULL,NULL),
	(626,'8850188250108',13,336,NULL,NULL),
	(634,'8854792000418',45,0,NULL,NULL),
	(636,'8852537011217',125,118,NULL,NULL),
	(637,'8852537012214',130,123,NULL,NULL),
	(629,'7612100053805',13,478,NULL,NULL),
	(639,'8850024101854',248,690,NULL,NULL),
	(623,'8850127004410',102,95,NULL,NULL),
	(622,'8850127004397',102,95,NULL,NULL),
	(635,'8850571920649',70,770,NULL,NULL),
	(625,'9557327001612',28,65,NULL,NULL),
	(633,'8850124003874',7,47,NULL,NULL),
	(632,'8850999220000',8,140,NULL,NULL),
	(631,'8852537011118',10,292,NULL,NULL),
	(0,'test',10,0,NULL,NULL),
	(755,'751',950,0,800,NULL),
	(756,'756',950,0,0,NULL),
	(757,'757',350,0,450,NULL),
	(758,'758',950,0,0,NULL),
	(759,'759',950,0,0,NULL),
	(760,'760',1050,0,0,NULL),
	(710,'710',950,0,0,NULL),
	(711,'711',950,0,0,NULL),
	(712,'712',950,0,NULL,NULL),
	(713,'713',1050,0,NULL,NULL),
	(714,'714',1050,0,NULL,NULL),
	(715,'715',0,0,0,NULL),
	(739,'739',950,0,900,NULL),
	(740,'740',950,0,900,NULL),
	(741,'741',950,0,900,NULL),
	(742,'742',950,0,900,NULL),
	(743,'743',950,0,900,NULL),
	(744,'744',950,0,900,NULL),
	(733,'733',0,0,0,NULL),
	(734,'734',0,0,0,NULL),
	(735,'735',0,0,0,NULL),
	(736,'736',0,0,0,NULL),
	(737,'737',0,0,0,NULL),
	(738,'738',0,0,0,NULL),
	(704,'704',0,0,0,NULL),
	(705,'705',0,0,0,NULL),
	(706,'706',0,0,0,NULL),
	(707,'707',0,0,0,NULL),
	(708,'708',1050,0,0,NULL),
	(709,'709',1050,0,0,NULL),
	(745,'745',0,0,0,NULL),
	(746,'746',0,0,0,NULL),
	(747,'747',0,0,0,NULL),
	(748,'748',0,0,0,NULL),
	(749,'749',0,0,0,NULL),
	(750,'750',0,0,0,NULL),
	(676,'676',0,0,0,NULL),
	(683,'683',NULL,0,NULL,NULL),
	(678,'678',NULL,0,NULL,NULL),
	(679,'679',NULL,0,NULL,NULL),
	(684,'684',NULL,0,NULL,NULL),
	(680,'680',NULL,0,NULL,NULL),
	(681,'681',NULL,0,NULL,NULL),
	(691,'691',NULL,0,NULL,NULL),
	(692,'692',NULL,0,NULL,NULL),
	(693,'693',NULL,0,NULL,NULL),
	(694,'694',NULL,0,NULL,NULL),
	(695,'695',NULL,0,NULL,NULL),
	(696,'696',NULL,0,NULL,NULL),
	(697,'697',NULL,0,NULL,NULL),
	(685,'685',NULL,0,NULL,NULL),
	(686,'686',NULL,0,NULL,NULL),
	(687,'687',NULL,0,NULL,NULL),
	(688,'688',NULL,0,NULL,NULL),
	(689,'689',NULL,0,NULL,NULL),
	(690,'690',NULL,0,NULL,NULL),
	(665,'665',NULL,0,NULL,NULL),
	(666,'666',NULL,0,NULL,NULL),
	(667,'667',NULL,0,NULL,NULL),
	(668,'668',NULL,0,NULL,NULL),
	(669,'669',NULL,0,NULL,NULL),
	(664,'019',NULL,0,NULL,NULL),
	(670,'670',NULL,0,NULL,NULL),
	(671,'671',NULL,0,NULL,NULL),
	(672,'672',NULL,0,NULL,NULL),
	(673,'673',NULL,0,NULL,NULL),
	(674,'674',NULL,0,NULL,NULL),
	(675,'675',NULL,0,NULL,NULL),
	(698,'698',NULL,0,NULL,NULL),
	(699,'699',NULL,0,NULL,NULL),
	(700,'700',NULL,0,NULL,NULL),
	(701,'701',NULL,0,NULL,NULL),
	(702,'702',NULL,0,NULL,NULL),
	(703,'703',NULL,0,NULL,NULL),
	(651,'007',0,0,0,NULL),
	(653,'008',950,0,930,NULL),
	(654,'009',0,0,0,NULL),
	(655,'010',0,0,0,NULL),
	(656,'011',0,0,0,NULL),
	(657,'012',0,0,0,NULL),
	(716,'716',780,0,800,NULL),
	(717,'717',780,0,800,NULL),
	(718,'718',800,0,780,NULL),
	(719,'719',800,0,780,NULL),
	(720,'720',750,0,800,NULL),
	(721,'721',800,0,780,NULL),
	(658,'013',0,0,0,NULL),
	(659,'014',0,0,0,NULL),
	(660,'015',0,0,0,NULL),
	(661,'016',0,0,0,NULL),
	(662,'017',0,0,0,NULL),
	(663,'018',0,0,0,NULL),
	(722,'722',0,0,0,NULL),
	(723,'723',0,0,0,NULL),
	(724,'724',0,0,0,NULL),
	(725,'725',800,0,780,NULL),
	(726,'726',0,0,0,NULL),
	(727,'727',0,0,0,NULL),
	(645,'001',0,0,0,NULL),
	(646,'002',0,0,0,NULL),
	(652,'008',950,0,930,NULL),
	(647,'003',0,0,0,NULL),
	(648,'004',0,0,0,NULL),
	(650,'006',0,0,0,NULL),
	(649,'005',0,0,0,NULL),
	(728,'728',0,0,0,NULL),
	(729,'729',0,0,0,NULL),
	(730,'730',0,0,0,NULL),
	(731,'731',0,0,0,NULL),
	(732,'732',0,0,0,NULL),
	(802,'802',NULL,0,NULL,NULL),
	(801,'801',NULL,0,NULL,NULL),
	(804,'804',NULL,0,NULL,NULL),
	(803,'803',NULL,0,NULL,NULL),
	(766,'766',1100,0,NULL,NULL),
	(767,'767',1100,0,NULL,NULL),
	(768,'768',1100,0,NULL,NULL),
	(764,'764',600,0,NULL,NULL),
	(765,'765',800,0,NULL,NULL),
	(792,'792',NULL,0,NULL,NULL),
	(789,'789',NULL,0,NULL,NULL),
	(790,'790',580,0,550,NULL),
	(791,'791',NULL,0,NULL,NULL),
	(788,'788',0,0,0,NULL),
	(785,'785',NULL,0,NULL,NULL),
	(786,'786',NULL,0,NULL,NULL),
	(787,'787',NULL,0,NULL,NULL),
	(800,'800',NULL,0,NULL,NULL),
	(797,'797',NULL,0,NULL,NULL),
	(798,'798',NULL,0,NULL,NULL),
	(799,'799',NULL,0,NULL,NULL),
	(796,'796',NULL,0,NULL,NULL),
	(793,'793',NULL,0,NULL,NULL),
	(794,'794',NULL,0,NULL,NULL),
	(795,'795',NULL,0,NULL,NULL),
	(784,'784',NULL,0,NULL,NULL),
	(781,'781',NULL,0,NULL,NULL),
	(782,'782',1050,0,NULL,NULL),
	(783,'783',NULL,0,NULL,NULL),
	(780,'780',NULL,0,NULL,NULL),
	(777,'777',NULL,0,NULL,NULL),
	(778,'778',1300,0,NULL,NULL),
	(779,'779',NULL,0,NULL,NULL),
	(772,'772',NULL,0,NULL,NULL),
	(769,'769',NULL,0,NULL,NULL),
	(770,'770',0,0,0,NULL),
	(771,'771',NULL,0,NULL,NULL),
	(776,'776',NULL,0,NULL,NULL),
	(773,'773',NULL,0,NULL,NULL),
	(774,'774',450,0,400,NULL),
	(775,'775',NULL,0,NULL,NULL),
	(761,'761',830,0,0,NULL),
	(762,'762',830,0,0,NULL),
	(763,'763',830,0,0,NULL),
	(0,'711',950,0,0,NULL),
	(0,'712',950,0,NULL,NULL),
	(0,'713',1050,0,NULL,NULL),
	(0,'714',1050,0,NULL,NULL),
	(0,'786',1250,0,NULL,NULL),
	(0,'786',1300,0,NULL,NULL),
	(0,'778',1000,0,NULL,NULL),
	(0,'778',1000,0,NULL,NULL),
	(0,'770',0,0,0,NULL),
	(0,'757',350,0,450,NULL),
	(0,'815',850,0,800,NULL),
	(0,'815',850,0,800,NULL),
	(0,'1111',850,0,830,NULL),
	(0,'1111',850,0,830,NULL),
	(0,'815',850,0,800,NULL),
	(0,'815',850,0,800,NULL),
	(0,'817',850,0,800,NULL),
	(0,'817',850,0,800,NULL),
	(0,'817',850,0,800,NULL),
	(0,'818',800,0,780,NULL),
	(0,'819',720,0,720,NULL),
	(0,'819',720,0,720,NULL),
	(0,'819',720,0,720,NULL),
	(0,'820',720,0,700,NULL),
	(814,'757',350,0,450,NULL),
	(818,'818',800,720,780,NULL),
	(819,'819',720,0,720,NULL),
	(820,'820',720,0,700,NULL),
	(816,'815',850,0,800,NULL),
	(817,'817',850,0,800,NULL),
	(805,'711',950,0,0,NULL),
	(806,'712',950,0,NULL,NULL),
	(807,'713',1050,0,NULL,NULL),
	(808,'714',1050,0,NULL,NULL),
	(0,'821',350,0,450,NULL),
	(0,'821',350,0,450,NULL),
	(0,'821',350,0,450,NULL),
	(0,'822',350,0,450,NULL),
	(0,'823',950,0,900,NULL),
	(0,'823',950,0,900,NULL),
	(0,'823',950,0,900,NULL),
	(0,'824',820,0,800,NULL),
	(0,'',800,0,780,NULL),
	(0,'',800,0,780,NULL),
	(0,'825',800,0,780,NULL),
	(0,'825',800,0,780,NULL),
	(0,'825',0,0,0,NULL),
	(0,'826',0,0,0,NULL),
	(0,'826',0,0,0,NULL),
	(0,'826',0,0,0,NULL),
	(0,'827',800,0,780,NULL),
	(0,'828',800,0,750,NULL),
	(0,'829',920,0,840,NULL),
	(0,'830',470,0,400,NULL),
	(0,'830',470,0,400,NULL),
	(0,'830',470,0,400,NULL),
	(0,'831',620,0,600,NULL),
	(0,'831',620,0,600,NULL),
	(0,'831',0,0,0,NULL),
	(0,'832',420,0,390,NULL),
	(0,'774',450,0,400,NULL),
	(0,'774',450,0,400,NULL),
	(0,'831',420,0,380,NULL),
	(0,'835',420,0,390,NULL),
	(0,'837',420,0,400,NULL),
	(0,'842',400,0,380,NULL),
	(0,'837',420,0,400,NULL),
	(0,'838',420,0,390,NULL),
	(0,'839',480,0,450,NULL),
	(0,'840',400,0,370,NULL),
	(0,'841',400,0,370,NULL),
	(0,'841',400,0,370,NULL),
	(0,'843',420,0,400,NULL),
	(0,'843',420,0,400,NULL),
	(0,'837',420,0,400,NULL),
	(0,'849',380,0,350,NULL),
	(0,'853',400,0,370,NULL),
	(0,'850',430,0,400,NULL),
	(0,'850',430,0,400,NULL),
	(0,'851',400,0,380,NULL),
	(0,'851',400,0,380,NULL),
	(0,'852',450,0,400,NULL),
	(0,'852',450,0,400,NULL),
	(0,'854',350,0,320,NULL),
	(0,'857',350,0,320,NULL),
	(0,'860',350,0,320,NULL),
	(0,'857',350,0,320,NULL),
	(0,'858',350,0,320,NULL),
	(0,'858',350,0,320,NULL),
	(0,'859',350,0,320,NULL),
	(0,'859',350,0,320,NULL),
	(0,'857',350,0,320,NULL);

/*!40000 ALTER TABLE `tb_product_price_per_unit` ENABLE KEYS */;
UNLOCK TABLES;


# Dump of table tb_product_serial
# ------------------------------------------------------------

DROP TABLE IF EXISTS `tb_product_serial`;

CREATE TABLE `tb_product_serial` (
  `id` int(11) NOT NULL AUTO_INCREMENT,
  `product_code` int(11) NOT NULL,
  `serial_no` varchar(255) NOT NULL,
  `product_start_date` date NOT NULL,
  `product_expire_date` date NOT NULL,
  `bill_sale_id` int(11) NOT NULL,
  `clame_date` datetime NOT NULL,
  `clame_status` enum('no','wait','complete') NOT NULL,
  `repair_date` datetime NOT NULL,
  `repair_status` enum('no','wait','complete') NOT NULL,
  `user_id` int(11) NOT NULL,
  `current_status` enum('no','repair','clame') NOT NULL,
  PRIMARY KEY (`id`)
) ENGINE=InnoDB DEFAULT CHARSET=utf8;

LOCK TABLES `tb_product_serial` WRITE;
/*!40000 ALTER TABLE `tb_product_serial` DISABLE KEYS */;

INSERT INTO `tb_product_serial` (`id`, `product_code`, `serial_no`, `product_start_date`, `product_expire_date`, `bill_sale_id`, `clame_date`, `clame_status`, `repair_date`, `repair_status`, `user_id`, `current_status`)
VALUES
	(4,857,'10012','2013-01-21','0000-00-00',1536,'0000-00-00 00:00:00','no','0000-00-00 00:00:00','no',0,'no'),
	(5,2001,'','2013-01-27','0000-00-00',1537,'0000-00-00 00:00:00','no','0000-00-00 00:00:00','no',0,'no'),
	(6,2001,'','2013-01-27','0000-00-00',1538,'0000-00-00 00:00:00','no','0000-00-00 00:00:00','no',0,'no'),
	(7,2001,'','2013-01-27','0000-00-00',1539,'0000-00-00 00:00:00','no','0000-00-00 00:00:00','no',0,'no'),
	(8,2001,'','2013-01-30','0000-00-00',1550,'0000-00-00 00:00:00','no','0000-00-00 00:00:00','no',0,'no'),
	(9,858,'','2013-01-30','0000-00-00',1550,'0000-00-00 00:00:00','no','0000-00-00 00:00:00','no',0,'no'),
	(10,3001,'','2013-01-30','0000-00-00',1550,'0000-00-00 00:00:00','no','0000-00-00 00:00:00','no',0,'no'),
	(11,2001,'','2013-01-30','0000-00-00',1551,'0000-00-00 00:00:00','no','0000-00-00 00:00:00','no',0,'no'),
	(12,858,'','2013-01-30','0000-00-00',1551,'0000-00-00 00:00:00','no','0000-00-00 00:00:00','no',0,'no'),
	(13,3001,'','2013-01-30','0000-00-00',1551,'0000-00-00 00:00:00','no','0000-00-00 00:00:00','no',0,'no'),
	(14,2001,'','2013-01-30','0000-00-00',1552,'0000-00-00 00:00:00','no','0000-00-00 00:00:00','no',0,'no'),
	(15,858,'','2013-01-30','0000-00-00',1552,'0000-00-00 00:00:00','no','0000-00-00 00:00:00','no',0,'no'),
	(16,3001,'','2013-01-30','0000-00-00',1552,'0000-00-00 00:00:00','no','0000-00-00 00:00:00','no',0,'no'),
	(17,857,'','2013-02-07','0000-00-00',1554,'0000-00-00 00:00:00','no','0000-00-00 00:00:00','no',0,'no'),
	(18,2001,'','2013-02-07','0000-00-00',1554,'0000-00-00 00:00:00','no','0000-00-00 00:00:00','no',0,'no'),
	(19,857,'','2013-02-07','0000-00-00',1554,'0000-00-00 00:00:00','no','0000-00-00 00:00:00','no',0,'no'),
	(20,2001,'','2013-02-07','0000-00-00',1554,'0000-00-00 00:00:00','no','0000-00-00 00:00:00','no',0,'no'),
	(21,2001,'','2013-02-15','0000-00-00',1555,'0000-00-00 00:00:00','no','0000-00-00 00:00:00','no',0,'no'),
	(22,2001,'','2013-03-18','0000-00-00',1556,'0000-00-00 00:00:00','no','0000-00-00 00:00:00','no',0,'no'),
	(23,2001,'','2013-03-18','0000-00-00',1556,'0000-00-00 00:00:00','no','0000-00-00 00:00:00','no',0,'no');

/*!40000 ALTER TABLE `tb_product_serial` ENABLE KEYS */;
UNLOCK TABLES;


# Dump of table tb_repair
# ------------------------------------------------------------

DROP TABLE IF EXISTS `tb_repair`;

CREATE TABLE `tb_repair` (
  `repair_id` int(11) NOT NULL AUTO_INCREMENT,
  `user_id` int(11) DEFAULT NULL,
  `branch_id` int(11) DEFAULT NULL,
  `product_code` varchar(255) DEFAULT NULL,
  `repair_date` date DEFAULT NULL,
  `repair_problem` varchar(1000) DEFAULT NULL,
  `repair_price` int(11) DEFAULT NULL,
  `repair_type` enum('internal','center','external') DEFAULT NULL,
  `repair_original` varchar(1000) DEFAULT NULL,
  `repair_detail` varchar(1000) DEFAULT NULL,
  `repair_created_date` datetime DEFAULT NULL,
  `repair_status` enum('wait','do','complete') DEFAULT NULL,
  `serial_no` varchar(50) NOT NULL,
  PRIMARY KEY (`repair_id`)
) ENGINE=InnoDB DEFAULT CHARSET=utf8;



# Dump of table tb_sale_per_day
# ------------------------------------------------------------

DROP TABLE IF EXISTS `tb_sale_per_day`;

CREATE TABLE `tb_sale_per_day` (
  `sale_year` int(4) DEFAULT NULL,
  `sale_month` int(2) DEFAULT NULL,
  `sale_day` int(2) DEFAULT NULL,
  `branch_id` int(11) DEFAULT NULL,
  `sale_total_price` int(11) DEFAULT NULL
) ENGINE=InnoDB DEFAULT CHARSET=utf8;

LOCK TABLES `tb_sale_per_day` WRITE;
/*!40000 ALTER TABLE `tb_sale_per_day` DISABLE KEYS */;

INSERT INTO `tb_sale_per_day` (`sale_year`, `sale_month`, `sale_day`, `branch_id`, `sale_total_price`)
VALUES
	(2012,4,1,1,13300),
	(2012,5,1,1,25900),
	(2012,6,1,1,30300),
	(2012,7,1,1,25200),
	(2012,4,2,1,12500),
	(2012,5,2,1,21000),
	(2012,6,2,1,7500),
	(2012,7,2,1,28980),
	(2012,4,3,1,11700),
	(2012,5,3,1,67270),
	(2012,6,3,1,6650),
	(2012,7,3,1,154290),
	(2012,4,4,1,1600),
	(2012,5,4,1,35140),
	(2012,7,4,1,40250),
	(2012,5,5,1,28250),
	(2012,7,5,1,23200),
	(2012,4,6,1,13040),
	(2012,5,6,1,7950),
	(2012,7,6,1,37070),
	(2012,4,7,1,18720),
	(2012,5,7,1,29810),
	(2012,7,7,1,58320),
	(2012,5,8,1,6250),
	(2012,6,8,1,20780),
	(2012,7,8,1,6500),
	(2012,4,9,1,12370),
	(2012,5,9,1,28530),
	(2012,6,9,1,19570),
	(2012,7,9,1,56000),
	(2012,5,10,1,19600),
	(2012,6,10,1,6000),
	(2012,7,10,1,38500),
	(2012,5,11,1,32350),
	(2012,7,11,1,116700),
	(2012,4,12,1,7820),
	(2012,5,12,1,43860),
	(2012,5,14,1,23950),
	(2012,4,15,1,15050),
	(2012,5,15,1,1860),
	(2012,5,16,1,20250),
	(2012,5,17,1,38550),
	(2012,6,17,1,2600),
	(2011,12,17,1,1750),
	(2012,5,18,1,54800),
	(2012,6,18,1,98230),
	(2012,3,19,1,99740),
	(2012,4,19,1,8500),
	(2012,5,19,1,63490),
	(2012,3,20,1,22040),
	(2012,5,20,1,51600),
	(2012,3,21,1,7280),
	(2012,4,21,1,1600),
	(2012,5,21,1,7800),
	(2012,3,22,1,60340),
	(2012,6,22,1,13970),
	(2012,3,23,1,1640),
	(2012,3,24,1,8700),
	(2012,5,24,1,23520),
	(2011,12,24,2,29190),
	(2012,3,25,1,7060),
	(2012,4,25,1,11820),
	(2012,5,25,1,114030),
	(2012,6,25,1,100800),
	(2012,3,26,1,13300),
	(2012,4,26,1,30530),
	(2012,5,26,1,15970),
	(2012,3,27,1,36780),
	(2012,4,27,1,32740),
	(2012,5,27,1,32230),
	(2012,6,27,1,21000),
	(2012,3,28,1,15360),
	(2012,4,28,1,26250),
	(2012,5,28,1,37990),
	(2012,6,28,1,106400),
	(2012,3,29,1,11700),
	(2012,4,29,1,42430),
	(2012,5,29,1,49070),
	(2012,6,29,1,62250),
	(2012,3,30,1,17200),
	(2012,4,30,1,18500),
	(2012,5,30,1,61490),
	(2012,6,30,1,80400),
	(2012,3,31,1,31100),
	(2012,5,31,1,76600),
	(2012,7,12,1,2800),
	(2012,7,13,1,500),
	(2012,7,14,1,500),
	(2012,7,15,1,2350),
	(2012,7,16,1,1700),
	(2012,7,17,1,1840),
	(2012,7,18,1,1250),
	(2012,7,19,1,2450),
	(2010,1,1,1,8210),
	(2012,7,20,1,3600),
	(2012,7,21,1,4400),
	(2012,7,22,1,2000),
	(2012,7,23,1,3280),
	(2012,7,24,1,400),
	(2012,7,27,1,500),
	(2012,8,2,1,7040),
	(2012,8,3,1,4700),
	(2012,8,12,1,8410),
	(2012,8,13,1,18250),
	(2012,8,14,1,3210),
	(2012,8,15,1,8210),
	(2012,8,16,1,2460),
	(2012,8,17,1,1250),
	(2012,8,21,1,800),
	(2012,8,22,1,2030),
	(2012,8,23,1,12660),
	(2012,8,24,1,7330),
	(2012,8,25,1,5330),
	(2012,8,26,1,3110),
	(2012,8,27,1,6050),
	(2012,8,28,1,7230),
	(2012,8,29,1,4340),
	(2012,8,30,1,5190),
	(2012,8,31,1,2930),
	(2012,9,1,1,5830),
	(2012,9,2,1,1130),
	(2013,2,3,2,950);

/*!40000 ALTER TABLE `tb_sale_per_day` ENABLE KEYS */;
UNLOCK TABLES;


# Dump of table tb_stock
# ------------------------------------------------------------

DROP TABLE IF EXISTS `tb_stock`;

CREATE TABLE `tb_stock` (
  `id` int(11) NOT NULL AUTO_INCREMENT,
  `product_code` varchar(255) COLLATE utf8_unicode_ci NOT NULL,
  `stock_qty` int(11) NOT NULL,
  `stock_created_date` datetime NOT NULL,
  `stock_pack_qty` int(11) NOT NULL,
  `branch_id` int(11) DEFAULT NULL,
  `stock_qty_from_manual` int(11) DEFAULT NULL,
  `stock_qty_real` int(11) DEFAULT NULL,
  PRIMARY KEY (`id`)
) ENGINE=MyISAM DEFAULT CHARSET=utf8 COLLATE=utf8_unicode_ci;

LOCK TABLES `tb_stock` WRITE;
/*!40000 ALTER TABLE `tb_stock` DISABLE KEYS */;

INSERT INTO `tb_stock` (`id`, `product_code`, `stock_qty`, `stock_created_date`, `stock_pack_qty`, `branch_id`, `stock_qty_from_manual`, `stock_qty_real`)
VALUES
	(1,'8851123389204',6,'2011-08-26 00:00:00',0,NULL,NULL,NULL),
	(2,'786',40,'2011-12-28 10:58:58',40,2,0,40),
	(3,'757',15,'2011-12-28 10:59:28',15,2,0,15),
	(4,'778',80,'2011-12-28 11:00:04',80,2,0,80),
	(5,'761',4,'2011-12-28 11:00:38',8,2,0,8),
	(6,'815',1,'2012-03-18 16:00:03',96,1,0,-1),
	(7,'818',302,'2012-03-18 16:00:32',606,1,0,-14),
	(8,'819',99,'2012-03-18 16:01:04',99,1,0,24),
	(9,'817',93,'2012-03-18 16:01:53',298,1,0,0),
	(10,'820',1,'2012-03-18 16:04:08',1,1,0,1),
	(11,'757',113,'2012-03-19 11:03:48',6,1,0,118),
	(13,'822',5,'2012-04-19 10:11:32',5,1,0,0),
	(14,'824',280,'2012-04-25 08:47:46',280,1,0,6),
	(15,'741',112,'2012-04-25 09:02:35',112,1,0,106),
	(16,'718',112,'2012-04-25 13:32:16',288,1,0,-50),
	(17,'725',98,'2012-05-01 12:47:20',98,1,0,3),
	(18,'827',198,'2012-05-16 14:53:16',563,1,0,55920),
	(19,'828',280,'2012-05-16 15:08:05',617,1,0,-16),
	(20,'790',270,'2012-05-24 12:07:43',543,1,0,-8),
	(21,'829',1,'2012-06-22 08:46:25',673,1,0,339),
	(22,'774',1,'2012-06-28 08:48:31',2371,1,0,1870),
	(23,'830',70,'2012-06-28 08:49:04',610,1,0,395),
	(24,'831',1,'2012-07-03 08:06:02',733,1,0,677),
	(25,'774',1870,'2012-07-06 00:00:00',2371,1,820,734),
	(26,'774',734,'2012-07-08 00:00:00',2371,1,764,763),
	(27,'830',395,'2012-07-08 00:00:00',610,1,405,405),
	(28,'774',763,'2012-07-08 00:00:00',2374,1,701,-184),
	(29,'830',405,'2012-07-08 00:00:00',610,1,135,-48),
	(30,'832',735,'2012-08-02 08:25:36',835,1,0,100),
	(31,'831',677,'2012-08-02 00:00:00',733,1,635,635),
	(32,'832',677,'2012-08-02 00:00:00',733,1,100,5),
	(33,'835',1,'2012-08-02 08:34:30',636,1,0,635),
	(34,'835',635,'2012-08-02 00:00:00',636,1,635,-6),
	(35,'837',690,'2012-08-12 09:21:03',690,1,0,689),
	(36,'838',628,'2012-08-12 09:21:21',628,1,0,457),
	(37,'839',149,'2012-08-12 09:21:38',149,1,0,142),
	(38,'840',50,'2012-08-12 09:22:22',50,1,0,30),
	(39,'841',50,'2012-08-12 09:22:37',50,1,0,10),
	(40,'842',200,'2012-08-12 09:23:02',200,1,0,100),
	(41,'843',5,'2012-08-12 09:23:54',5,1,0,3),
	(42,'838',457,'2012-08-12 00:00:00',1256,1,458,866),
	(43,'839',142,'2012-08-12 00:00:00',149,1,144,50),
	(44,'837',689,'2012-08-12 00:00:00',1380,1,690,1380),
	(45,'842',100,'2012-08-13 00:00:00',200,1,110,-10),
	(46,'838',866,'2012-08-13 00:00:00',1256,1,886,876),
	(47,'837',1380,'2012-08-13 00:00:00',1380,1,690,690),
	(48,'838',876,'2012-08-13 00:00:00',1256,1,268,118),
	(49,'838',118,'2012-08-13 00:00:00',1256,1,138,-32),
	(50,'839',50,'2012-08-13 00:00:00',149,1,60,-3),
	(51,'840',30,'2012-08-13 00:00:00',50,1,35,0),
	(52,'841',10,'2012-08-13 00:00:00',50,1,15,3),
	(53,'837',690,'2012-08-13 00:00:00',1380,1,628,-39),
	(54,'838',-32,'2012-08-13 00:00:00',1256,1,60,15),
	(55,'842',-10,'2012-08-16 00:00:00',200,1,0,0),
	(56,'837',-39,'2012-08-16 00:00:00',1380,1,90,0),
	(57,'838',15,'2012-08-16 00:00:00',1256,1,0,0),
	(58,'839',-3,'2012-08-16 00:00:00',149,1,6,0),
	(59,'849',100,'2012-08-22 14:41:00',500,1,0,0),
	(60,'850',50,'2012-08-22 14:41:28',50,1,0,-20),
	(61,'851',461,'2012-08-22 14:41:45',461,1,0,-39),
	(62,'852',939,'2012-08-22 14:42:14',939,1,0,253),
	(63,'853',200,'2012-08-22 14:42:29',200,1,0,26),
	(64,'853',26,'2012-08-25 00:00:00',500,1,22,14),
	(65,'854',56,'2012-08-25 15:34:14',56,1,0,-19),
	(66,'857',81,'2012-08-25 15:34:30',81,1,0,66),
	(67,'858',199,'2012-08-25 15:34:47',199,1,0,101),
	(68,'860',14,'2012-08-25 15:36:06',14,1,0,14),
	(69,'852',253,'2012-08-26 00:00:00',939,1,303,-96),
	(70,'850',-20,'2012-09-01 00:00:00',50,1,0,0),
	(71,'852',-96,'2012-09-01 00:00:00',939,1,0,0),
	(72,'854',-19,'2012-09-01 00:00:00',56,1,0,0),
	(73,'858',101,'2012-09-01 00:00:00',199,1,81,41);

/*!40000 ALTER TABLE `tb_stock` ENABLE KEYS */;
UNLOCK TABLES;


# Dump of table tb_user
# ------------------------------------------------------------

DROP TABLE IF EXISTS `tb_user`;

CREATE TABLE `tb_user` (
  `user_id` int(11) NOT NULL AUTO_INCREMENT,
  `user_name` varchar(255) COLLATE utf8_unicode_ci NOT NULL,
  `user_tel` varchar(50) COLLATE utf8_unicode_ci NOT NULL,
  `user_level` enum('cacheer','admin') COLLATE utf8_unicode_ci NOT NULL,
  `user_username` varchar(255) COLLATE utf8_unicode_ci NOT NULL,
  `user_password` varchar(255) COLLATE utf8_unicode_ci NOT NULL,
  `user_created_date` datetime NOT NULL,
  `branch_id` int(11) NOT NULL,
  PRIMARY KEY (`user_id`)
) ENGINE=MyISAM DEFAULT CHARSET=utf8 COLLATE=utf8_unicode_ci;

LOCK TABLES `tb_user` WRITE;
/*!40000 ALTER TABLE `tb_user` DISABLE KEYS */;

INSERT INTO `tb_user` (`user_id`, `user_name`, `user_tel`, `user_level`, `user_username`, `user_password`, `user_created_date`, `branch_id`)
VALUES
	(1,'ถาวร ศรีเสนพิลา','','cacheer','tavon','1234','2011-08-21 19:00:00',1),
	(2,'พนักงานขาย A001','0868776053','admin','admin','','2011-08-22 01:56:40',1),
	(8,'niwat thongchumnum','0824448555','admin','niwat','6441','2012-04-09 13:18:43',1),
	(5,'ต้นอ้อ','','admin','tonor','2227','2011-12-22 15:30:32',1),
	(6,'พนักงาน','','cacheer','cashier','1234','2012-03-19 11:25:04',1);

/*!40000 ALTER TABLE `tb_user` ENABLE KEYS */;
UNLOCK TABLES;



/*!40111 SET SQL_NOTES=@OLD_SQL_NOTES */;
/*!40101 SET SQL_MODE=@OLD_SQL_MODE */;
/*!40014 SET FOREIGN_KEY_CHECKS=@OLD_FOREIGN_KEY_CHECKS */;
/*!40101 SET CHARACTER_SET_CLIENT=@OLD_CHARACTER_SET_CLIENT */;
/*!40101 SET CHARACTER_SET_RESULTS=@OLD_CHARACTER_SET_RESULTS */;
/*!40101 SET COLLATION_CONNECTION=@OLD_COLLATION_CONNECTION */;
